route,t,DL_NW_single,Rival_single,treated,both,gap
ABQ-BDL,1,182.25821331185355,170.87727432250978,1,True,0.06447883123972264
ABQ-BDL,2,188.53527559778996,181.37593931422796,1,True,0.038713237787017185
ABQ-BDL,3,172.75964169827697,185.90219362909923,1,True,-0.0733194206018064
ABQ-BDL,4,174.15867770075084,187.0025970062652,1,True,-0.07115568003414019
ABQ-BDL,5,155.9209533208915,195.23115432202516,1,True,-0.22483509395605417
ABQ-BDL,6,186.07665701942577,210.14099583239843,1,True,-0.12161999082703279
ABQ-BDL,7,190.9593710899353,211.94608086230707,1,True,-0.104271218155505
ABQ-BDL,8,197.99074264808937,222.50126440398938,1,True,-0.11671250900576702
ABQ-BDL,9,214.61714338030134,176.0830031082093,1,True,0.1979002198471207
ABQ-BDL,10,211.00332641601562,215.12399366024047,1,True,-0.019340678233831454
ABQ-BDL,11,207.14331409430048,215.8774175828503,1,True,-0.041299843068871134
ABQ-BDL,12,213.15844984457527,208.286058645982,1,True,0.023123368320765003
ABQ-BDL,13,178.09497172606058,192.92672558488516,1,True,-0.0799934996055427
ABQ-BDL,14,216.2885887606832,218.68433731711954,1,True,-0.011015732883759455
ABQ-BDL,15,215.55593530687236,222.39606537599792,1,True,-0.03123943411272645
ABQ-BDL,16,224.25988631598693,242.66512890610903,1,True,-0.07887683648003208
ABQ-BDL,17,164.34959113888624,187.11688252238486,1,True,-0.12973764946418154
ABQ-BDL,18,205.10965246903268,188.78885822340396,1,True,0.08291548790573433
ABQ-BDL,19,238.88888794698832,208.0430987456749,1,True,0.13825327609737492
ABQ-BDL,20,215.99270652158418,227.27374297413746,1,True,-0.050910566123839374
ABQ-BDL,21,231.6543149594908,226.09821156093054,1,True,0.02427676944826551
ABQ-BDL,22,220.08197346671682,244.8802750815808,1,True,-0.10676933435006042
ABQ-BDL,23,268.4591064453125,249.42075631397017,1,True,0.0735573438288748
ABQ-BDL,24,226.84210205078125,234.5718342572793,1,True,-0.03350768066233112
ABQ-CMH,1,174.90511049145329,169.05699244682035,1,True,0.034007709617034365
ABQ-CMH,2,173.99052790781897,164.13905320929354,1,True,0.05828690642644929
ABQ-CMH,3,160.7777794731988,156.7373484783862,1,True,0.025451695046351475
ABQ-CMH,4,163.85427028330128,175.87212373777425,1,True,-0.07077972433139124
ABQ-CMH,5,156.56488235124195,168.67073189339987,1,True,-0.0744779746855544
ABQ-CMH,6,181.98824085908777,195.6980579830603,1,True,-0.07263087658908063
ABQ-CMH,7,160.12396372645355,197.80299076831847,1,True,-0.2113232506954219
ABQ-CMH,8,161.89473925138773,184.9951207975062,1,True,-0.13338308432211132
ABQ-CMH,9,155.01382375972062,177.8685122163238,1,True,-0.13753028341924356
ABQ-CMH,10,160.1691594669475,188.88520271924077,1,True,-0.1649089340912857
ABQ-CMH,11,175.95260938309946,182.0972514243257,1,True,-0.03432619893768152
ABQ-CMH,12,186.0886047942729,182.5911468664805,1,True,0.018973446915502734
ABQ-CMH,13,162.78947506094337,172.23602418129488,1,True,-0.05640796779775403
ABQ-CMH,14,200.89535345033158,184.84909210205078,1,True,0.08324436905231813
ABQ-CMH,15,234.06014796665735,214.613638270985,1,True,0.08673874468829901
ABQ-CMH,16,213.7473701878598,230.15457923480014,1,True,-0.07395636227920654
ABQ-CMH,17,124.83999694824219,167.3439498949962,1,True,-0.2930183816414349
ABQ-CMH,18,197.2533349609375,184.75199678548177,1,True,0.0654744990524403
ABQ-CMH,19,199.0370330810547,206.34721811082628,1,True,-0.036069371401150185
ABQ-CMH,20,180.5121932611233,188.58923210165656,1,True,-0.04377294654424979
ABQ-CMH,21,153.5,188.82499918256488,1,True,-0.20712008884319832
ABQ-CMH,22,204.3333282470703,195.45070272096447,1,True,0.04444443474343629
ABQ-CMH,23,176.0,192.2792222324388,1,True,-0.08846460300563308
ABQ-CMH,24,193.91378784179688,204.94642950564014,1,True,-0.05533495778020914
ABQ-IND,1,161.60294117647058,162.74901338465074,1,True,-0.007066872646802835
ABQ-IND,2,163.0533282470703,159.88533952182397,1,True,0.019620384114550582
ABQ-IND,3,167.580883250517,168.16313581951593,1,True,-0.0034684349959341887
ABQ-IND,4,166.27142922537666,161.59619317917597,1,True,0.028520980075664504
ABQ-IND,5,157.98412528870597,171.9083541911246,1,True,-0.08446695521890568
ABQ-IND,6,187.3934416223745,187.50990801287128,1,True,-0.000621314236625814
ABQ-IND,7,182.83333215958032,185.67164267354937,1,True,-0.015404767027866306
ABQ-IND,8,188.39361767058676,187.21217675949126,1,True,0.0062908763651616795
ABQ-IND,9,142.3365421295166,178.88498436681,1,True,-0.228548785341272
ABQ-IND,10,155.93295577917684,172.0845321545498,1,True,-0.0985596778730482
ABQ-IND,11,158.78658629626761,166.59030900862774,1,True,-0.047976482746694415
ABQ-IND,12,149.04724769892655,171.95892979758128,1,True,-0.142992313723469
ABQ-IND,13,146.61110743769893,169.97073271216416,1,True,-0.14784270816058154
ABQ-IND,14,159.25409923616002,166.854772311853,1,True,-0.04662277218942368
ABQ-IND,15,152.0776761249431,164.16350910083668,1,True,-0.07647152040136707
ABQ-IND,16,170.19684955266516,171.25195849781306,1,True,-0.006180207858924369
ABQ-IND,17,131.55128224690756,149.972790949469,1,True,-0.1310571293125431
ABQ-IND,18,164.4705857220818,164.09269192129534,1,True,0.0023002812129577777
ABQ-IND,19,150.22352977079504,161.76460803609856,1,True,-0.07401785841212494
ABQ-IND,20,181.58427017726254,176.32071300073298,1,True,0.0294152747044647
ABQ-IND,21,143.5454559326172,179.9775611192752,1,True,-0.226180431550131
ABQ-IND,22,227.4337406388248,205.7800044631958,1,True,0.10005128739344649
ABQ-IND,23,199.6716461181641,198.89999480474563,1,True,0.00387208821856877
ABQ-IND,24,185.63999938964844,193.46060747859454,1,True,-0.04126460173769164
ABQ-JFK,1,204.0338980464612,189.36619352958573,1,True,0.07460347456616923
ABQ-JFK,2,193.8000003051758,177.32247681260498,1,True,0.08885672321345695
ABQ-JFK,3,220.95161979429184,185.3701245196454,1,True,0.17558926311795542
ABQ-JFK,4,175.07792703207437,170.141790817033,1,True,0.02859901909213569
ABQ-JFK,5,178.12962878191914,184.9503113172069,1,True,-0.03757566469830298
ABQ-JFK,6,227.31034245984307,201.00000317065746,1,True,0.12301130735299637
ABQ-JFK,7,223.65151283957738,206.86486692686336,1,True,0.07802333086406321
ABQ-JFK,8,227.9387755102041,200.69444147745767,1,True,0.12729350468927958
ABQ-JFK,9,185.29999796549478,186.02758389176992,1,True,-0.0039188408993631185
ABQ-JFK,10,240.18571384974888,204.36420186360678,1,True,0.16150872647687908
ABQ-JFK,11,202.64285901128028,208.2118192024419,1,True,-0.02711080865929283
ABQ-JFK,12,183.8450691330601,216.46666501363117,1,True,-0.16334317603064008
ABQ-JFK,13,169.72727078524503,207.59348936003397,1,True,-0.201388930034458
ABQ-JFK,14,225.70192747849686,248.37012987012986,1,True,-0.09570486891922236
ABQ-JFK,15,211.31645086747181,228.27742171748991,1,True,-0.07720487412544941
ABQ-JFK,16,190.73417914668215,210.674423572629,1,True,-0.09943319908550219
ABQ-JFK,17,143.78823870490578,178.27777325665508,1,True,-0.21500120516824506
ABQ-JFK,18,156.8774189610635,181.47311434181788,1,True,-0.14564278294512611
ABQ-JFK,19,184.0530980203004,169.57142300075955,1,True,0.08195007947327415
ABQ-JFK,20,181.8333292643229,178.18604509220566,1,True,0.020262292626247458
ABQ-JFK,21,186.56197741800105,172.21738599694294,1,True,0.0800059515987428
ABQ-JFK,22,210.19737243652344,240.10416984558105,1,True,-0.13302591213394876
ABQ-JFK,23,186.86734008789065,188.34285932268415,1,True,-0.007865067864989861
ABQ-JFK,24,204.25,220.3269277719351,1,True,-0.07576774488138405
ANC-ATL,1,331.66840390220204,328.75714590890067,1,True,0.008816366512093055
ANC-ATL,2,300.8446041848162,269.2842137386924,1,True,0.1108264877832923
ANC-ATL,3,297.4982186495056,273.3053421719384,1,True,0.0848185975767679
ANC-ATL,4,292.8325547329215,321.00000957414215,1,True,-0.09184019285221545
ANC-ATL,5,293.6914202008929,356.13206625884436,1,True,-0.19277200971716457
ANC-ATL,6,321.52794670910566,313.8978530719716,1,True,0.024016841604241
ANC-ATL,7,338.8934409553236,334.68965938173494,1,True,0.012482011946732818
ANC-ATL,8,384.25580969522167,327.499992007301,1,True,0.15982047120545673
ANC-ATL,9,383.8478240966797,347.57970041468525,1,True,0.09925219021000586
ANC-ATL,10,356.7333299990054,335.41803103587665,1,True,0.06161092012126712
ANC-ATL,11,391.9582699240636,331.72395928700763,1,True,0.16685220470721251
ANC-ATL,12,448.7050309215519,395.47058249080885,1,True,0.1262893212484748
ANC-ATL,13,413.8251848554278,363.50000963712995,1,True,0.12966430236002324
ANC-ATL,14,403.6672995431082,358.2297425141206,1,True,0.11941650326255271
ANC-ATL,15,449.42255313270977,394.8172039729293,1,True,0.1295406604422462
ANC-ATL,16,508.60147271640056,408.0315789473684,1,True,0.22032017782203717
ANC-ATL,17,466.0,455.18182373046875,1,True,0.023488682404106065
ANC-ATL,18,406.14515587591353,378.05216409434445,1,True,0.07167843614420732
ANC-ATL,19,458.3049747836787,379.0923109788161,1,True,0.18975510630579695
ANC-ATL,20,497.5833435058594,370.0782659115999,1,True,0.29604855444298384
ANC-ATL,21,497.2276363217734,478.9870038713728,1,True,0.03737447675498906
ANC-ATL,22,420.56855840268344,379.0352484749277,1,True,0.10397830167056377
ANC-ATL,23,436.5047015696064,378.96069162693607,1,True,0.14136666260640762
ANC-ATL,24,529.75,370.1616709817669,1,True,0.3584653383450087
ANC-BOS,1,280.8674667542239,243.29999324253626,1,True,0.14358768749582396
ANC-BOS,2,334.5494552444626,277.4496640198983,1,True,0.1871451910903872
ANC-BOS,3,357.0579661493716,291.5751405620398,1,True,0.20260039410983577
ANC-BOS,4,329.6339304787772,268.95714220319473,1,True,0.2034306929067382
ANC-BOS,5,416.64151404038915,253.76315441466215,1,True,0.49582480443292276
ANC-BOS,6,298.408659861638,299.43570941743394,1,True,-0.003435845912197699
ANC-BOS,7,296.6987221546662,310.7425312029563,1,True,-0.04624747492927295
ANC-BOS,8,247.45562256581684,289.60130499546824,1,True,-0.15727390353352355
ANC-BOS,9,338.21849329331343,314.8160937079068,1,True,0.07170347766698804
ANC-BOS,10,343.56017357284105,312.6379401546785,1,True,0.09431649383696161
ANC-BOS,11,358.5836003538038,332.68761798479494,1,True,0.07495786212978572
ANC-BOS,12,403.76634858033367,322.0540553737331,1,True,0.2261169602702866
ANC-BOS,13,407.5740667272497,381.7722760191058,1,True,0.06539838023348121
ANC-BOS,14,420.0344914779287,366.2393218907196,1,True,0.13704982581296488
ANC-BOS,15,460.1403443185907,400.2595275878906,1,True,0.1394183836097973
ANC-BOS,16,416.50746815240205,388.6686873838126,1,True,0.06917711485467315
ANC-BOS,17,463.2954573197798,427.46052430805406,1,True,0.08050304401006692
ANC-BOS,18,439.58016035939,358.8108207084037,1,True,0.2030248026103667
ANC-BOS,19,448.5240627023625,385.21534535455845,1,True,0.15215981507041043
ANC-BOS,20,469.41462298137384,381.51784569876537,1,True,0.20732880808040477
ANC-BOS,21,474.5384521484375,413.13748931884766,1,True,0.13856221047985695
ANC-BOS,22,405.3375854492187,349.15986674821295,1,True,0.14919037598869878
ANC-BOS,23,415.6071472167969,365.91999704461347,1,True,0.12732573422483817
ANC-BOS,24,430.058837890625,378.6229389795189,1,True,0.1273812057328625
ANC-BWI,1,379.5848941443102,288.5861984779095,1,True,0.2740844489291998
ANC-BWI,2,349.6162139067779,323.68548780871976,1,True,0.07706369345575848
ANC-BWI,3,359.0975622161617,321.0614494451597,1,True,0.11196157651302219
ANC-BWI,4,338.41974027657216,408.8727272727273,1,True,-0.18911696717257254
ANC-BWI,5,425.4459451211465,392.08822901108687,1,True,0.08165101297718014
ANC-BWI,6,428.41818181818184,371.3095227196103,1,True,0.1430637710686904
ANC-BWI,7,395.65999908447264,427.51363677978514,1,True,-0.07743093248211697
ANC-BWI,8,502.3750144958496,458.631576805784,1,True,0.09109965878256698
ANC-BWI,9,412.2096843104209,405.45000076293945,1,True,0.016534599110962667
ANC-BWI,10,468.17647978838755,370.7095007869784,1,True,0.23342657925765486
ANC-BWI,11,416.9901029379061,384.03669948752867,1,True,0.08232436795213083
ANC-BWI,12,509.11999938964834,484.41304745881456,1,True,0.049745797335440045
ANC-BWI,13,567.7733317057292,455.93548190209174,1,True,0.2193709627282674
ANC-BWI,14,510.8491384836548,475.5675626187711,1,True,0.07156535918070261
ANC-BWI,15,546.2361031991464,523.5359921875,1,True,0.042445524786561606
ANC-BWI,16,564.9491597838321,662.9999912806919,1,True,-0.16003923262029485
ANC-BWI,17,514.0270323882232,436.49999237060547,1,True,0.1634874984661412
ANC-BWI,18,528.0719450806542,420.7499936421712,1,True,0.2271937160860018
ANC-BWI,19,490.47196946188666,383.2857142857143,1,True,0.24658742913546927
ANC-BWI,20,550.8591446137764,608.4166768391927,1,True,-0.09938083042493151
ANC-BWI,21,552.3599853515625,452.1428527832031,1,True,0.20020180521666298
ANC-BWI,22,483.8709716796875,475.70587936102174,1,True,0.01701852098704748
ANC-BWI,23,428.77778598718476,448.8888871934679,1,True,-0.045836586494584886
ANC-BWI,24,503.7907104492187,507.4705918255974,1,True,-0.007277837312177127
ANC-MCO,1,270.4220761385831,247.15093784383686,1,True,0.08998474898064046
ANC-MCO,2,275.83200219726564,263.3307127864968,1,True,0.046381287400765636
ANC-MCO,3,302.64310082843406,269.09448041940925,1,True,0.1174916799423249
ANC-MCO,4,307.21333353678386,255.05516085178732,1,True,0.1860625649405705
ANC-MCO,5,373.4358919583834,274.4123980992567,1,True,0.3081142710893001
ANC-MCO,6,394.97545825045535,296.71096222310126,1,True,0.2860651581827005
ANC-MCO,7,381.82234168657794,326.85255387129797,1,True,0.155446262690762
ANC-MCO,8,349.7714407784598,319.8102092510882,1,True,0.08955219106926204
ANC-MCO,9,373.2599880981445,311.1601200746686,1,True,0.18196756063659958
ANC-MCO,10,372.4578908819901,333.37816277131213,1,True,0.11084651723226191
ANC-MCO,11,425.15625286102295,345.542865465833,1,True,0.20734005171655312
ANC-MCO,12,395.87836683118667,309.38053511447964,1,True,0.24653498516415162
ANC-MCO,13,429.59224219461083,344.4328344544368,1,True,0.22093737867904917
ANC-MCO,14,367.72220916748046,348.4248705453823,1,True,0.053905159257889856
ANC-MCO,15,411.5944055944056,379.9755336098049,1,True,0.07993154660694035
ANC-MCO,16,390.29090381969104,392.2395905388726,1,True,-0.00498048513473659
ANC-MCO,17,377.1300862630208,367.50329971313477,1,True,0.025857886906495153
ANC-MCO,18,395.07614228689124,308.56175723318324,1,True,0.24715650277570322
ANC-MCO,19,408.19767299918243,327.8227870506576,1,True,0.21927837072420608
ANC-MCO,20,386.87378818549,347.33007670731297,1,True,0.10782295359992755
ANC-MCO,21,393.40252455225533,316.24221294891464,1,True,0.21832490654774706
ANC-MCO,22,390.0181749378551,335.43897046368943,1,True,0.15075330679630827
ANC-MCO,23,356.5423583984375,324.78946685791016,1,True,0.0932758720460356
ANC-MCO,24,405.7662448635349,372.2631679545479,1,True,0.08617619733256987
ANC-PHL,1,323.37681645932406,268.0769254244291,1,True,0.18754428319206262
ANC-PHL,2,328.8020866711934,289.1988613822243,1,True,0.12834145633784733
ANC-PHL,3,317.8797594892664,321.1330317226025,1,True,-0.010182269857276438
ANC-PHL,4,291.743125705544,290.4814780906395,1,True,0.004333893076426953
ANC-PHL,5,294.7745002297794,352.4594594594595,1,True,-0.17872494898084312
ANC-PHL,6,366.3548519011467,307.7729338933287,1,True,0.1742401209452611
ANC-PHL,7,313.7406346213921,317.78819757037695,1,True,-0.012818475309060773
ANC-PHL,8,277.24427189717767,431.1714303152902,1,True,-0.4416067955815315
ANC-PHL,9,296.24999098344284,321.97222391764325,1,True,-0.08326161868466819
ANC-PHL,10,324.4089328202185,329.6159936523438,1,True,-0.015923462989390735
ANC-PHL,11,331.736321216792,351.5338611374813,1,True,-0.05796559970161308
ANC-PHL,12,367.06086213485054,405.4545389811198,1,True,-0.09948108506503495
ANC-PHL,13,372.9901014271349,335.45763772220937,1,True,0.10605619922701948
ANC-PHL,14,379.5202983560598,337.6610198802194,1,True,0.1168655900296498
ANC-PHL,15,425.503178687612,410.8528196656859,1,True,0.03503737110285332
ANC-PHL,16,358.61616315745346,432.0833346048991,1,True,-0.18636584071995976
ANC-PHL,17,455.24998569488525,406.5,1,True,0.1132627581973038
ANC-PHL,18,380.5263173956619,364.36066574346825,1,True,0.043411123173902055
ANC-PHL,19,388.70989573612144,362.0958883207138,1,True,0.07092423446447071
ANC-PHL,20,439.31632403938136,384.4864889608847,1,True,0.13331106041294216
ANC-PHL,21,564.1129150390625,481.7692213792067,1,True,0.1577892298567214
ANC-PHL,22,467.2376098632813,439.61344742975314,1,True,0.060942116626379494
ANC-PHL,23,349.6210632324219,440.7130091372092,1,True,-0.23154399918362145
ANC-PHL,24,423.7454528808594,488.5833214653863,1,True,-0.1423770949132388
ATL-DTW,1,144.54509714089312,140.12131162549628,1,True,0.03108299078713994
ATL-DTW,2,144.67334414062026,124.98466199161085,1,True,0.14628737631469235
ATL-DTW,3,131.08612768326137,141.20484275036463,1,True,-0.0743570511720213
ATL-DTW,4,138.72135163706545,127.15992414972908,1,True,0.08702171707220874
ATL-DTW,5,153.03262754951297,137.91861353073793,1,True,0.10398739645658317
ATL-DTW,6,157.9661507857947,141.39036178010005,1,True,0.11085618620288695
ATL-DTW,7,151.3668097379797,129.59479316843783,1,True,0.1552934876906793
ATL-DTW,8,144.9392525630837,120.31642482168387,1,True,0.18618956095207118
ATL-DTW,9,158.5018638457228,142.8545747622256,1,True,0.10393919942638341
ATL-DTW,10,161.84921910457618,137.26992982087683,1,True,0.16471587753644013
ATL-DTW,11,159.13777772772667,131.37539799600466,1,True,0.1917114949344505
ATL-DTW,12,153.12477261818785,133.32513400635432,1,True,0.13846233475880432
ATL-DTW,13,161.10889277738684,153.6197151708541,1,True,0.04760032256184399
ATL-DTW,14,172.88317163375882,157.8946738428674,1,True,0.0906878684103658
ATL-DTW,15,157.01825173981243,145.2092331526094,1,True,0.07818636213697516
ATL-DTW,16,152.77172512977685,134.42423634709425,1,True,0.12794407285224096
ATL-DTW,17,166.49834074084936,111.19421384171372,1,True,0.4037069971852798
ATL-DTW,18,152.11896413426143,115.2461565103002,1,True,0.2775925413373894
ATL-DTW,19,149.30113320554162,106.33062709375811,1,True,0.33941193137658665
ATL-DTW,20,169.23336791992188,138.65722544118762,1,True,0.19927375414287063
ATL-DTW,21,181.45073122206566,125.42428495191129,1,True,0.3692818941800704
ATL-DTW,22,174.6231644188714,120.47277528618032,1,True,0.3712065097927022
ATL-DTW,23,162.7925630745973,114.04036769270898,1,True,0.35592428288244715
ATL-DTW,24,154.54787876434176,117.8588515532207,1,True,0.27101620804352233
ATL-GEG,1,215.74193827311197,231.02941355985755,1,True,-0.06846207063579968
ATL-GEG,2,242.10232316837755,268.87411989865603,1,True,-0.10488285450724
ATL-GEG,3,262.9947366814864,247.25974471847732,1,True,0.06169463722299007
ATL-GEG,4,313.62000732421876,242.36956671009892,1,True,0.25771838886940035
ATL-GEG,5,305.4499908447266,262.27082602183026,1,True,0.15240841214202305
ATL-GEG,6,293.5565193507982,274.877105627646,1,True,0.06574608176365793
ATL-GEG,7,313.7600036621094,289.06666775173613,1,True,0.0819710283487538
ATL-GEG,8,324.91177517760036,289.8541728125678,1,True,0.11417574034812361
ATL-GEG,9,258.57798165137615,296.7692413330078,1,True,-0.137757553313536
ATL-GEG,10,396.76405454485604,279.8956548276155,1,True,0.34892491057891295
ATL-GEG,11,343.2519149197877,284.0545455932617,1,True,0.18929834175509264
ATL-GEG,12,308.0620266226835,268.8862493433659,1,True,0.13601272256217545
ATL-GEG,13,336.7118563894498,299.0594086599822,1,True,0.11858529423420805
ATL-GEG,14,343.2196925770153,297.4499994913737,1,True,0.14312460334737676
ATL-GEG,15,291.6927821147873,277.51063331982766,1,True,0.04984188163841541
ATL-GEG,16,281.83635808771305,286.69753896454233,1,True,-0.017101176807878815
ATL-GEG,17,285.00000932481555,303.53659094833745,1,True,-0.06301295350155289
ATL-GEG,18,320.8852461517834,278.2038837914328,1,True,0.14272933077079575
ATL-GEG,19,292.1688232421875,232.5149274228224,1,True,0.2283773700499081
ATL-GEG,20,272.43334503173827,242.26495661287225,1,True,0.11736198952537613
ATL-GEG,21,241.55484008789068,219.5211297693387,1,True,0.09564803735461691
ATL-GEG,22,235.1199951171875,219.03314740091398,1,True,0.07087292498526487
ATL-GEG,23,242.36630249023443,237.79831714790407,1,True,0.019027320924462465
ATL-GEG,24,199.87136840820312,199.180788115593,1,True,0.0034611063777338913
ATL-MEM,1,138.6578430718728,107.7676411824054,1,True,0.2520318990220973
ATL-MEM,2,149.25364186786547,109.97699608125515,1,True,0.3053759357113659
ATL-MEM,3,146.95435676224736,110.31121747680163,1,True,0.2868164195607701
ATL-MEM,4,145.2890850735694,120.87985062544723,1,True,0.18392836558268222
ATL-MEM,5,151.5174672467292,106.65147944695363,1,True,0.3511345968575421
ATL-MEM,6,159.54540350765836,128.03991210334075,1,True,0.21998651458322538
ATL-MEM,7,157.98170324186,135.87238922694442,1,True,0.15076309331899385
ATL-MEM,8,137.09378885246488,113.24156213357224,1,True,0.19114202672657932
ATL-MEM,9,157.51677957778267,140.4201476454197,1,True,0.11489300654849544
ATL-MEM,10,159.79648270332308,136.4523623675133,1,True,0.15792546240446637
ATL-MEM,11,159.62899315208404,137.35276533405903,1,True,0.15029978404835553
ATL-MEM,12,142.403712433194,127.3613905432366,1,True,0.11163742884931338
ATL-MEM,13,140.91629343961193,126.05831844943239,1,True,0.11142140583272653
ATL-MEM,14,168.4642668977331,158.45496236186014,1,True,0.061253257611650014
ATL-MEM,15,139.70627774300212,122.78770679509367,1,True,0.12908529939881852
ATL-MEM,16,139.22648283601538,124.95561407796197,1,True,0.1081433931962188
ATL-MEM,17,146.1919590950012,123.79675834890415,1,True,0.16627937112602975
ATL-MEM,18,134.44613647460938,119.3965236812873,1,True,0.11871356088614338
ATL-MEM,19,132.9197455940212,117.37345773122608,1,True,0.12438473173435316
ATL-MEM,20,146.38096618652344,129.54508777133125,1,True,0.12218359202620732
ATL-MEM,21,162.21087646484375,137.93145141464834,1,True,0.16214036245281171
ATL-MEM,22,151.6170654296875,126.21559731860023,1,True,0.1833665011350698
ATL-MEM,23,148.9374542236328,114.54043947247897,1,True,0.2625985037004934
ATL-MEM,24,135.44525208206363,108.20366880084397,1,True,0.22455224157341913
ATL-MSP,1,157.02947141494383,137.83667693479697,1,True,0.13036401995563285
ATL-MSP,2,163.7129033595432,140.07235290091813,1,True,0.1559552089351266
ATL-MSP,3,157.7480402208932,132.95445429103702,1,True,0.1709924573886097
ATL-MSP,4,153.8519608292068,131.35868405796646,1,True,0.15805921893323394
ATL-MSP,5,159.4667699723397,148.23266878995028,1,True,0.07305243603952505
ATL-MSP,6,166.412550996238,159.58409447992523,1,True,0.04189893080037432
ATL-MSP,7,157.89772065675857,144.81737754989405,1,True,0.08647400234345959
ATL-MSP,8,143.38894724444782,127.6263898092866,1,True,0.11645368258216582
ATL-MSP,9,166.31012314069062,156.58081863660138,1,True,0.060281967412112
ATL-MSP,10,168.67626762273193,151.60677622072205,1,True,0.10669113142852549
ATL-MSP,11,171.50869998916662,145.87092136415706,1,True,0.16191186370342336
ATL-MSP,12,159.4306463771299,135.64245633285418,1,True,0.16158658241097168
ATL-MSP,13,177.05047955449663,159.6031726792602,1,True,0.10374432337568873
ATL-MSP,14,185.96055526128578,168.98580306653636,1,True,0.09571987686483041
ATL-MSP,15,182.28498049640038,161.1799477226034,1,True,0.12304986079674851
ATL-MSP,16,163.92754627622293,150.88213911996633,1,True,0.08292554279813746
ATL-MSP,17,174.93241311040342,121.19803414186102,1,True,0.36697383497519365
ATL-MSP,18,149.34664029787422,112.61482297007323,1,True,0.2822966991547604
ATL-MSP,19,164.0334462731452,116.51136489560349,1,True,0.3420815267212767
ATL-MSP,20,183.9804342978809,136.87683860940606,1,True,0.2957478833740481
ATL-MSP,21,201.44916197311048,143.14259364993075,1,True,0.3416957598352166
ATL-MSP,22,214.251021849723,133.16541595239985,1,True,0.4755562424964701
ATL-MSP,23,199.62677597187624,127.47368482341399,1,True,0.4485395532814449
ATL-MSP,24,177.81805092947823,124.92500910125486,1,True,0.35304721163043773
BDL-COS,1,231.94595336914062,198.6153799203726,1,True,0.15513419460489253
BDL-COS,2,241.65956862429354,233.15385143573468,1,True,0.03583145229504492
BDL-COS,3,215.87058949190026,235.44117467543657,1,True,-0.08678198777427859
BDL-COS,4,239.3194474114312,228.7142813546317,1,True,0.04532571464481627
BDL-COS,5,215.10638882251496,146.55555809868707,1,True,0.3837281447376677
BDL-COS,6,173.20588594324448,193.1153822678786,1,True,-0.10880686680030838
BDL-COS,7,199.175,188.17142639160156,1,True,0.05683044540379534
BDL-COS,8,215.58227249338657,229.11764855478324,1,True,-0.06089300918024243
BDL-COS,9,192.82353434843176,217.4883759964344,1,True,-0.12036996455646598
BDL-COS,10,178.6635556800343,200.47414292960332,1,True,-0.11518081547308245
BDL-COS,11,207.1836700439453,218.5499967956543,1,True,-0.05340911189724462
BDL-COS,12,178.28409038890493,233.14285520523313,1,True,-0.26827308672083916
BDL-COS,13,161.8369598388672,198.37930613550645,1,True,-0.2035914779550323
BDL-COS,14,191.5462962962963,194.9782571101534,1,True,-0.0177585148288939
BDL-COS,15,171.04166984558105,190.54285845075336,1,True,-0.10796993788274811
BDL-COS,16,161.1904754638672,198.65000101725263,1,True,-0.20895774426625024
BDL-COS,17,161.45833778381348,181.74193499165196,1,True,-0.11834060223906562
BDL-COS,18,155.53488088208576,194.05127676939352,1,True,-0.22125241656419803
BDL-COS,19,179.73529411764707,167.41509448357348,1,True,0.07100885613569385
BDL-COS,20,186.84848484848484,225.33898615433,1,True,-0.18730782656429135
BDL-COS,21,210.03846740722656,217.92857142857142,1,True,-0.036876663029357104
BDL-COS,22,266.75,202.40908882834694,1,True,0.27602104849836984
BDL-COS,23,174.2954559326172,191.24675602107854,1,True,-0.09281262877621721
BDL-COS,24,190.3529357910156,214.35,1,True,-0.11873028721376588
BDL-HNL,1,318.19851976282456,336.28024564123456,1,True,-0.05526941274850028
BDL-HNL,2,333.089423947218,356.76974005448193,1,True,-0.06867959353303554
BDL-HNL,3,315.8206578130307,389.2865402489378,1,True,-0.20914116587058995
BDL-HNL,4,339.43312412917993,347.50640380076874,1,True,-0.023506148862937337
BDL-HNL,5,384.0652165067369,384.90728901237844,1,True,-0.002190124708469021
BDL-HNL,6,349.90769653320314,406.976001953125,1,True,-0.15108482493278697
BDL-HNL,7,362.40140372262874,399.0632930707328,1,True,-0.09636758599139572
BDL-HNL,8,339.81730446448694,380.123970977531,1,True,-0.11208930554937879
BDL-HNL,9,317.3636454432464,357.4553555079869,1,True,-0.11896221172185495
BDL-HNL,10,374.9640390958717,420.9838680144279,1,True,-0.1157643890649247
BDL-HNL,11,445.0258631212958,453.4822692871094,1,True,-0.018823771447197934
BDL-HNL,12,412.8611030578613,437.93517586036967,1,True,-0.0589596749176966
BDL-HNL,13,405.363637750799,485.51471261417163,1,True,-0.1804250560667624
BDL-HNL,14,402.8725448309207,458.81818058514835,1,True,-0.13003376485864937
BDL-HNL,15,463.5802408854167,517.3451319331616,1,True,-0.10973072887047497
BDL-HNL,16,459.21794363168567,466.4680847817279,1,True,-0.01566468366507401
BDL-HNL,17,423.93650599888394,418.5730398799596,1,True,0.012732291524718775
BDL-HNL,18,480.3500061035156,371.6428698585147,1,True,0.2565816516723718
BDL-HNL,19,532.5263061523438,485.34850149443656,1,True,0.09276510490908851
BDL-HNL,20,429.6000061035156,455.5901679367316,1,True,-0.058739093465577596
BDL-HNL,21,492.2972841005068,429.4067853507349,1,True,0.13667808273741944
BDL-HNL,22,483.38180541992193,479.9999996185303,1,True,0.007020725686590623
BDL-HNL,23,510.3333435058594,512.9857038225447,1,True,-0.005183850067469464
BDL-HNL,24,491.8148193359375,431.45122100085746,1,True,0.13094780323454547
BDL-MEM,1,281.82666870117185,296.23077157827527,1,True,-0.049846552310437
BDL-MEM,2,256.4144740857576,198.94117422664866,1,True,0.25378600052281186
BDL-MEM,3,320.48413521902904,271.2045412930575,1,True,0.16695947393198907
BDL-MEM,4,280.41378310631063,278.6521752398947,1,True,0.006301988773633305
BDL-MEM,5,297.9732687231054,321.92307927058295,1,True,-0.077308852543716
BDL-MEM,6,284.8206364242485,301.42104700991985,1,True,-0.056648478309323735
BDL-MEM,7,315.1783480310136,244.75862068965517,1,True,0.25286615960929026
BDL-MEM,8,281.67358912334544,321.91836236447705,1,True,-0.13354906521356824
BDL-MEM,9,277.0326040516729,276.3478310626486,1,True,0.0024748736857764797
BDL-MEM,10,293.84496857399165,291.08108190588047,1,True,0.009450450142447053
BDL-MEM,11,303.2017559921532,376.5128283378405,1,True,-0.21655367398766234
BDL-MEM,12,286.43,243.53845919095554,1,True,0.16221930486382874
BDL-MEM,13,375.0563444755447,343.4489783462213,1,True,0.08803770064284322
BDL-MEM,14,404.2439013225276,403.1463384860899,1,True,0.002718793114916629
BDL-MEM,15,429.8478247601053,339.7233958142869,1,True,0.2352995053620779
BDL-MEM,16,306.8620782611014,197.07142857142858,1,True,0.4428321455607458
BDL-MEM,17,209.28846388596756,208.20689707788927,1,True,0.005181227523803678
BDL-MEM,18,257.83653552715595,211.43749841054282,1,True,0.1983963618713247
BDL-MEM,19,322.74998692103793,301.2608649212381,1,True,0.06890143892015477
BDL-MEM,20,245.42999969482423,479.5555487738715,1,True,-0.6698479619499205
BDL-MEM,21,351.00001387162644,309.79999389648435,1,True,0.12485935470487064
BDL-MEM,22,248.09301651355833,207.99999872843424,1,True,0.17626566884399963
BDL-MEM,23,235.8909132061583,222.4461526724008,1,True,0.058684404130173284
BDL-MEM,24,207.79617309570312,219.28169293470785,1,True,-0.053799510180108534
BDL-PDX,1,207.43655116666997,215.77869127617507,1,True,-0.03942778961955007
BDL-PDX,2,230.05447067082625,223.98097522566232,1,True,0.0267549936674083
BDL-PDX,3,231.65280443219285,211.57536493978392,1,True,0.09065844769640119
BDL-PDX,4,196.16039557206003,191.39913225484256,1,True,0.024571723989605054
BDL-PDX,5,183.65957944612975,183.35034428810587,1,True,0.0016851600526601729
BDL-PDX,6,224.38518819926696,236.1814442742731,1,True,-0.051236176068680805
BDL-PDX,7,240.2348473674119,245.08540040958002,1,True,-0.019989747317094242
BDL-PDX,8,220.7127293812145,244.67316340004527,1,True,-0.1030613040956263
BDL-PDX,9,204.31413780332235,208.0481131117778,1,True,-0.01811066536968653
BDL-PDX,10,256.55311114971454,245.63133278420443,1,True,0.043503939570467054
BDL-PDX,11,257.3283980758102,267.7489641751491,1,True,-0.03969675798260042
BDL-PDX,12,231.07407059628738,258.5526323820415,1,True,-0.11236096906126125
BDL-PDX,13,196.3097024035098,223.84350714064738,1,True,-0.13125365239676423
BDL-PDX,14,241.68405315188542,246.87029515350213,1,True,-0.021231770192239097
BDL-PDX,15,238.30465063050735,257.83069264783643,1,True,-0.07875323968253678
BDL-PDX,16,224.32022831948956,247.79420829441236,1,True,-0.0995239747464467
BDL-PDX,17,183.46098976946894,205.52777625189887,1,True,-0.11357913396319397
BDL-PDX,18,245.08426040477968,218.98052066951604,1,True,0.11261929229133383
BDL-PDX,19,282.58333683013916,269.39523424421037,1,True,0.04779393115132802
BDL-PDX,20,232.8055525885688,285.7672131647829,1,True,-0.2049739725092623
BDL-PDX,21,261.1499938964844,248.0537181255246,1,True,0.05144960345633276
BDL-PDX,22,281.1710510253906,265.3905482885256,1,True,0.057760698463850346
BDL-PDX,23,256.6719970703125,293.84924571997357,1,True,-0.13526787239702287
BDL-PDX,24,277.7154541015625,271.26632307963956,1,True,0.02349596281583466
BDL-PHX,1,156.78581830564244,174.34111689386415,1,True,-0.10613316262824934
BDL-PHX,2,145.69909407182172,189.66638497007088,1,True,-0.26372316481972913
BDL-PHX,3,158.36245946146354,175.70741158112276,1,True,-0.10393372452042637
BDL-PHX,4,157.75679719123954,182.03742575079383,1,True,-0.14315771306141212
BDL-PHX,5,145.3943612971776,177.4772986507303,1,True,-0.1993929220879611
BDL-PHX,6,187.14311163668555,215.15145769879862,1,True,-0.13946860749949241
BDL-PHX,7,173.291142749384,205.0375471531127,1,True,-0.168220033147767
BDL-PHX,8,174.21064856417163,202.47249108870065,1,True,-0.1503388399107779
BDL-PHX,9,166.17757794464868,197.0662964357002,1,True,-0.17048323901505213
BDL-PHX,10,167.94364837719667,217.50488954177533,1,True,-0.25859283411883816
BDL-PHX,11,171.9324728668311,207.8054148099885,1,True,-0.18950033600692961
BDL-PHX,12,178.56582321038766,235.69304704854824,1,True,-0.2775730196228263
BDL-PHX,13,198.2754061085135,234.26309310308972,1,True,-0.166787809097384
BDL-PHX,14,204.17961602072114,217.15748489001567,1,True,-0.06162274999410666
BDL-PHX,15,222.23002644011768,240.6738446012929,1,True,-0.079729674423346
BDL-PHX,16,202.61133953703552,257.0624973096346,1,True,-0.2380296752023101
BDL-PHX,17,177.01491071807672,214.08873763534666,1,True,-0.1901566205500087
BDL-PHX,18,162.23357866941578,190.30492828802556,1,True,-0.15959053102177112
BDL-PHX,19,166.6703827482024,182.79966891824168,1,True,-0.09237274185431943
BDL-PHX,20,179.17671409813133,195.13846029950003,1,True,-0.08533681096485779
BDL-PHX,21,170.47860966847173,206.22860111731507,1,True,-0.19037543531034462
BDL-PHX,22,208.0270288599146,213.63703484573756,1,True,-0.026610458465103015
BDL-PHX,23,196.5010528564453,213.15210159696807,1,True,-0.08133821352855897
BDL-PHX,24,225.1808319091797,230.42480683409335,1,True,-0.02302081478988871
BDL-SAN,1,187.49889962332588,197.53966675123243,1,True,-0.05216643176704672
BDL-SAN,2,196.74766646055417,187.398425569309,1,True,0.04868505847339932
BDL-SAN,3,173.3921319216036,185.50932876175654,1,True,-0.06754948259477622
BDL-SAN,4,179.8187462591356,190.8455288963697,1,True,-0.05951497326576938
BDL-SAN,5,185.72569887890415,188.28324903313566,1,True,-0.013676624766397971
BDL-SAN,6,199.66616939538991,214.06814260567185,1,True,-0.06964756878986389
BDL-SAN,7,198.66427521902526,214.59647950293828,1,True,-0.07714308429964412
BDL-SAN,8,205.83372183091745,217.15157207128112,1,True,-0.05352693124853758
BDL-SAN,9,222.03746459257363,222.04023674056376,1,True,-1.2484968201498248e-05
BDL-SAN,10,225.66264864144077,228.4115845326184,1,True,-0.012108017914393088
BDL-SAN,11,216.7260670174073,235.38492584995288,1,True,-0.08258796434162008
BDL-SAN,12,223.1164485628195,238.27172894244427,1,True,-0.06571791462184606
BDL-SAN,13,213.4876674239504,203.34971345738003,1,True,0.04865184393629729
BDL-SAN,14,225.2304033203125,239.67420128315595,1,True,-0.06215661344198864
BDL-SAN,15,216.70403007868083,237.20472479992964,1,True,-0.09039108010917118
BDL-SAN,16,198.3426571826001,240.71535454528419,1,True,-0.19361900719151848
BDL-SAN,17,187.97429960019122,195.35665091892656,1,True,-0.03852161785879282
BDL-SAN,18,189.3774424323291,199.23475402902267,1,True,-0.05074172443701119
BDL-SAN,19,218.7384588623047,206.1631356516192,1,True,0.05920898833447641
BDL-SAN,20,227.67611694335938,226.51833151371963,1,True,0.005098203825714798
BDL-SAN,21,219.84307081681968,222.14417173853087,1,True,-0.010412615980992967
BDL-SAN,22,246.1087758917558,237.7047121628471,1,True,0.03474441846062515
BDL-SAN,23,251.9817657470703,242.6878283330793,1,True,0.037580766351147155
BDL-SAN,24,227.66090393066412,233.61163156475135,1,True,-0.025802783953455588
BDL-SAT,1,190.96091110776226,190.8243558646923,1,True,0.0007153510661952467
BDL-SAT,2,200.66379336653085,192.54054269770822,1,True,0.04132409479772203
BDL-SAT,3,178.8724120567585,179.27114848304467,1,True,-0.002226685804061823
BDL-SAT,4,183.05727141124035,187.08978612658004,1,True,-0.021789578927245756
BDL-SAT,5,179.20725475568227,185.8178238066116,1,True,-0.03622376799756033
BDL-SAT,6,182.43203957566936,190.2616566822941,1,True,-0.042022547422456924
BDL-SAT,7,180.2188863467761,216.80368279143102,1,True,-0.18482010908850377
BDL-SAT,8,203.0243832347839,211.93381079996166,1,True,-0.04294792642990686
BDL-SAT,9,185.00580871936887,200.56158090224994,1,True,-0.0807341131909105
BDL-SAT,10,238.23697311618318,230.76259172105674,1,True,0.031876423101595996
BDL-SAT,11,179.8899075569363,217.67429866256907,1,True,-0.19065486367410323
BDL-SAT,12,198.09691912277154,222.5208803219057,1,True,-0.1162645398944262
BDL-SAT,13,192.31081287280932,192.8447023638557,1,True,-0.0027723338333460745
BDL-SAT,14,209.31818225167015,225.24143860963014,1,True,-0.07331738997174586
BDL-SAT,15,204.6406273841858,235.4967098738018,1,True,-0.14044153892666777
BDL-SAT,16,219.26068219567975,236.44475922136675,1,True,-0.07545325282133053
BDL-SAT,17,177.60330906387202,173.25885313278323,1,True,0.024765725402930094
BDL-SAT,18,185.03911091895077,200.56102992671197,1,True,-0.0805513759846912
BDL-SAT,19,203.52857557024274,198.4233433005466,1,True,0.025403569822715966
BDL-SAT,20,197.11659856548224,228.07585943813982,1,True,-0.14588286590814814
BDL-SAT,21,193.95803833007812,202.45405256941513,1,True,-0.04287112150885353
BDL-SAT,22,201.13762153835472,219.21376129195073,1,True,-0.08605797467970788
BDL-SAT,23,215.82757959224907,201.3282637886379,1,True,0.0695431171984664
BDL-SAT,24,213.05599633789063,204.29423231727796,1,True,0.04199375477671463
BDL-SEA,1,203.1013724967225,204.78276910674705,1,True,-0.00824452810265619
BDL-SEA,2,215.7057895476412,215.49112941631986,1,True,0.0009956478797210622
BDL-SEA,3,216.26249364217122,216.85828976902224,1,True,-0.002751179465258602
BDL-SEA,4,205.03214413779122,205.23178836241462,1,True,-0.0009732478269075528
BDL-SEA,5,217.4837733355947,190.31971794927946,1,True,0.1334188583799376
BDL-SEA,6,239.7243428834727,230.9789134204454,1,True,0.037163269448594605
BDL-SEA,7,241.3682475737776,239.3575051994454,1,True,0.008365493585258399
BDL-SEA,8,209.8973159790039,253.61911541690648,1,True,-0.189215156368701
BDL-SEA,9,202.85148930313562,211.93035099162392,1,True,-0.04378355611562945
BDL-SEA,10,248.64373585534474,245.56677066021084,1,True,0.012452203720118682
BDL-SEA,11,249.5371241204423,271.88598442077637,1,True,-0.08577510530127164
BDL-SEA,12,224.99519778520633,245.8155175044619,1,True,-0.08850226695162178
BDL-SEA,13,200.82191450563195,208.87218492550957,1,True,-0.039303991661308046
BDL-SEA,14,251.6813472851767,261.625807879048,1,True,-0.0387514762258947
BDL-SEA,15,235.5402647495968,266.4861934092822,1,True,-0.12344056074527376
BDL-SEA,16,227.15887408390225,242.3171163180459,1,True,-0.06459760783528079
BDL-SEA,17,180.74167056613499,185.93209579844532,1,True,-0.028312753348783914
BDL-SEA,18,233.394447072347,206.84924625671488,1,True,0.12073967911726857
BDL-SEA,19,256.56756464327873,250.0460927526378,1,True,0.025746767961288164
BDL-SEA,20,232.34915109408104,235.55467654886112,1,True,-0.013701856731763051
BDL-SEA,21,211.48510527915147,220.13422977524317,1,True,-0.040082923843102414
BDL-SEA,22,268.23626708984375,247.93521925376655,1,True,0.07870068639768402
BDL-SEA,23,270.984130859375,272.55953278172325,1,True,-0.005796797715546198
BDL-SEA,24,254.06622071929326,249.93411598931644,1,True,0.016397597444695045
BDL-SFO,1,230.16346315237192,235.42363347833808,1,True,-0.022596821043928017
BDL-SFO,2,218.92639996678696,206.58262884094566,1,True,0.058035128088067545
BDL-SFO,3,186.04205830891928,196.387435170068,1,True,-0.054116650068980476
BDL-SFO,4,167.3489948929823,179.1407977258684,1,True,-0.06809065450150609
BDL-SFO,5,176.8559091881304,203.0485366295124,1,True,-0.13810971850631315
BDL-SFO,6,227.2650022506714,221.9950986500659,1,True,0.023461443907502044
BDL-SFO,7,231.10781120032956,243.40153420517927,1,True,-0.051828166962348377
BDL-SFO,8,273.55603961286874,256.78336661202565,1,True,0.06327370095138285
BDL-SFO,9,280.10047657067696,243.38437565607822,1,True,0.1405063972477576
BDL-SFO,10,257.9974608602403,264.53579515959086,1,True,-0.025026830311893455
BDL-SFO,11,256.0429585167787,270.1424188623593,1,True,-0.053604060091380745
BDL-SFO,12,230.05373261864506,273.78626786193513,1,True,-0.17403485597636603
BDL-SFO,13,244.224672964491,241.9205221716379,1,True,0.009479341027033072
BDL-SFO,14,292.68533455403644,292.0457036596387,1,True,0.0021877790222246674
BDL-SFO,15,220.1850586432915,292.7617564266129,1,True,-0.28489079184568755
BDL-SFO,16,202.36060310132575,265.3370975415361,1,True,-0.2709498140320479
BDL-SFO,17,161.69811480700096,202.8362609461734,1,True,-0.22666794931236556
BDL-SFO,18,199.36739584881326,215.43927113432864,1,True,-0.07752973247987871
BDL-SFO,19,221.51852120293512,229.8752142277375,1,True,-0.03703041169700416
BDL-SFO,20,204.30930825539895,250.75651139008974,1,True,-0.2048473316761692
BDL-SFO,21,194.58720947975337,217.89007421595448,1,True,-0.113110248543002
BDL-SFO,22,220.6687325740206,233.4570870776267,1,True,-0.056335649623981965
BDL-SFO,23,212.4425418389191,242.91661750900914,1,True,-0.13404668617640958
BDL-SFO,24,231.36029112572763,240.00848789026242,1,True,-0.036698091632928254
BDL-SJC,1,212.7596153846154,209.26302825783102,1,True,0.016570993011981727
BDL-SJC,2,211.63779683751383,209.24237028515066,1,True,0.011383061521375026
BDL-SJC,3,198.24242074148995,200.09760285644532,1,True,-0.009314632818036017
BDL-SJC,4,171.7696942878492,196.39789403011923,1,True,-0.13398808013078423
BDL-SJC,5,158.73333599384014,187.08372447878816,1,True,-0.1643305789958731
BDL-SJC,6,205.17874101279438,232.400770918712,1,True,-0.12458183555095825
BDL-SJC,7,198.77828012872067,236.25947601257445,1,True,-0.1727406423075859
BDL-SJC,8,193.61445691212117,235.376737834132,1,True,-0.19531852401976746
BDL-SJC,9,198.35483723302042,208.5254800395601,1,True,-0.05000370617320726
BDL-SJC,10,243.3571441027583,260.16788488234914,1,True,-0.0667970405556062
BDL-SJC,11,222.3304357777471,249.37811958766946,1,True,-0.11480557251192813
BDL-SJC,12,208.06930829038714,229.67245642423038,1,True,-0.09878295428935324
BDL-SJC,13,195.884958452883,209.90030326728015,1,True,-0.06910513140253283
BDL-SJC,14,209.9275382221609,231.58997544829558,1,True,-0.09820604577308778
BDL-SJC,15,244.15741475423178,256.28977434562916,1,True,-0.048495575652606426
BDL-SJC,16,220.77477271277624,250.22605217827692,1,True,-0.1252216641676842
BDL-SJC,17,187.34693908691406,192.5000007892477,1,True,-0.027133970661740392
BDL-SJC,18,234.62500381469727,214.01915767275054,1,True,0.09192297831507723
BDL-SJC,19,254.31944274902344,235.0222240871853,1,True,0.07891104520274705
BDL-SJC,20,253.47999938964844,251.31249222388635,1,True,0.00858776833194419
BDL-SJC,21,275.0,258.8203158378601,1,True,0.06063703797451048
BDL-SJC,22,381.8333435058594,292.7699589259188,1,True,0.26559706233994973
BDL-SJC,23,319.58929443359375,285.84090298739346,1,True,0.11160134378906061
BDL-SJC,24,325.79998779296875,291.66502628420375,1,True,0.11067768519483234
BDL-SLC,1,187.64782774552054,203.99575805664062,1,True,-0.08353225037034484
BDL-SLC,2,224.36482318294165,187.51530440972775,1,True,0.17941293632819466
BDL-SLC,3,201.72766711665136,190.13043340836992,1,True,0.059208276938679916
BDL-SLC,4,196.0586036148504,185.95215639543306,1,True,0.05292419562941486
BDL-SLC,5,191.01307568518945,220.23770535578493,1,True,-0.142365557156924
BDL-SLC,6,217.73202888638366,226.7827729643061,1,True,-0.040727530641045284
BDL-SLC,7,225.26826190522104,220.0445855499073,1,True,0.023461779733417565
BDL-SLC,8,235.77666514078777,221.41125382592668,1,True,0.0628631735480889
BDL-SLC,9,236.21488869565948,224.017123601208,1,True,0.05301944246973456
BDL-SLC,10,284.2636695199457,224.47213910681762,1,True,0.23615062374736517
BDL-SLC,11,290.34073129585244,236.61861733559732,1,True,0.20460553337465104
BDL-SLC,12,256.1058345154254,239.86234953722007,1,True,0.06552555991453168
BDL-SLC,13,272.4633361816406,237.7415704191401,1,True,0.13631981378210956
BDL-SLC,14,261.99999365342404,237.4664024383183,1,True,0.098318329487328
BDL-SLC,15,259.3984320958455,280.70817084998936,1,True,-0.07895036426421598
BDL-SLC,16,241.75224544765712,258.41667048136395,1,True,-0.06665986147930614
BDL-SLC,17,198.74213553374668,204.35246239333856,1,True,-0.027838076709435278
BDL-SLC,18,202.13999720255535,206.70345164331897,1,True,-0.022324652547502488
BDL-SLC,19,248.927484526889,233.1294158935547,1,True,0.06556789486088199
BDL-SLC,20,284.83893293342334,250.1496106245386,1,True,0.12986469154543023
BDL-SLC,21,232.08597699333637,239.01974326685854,1,True,-0.029438262827662598
BDL-SLC,22,246.48922767052284,234.543253809523,1,True,0.04967826930342323
BDL-SLC,23,238.2075958251953,233.857647607335,1,True,0.018429958164402294
BDL-SLC,24,230.748895451886,232.17322324016902,1,True,-0.006153658360288361
BDL-SMF,1,179.3510670763381,199.81679342721256,1,True,-0.10805576022214947
BDL-SMF,2,244.58571210588727,226.35410419064274,1,True,0.07746520247057997
BDL-SMF,3,192.8528102858242,222.314346000654,1,True,-0.1421650963635921
BDL-SMF,4,182.9477146123749,197.32859734154135,1,True,-0.0756699464523427
BDL-SMF,5,165.40336672999277,199.5247999146464,1,True,-0.18755140149214888
BDL-SMF,6,194.2675211718128,229.9243028800326,1,True,-0.16851395257635193
BDL-SMF,7,193.60587894215303,226.39708270748392,1,True,-0.15646591986019143
BDL-SMF,8,179.3794889009916,221.64223537478355,1,True,-0.21156091812634692
BDL-SMF,9,174.4814769603588,186.46666631454076,1,True,-0.06643390342738797
BDL-SMF,10,204.84397368735455,253.63510959482286,1,True,-0.2136480723674019
BDL-SMF,11,238.71033777697332,249.75970704366011,1,True,-0.045248442748755835
BDL-SMF,12,252.31249465942383,237.60653230332838,1,True,0.0600522974769504
BDL-SMF,13,222.29896891485785,221.59999546724208,1,True,0.0031492482812005562
BDL-SMF,14,268.2699978637695,260.135884570468,1,True,0.03078980063067327
BDL-SMF,15,225.2750045776367,267.15384787535055,1,True,-0.17050280328508904
BDL-SMF,16,209.76744079589844,257.93276567218686,1,True,-0.20669946050207422
BDL-SMF,17,173.83529124540442,220.26315938619743,1,True,-0.23671476166242478
BDL-SMF,18,214.66666303362166,243.01023505409424,1,True,-0.12401714150559684
BDL-SMF,19,270.0757550326261,249.55151986786814,1,True,0.07903710750838222
BDL-SMF,20,249.4590148925781,251.6770213820179,1,True,-0.008851971568484274
BDL-SMF,21,250.07843376608457,245.9662449832707,1,True,0.0165802927197376
BDL-SMF,22,264.813330078125,265.21951498636383,1,True,-0.0015326785558116285
BDL-SMF,23,250.90196228027344,271.74823181152345,1,True,-0.07981374499941296
BDL-SMF,24,298.7962951660156,269.83174821157303,1,True,0.10196344415421876
BHM-IND,1,191.9303515989389,220.28302145903965,1,True,-0.13778062661917279
BHM-IND,2,216.55434334796408,215.8769240159255,1,True,0.0031330754147642637
BHM-IND,3,215.96216191472234,231.3666666666667,1,True,-0.06890053765915738
BHM-IND,4,241.66666460466814,245.50649469549006,1,True,-0.015764044201938
BHM-IND,5,278.9130453358526,260.0408147695113,1,True,0.07006146920248657
BHM-IND,6,320.7142769949777,271.12500524520874,1,True,0.16797063544075996
BHM-IND,7,283.49461709299396,271.07575780695134,1,True,0.04479480474497333
BHM-IND,8,223.05208683013916,204.37499809265137,1,True,0.08744878509653731
BHM-IND,9,252.7792132489093,258.9230769230769,1,True,-0.024014584469613354
BHM-IND,10,264.9052625154194,255.64444376627605,1,True,0.03558467458834169
BHM-IND,11,227.03157862613077,232.97435467059796,1,True,-0.025839261020045967
BHM-IND,12,186.778522875485,226.05882352941177,1,True,-0.19087170122386432
BHM-IND,13,235.13636687307647,254.08772143983003,1,True,-0.07751393698437248
BHM-IND,14,243.54098085497247,256.3953509663427,1,True,-0.051435365364598695
BHM-IND,15,252.22999496459965,274.3043498163638,1,True,-0.08389690599272814
BHM-IND,16,230.85185354727287,283.0909118652344,1,True,-0.20399191124697857
BHM-IND,17,244.43243531923036,225.34375381469727,1,True,0.08131190151846379
BHM-IND,18,237.7857208251953,235.13333282470703,1,True,0.011217208490635677
BHM-IND,19,207.02777099609375,230.19047473725817,1,True,-0.10605417355867353
BHM-IND,20,175.8666732788086,174.04053713824297,1,True,0.010437925632899692
BHM-IND,21,212.0769195556641,197.29032479563068,1,True,0.07227266316772951
BHM-IND,22,241.88095092773443,206.50000416148794,1,True,0.15814523424661697
BHM-IND,23,191.1351318359375,205.6052615517064,1,True,-0.07297745004617706
BHM-IND,24,186.1290283203125,194.00000104512253,1,True,-0.04141803058959237
BHM-MCI,1,153.88372093023256,153.42379159466483,1,True,0.0029932862701178564
BHM-MCI,2,178.13281732797623,155.1850887975227,1,True,0.13791091101562447
BHM-MCI,3,160.47164538938608,153.3342157662389,1,True,0.04549730692683873
BHM-MCI,4,160.63362483320566,151.4662119547526,1,True,0.05876357299254753
BHM-MCI,5,165.07595380952085,163.134739219264,1,True,0.011829213780441883
BHM-MCI,6,191.2132339477539,162.1503306619482,1,True,0.1648653414437522
BHM-MCI,7,145.0187518119812,168.47897386289384,1,True,-0.1499479009093987
BHM-MCI,8,155.7160040283203,150.52886440056884,1,True,0.03387900531467469
BHM-MCI,9,147.57055186640267,143.09782235518745,1,True,0.030777910357810967
BHM-MCI,10,197.66455039495153,168.28235449697456,1,True,0.16092815383915848
BHM-MCI,11,179.34667205810547,171.89505225455406,1,True,0.042436518955267566
BHM-MCI,12,172.8214320591518,168.42397260580591,1,True,0.02577442998113444
BHM-MCI,13,179.69607843137254,159.86683344241962,1,True,0.116925792985068
BHM-MCI,14,159.19718632227938,164.46686303306382,1,True,-0.03256550998600183
BHM-MCI,15,180.55555725097656,178.5168043701172,1,True,0.011355787899533176
BHM-MCI,16,158.98347208322573,176.98308306768632,1,True,-0.10725390446234417
BHM-MCI,17,206.0425567626953,160.37092123965482,1,True,0.25059334371227315
BHM-MCI,18,155.47170070432267,155.08639730696544,1,True,0.002481362408659926
BHM-MCI,19,139.22413635253906,157.38580660597978,1,True,-0.12261503166995169
BHM-MCI,20,156.11538696289062,175.79520188222511,1,True,-0.11872429797656725
BHM-MCI,21,162.81818875399503,183.32293616212024,1,True,-0.11861510424639032
BHM-MCI,22,180.05404663085938,188.82935191863174,1,True,-0.047586642416773905
BHM-MCI,23,164.06666564941406,191.08938479290327,1,True,-0.15246845869695136
BHM-MCI,24,163.0877227783203,182.75110887315537,1,True,-0.11383693372103387
BHM-MIA,1,193.2631636770148,186.33333587646484,1,True,0.03651560435785406
BHM-MIA,2,193.02352393655215,181.95999755859376,1,True,0.059025197874512436
BHM-MIA,3,209.7597177997495,213.58333841959634,1,True,-0.01806442572379474
BHM-MIA,4,204.9276571070894,248.35714067731584,1,True,-0.19221076891883992
BHM-MIA,5,218.31984336945692,266.3333435058594,1,True,-0.19878753632866797
BHM-MIA,6,210.4781170469342,266.42857142857144,1,True,-0.23572449232576265
BHM-MIA,7,196.50820272476946,189.37142551967077,1,True,0.03699387364261941
BHM-MIA,8,206.97864920728148,200.99999530498798,1,True,0.029310759318685875
BHM-MIA,9,218.09166831970214,184.666663840965,1,True,0.16636308850687964
BHM-MIA,10,205.8499947940602,210.17856543404716,1,True,-0.020809758072125817
BHM-MIA,11,217.3521791541058,184.66666296756628,1,True,0.16296660535042573
BHM-MIA,12,234.99366827856142,215.71429007393974,1,True,0.08560376932171998
BHM-MIA,13,228.46456392543524,206.75,1,True,0.09987078311498898
BHM-MIA,14,247.34524536132812,307.6666666666667,1,True,-0.21823183065696217
BHM-MIA,15,225.27777574327257,278.0,1,True,-0.2102869140683845
BHM-MIA,16,242.99057208367114,525.0,1,True,-0.770375618013321
BHM-MIA,17,256.6896551724138,169.0,1,True,0.41796907285259355
BHM-MIA,20,234.97561645507812,360.0,1,True,-0.42662228245503897
BHM-MIA,21,250.11666870117188,268.57142857142856,1,True,-0.0711894229605683
BHM-MIA,22,199.9032287597656,158.13299994677405,1,True,0.2343969424998864
BHM-MIA,23,155.8378448486328,164.14619561803272,1,True,-0.05194145688392027
BHM-MIA,24,177.3508758544922,170.76641600671476,1,True,0.03783348534699371
BHM-SEA,1,196.72560715093846,168.00901134594068,1,True,0.1577922837803465
BHM-SEA,2,225.63320439754767,181.6512643830115,1,True,0.21682197221879473
BHM-SEA,3,224.81518156851087,182.7677171361728,1,True,0.20706260808264254
BHM-SEA,4,210.27916984558107,173.3344458130291,1,True,0.19321308705211937
BHM-SEA,5,191.38138810978379,177.48416703858527,1,True,0.07538682833061738
BHM-SEA,6,249.5473672967208,208.36712220338015,1,True,0.18034721156351186
BHM-SEA,7,237.17894897460937,227.77836182123752,1,True,0.04044185629993091
BHM-SEA,8,223.96059023100753,207.65318311570007,1,True,0.07560080071316388
BHM-SEA,9,174.76191057477678,198.14835064227765,1,True,-0.12559145923133297
BHM-SEA,10,213.18580586201435,221.9325118737718,1,True,-0.04020922164298035
BHM-SEA,11,256.4743055863814,230.06093080582158,1,True,0.10868429605459617
BHM-SEA,12,227.30286071777343,211.78538652533265,1,True,0.07070988221568086
BHM-SEA,13,199.6627864394077,182.90173516245935,1,True,0.08768083343498656
BHM-SEA,14,226.84926201315488,220.4887678596411,1,True,0.02843899873423794
BHM-SEA,15,225.1218729019165,248.1190459387643,1,True,-0.09726674203408958
BHM-SEA,16,233.41289751606604,220.56291325044947,1,True,0.056626002551846355
BHM-SEA,17,179.57594395891022,181.02072831386113,1,True,-0.008013341205145075
BHM-SEA,18,177.4188028971354,198.1102568797576,1,True,-0.11031067285038709
BHM-SEA,19,232.85185524269386,208.7395198616439,1,True,0.10931527872587044
BHM-SEA,20,213.89285278320312,216.72641351088038,1,True,-0.01316058916700591
BHM-SEA,21,199.232558849246,208.83739862209413,1,True,-0.04708317231188808
BHM-SEA,22,247.64474386917917,239.90230020983466,1,True,0.03176347677744573
BHM-SEA,23,264.52874755859375,250.4577920096261,1,True,0.05465952045782263
BHM-SEA,24,256.8863525390625,234.2581973466717,1,True,0.09220986455768099
BNA-BOI,1,231.06382751464844,177.30769426394733,1,True,0.2648073729402318
BNA-BOI,2,181.2857139224098,184.11475710008966,1,True,-0.015484926438270818
BNA-BOI,3,191.5899302530632,178.7611878807865,1,True,0.06930653890682059
BNA-BOI,4,174.94285292852493,185.43181384693492,1,True,-0.05822786823452741
BNA-BOI,5,184.99999839381167,198.60869731073794,1,True,-0.07098072736138406
BNA-BOI,6,214.7209359102471,193.77612270526032,1,True,0.10263572651025132
BNA-BOI,7,175.91177098891313,206.9999988424367,1,True,-0.16273621952793604
BNA-BOI,8,222.20000495910645,222.45454981419948,1,True,-0.0011449107185148577
BNA-BOI,9,166.18032811899656,192.52380564856148,1,True,-0.14714629907433263
BNA-BOI,10,231.90666463216147,237.92222425672742,1,True,-0.025608848328193545
BNA-BOI,11,190.44444444444446,238.19548757452714,1,True,-0.2237311910685662
BNA-BOI,12,175.56249904632568,220.216663869222,1,True,-0.2266167980566145
BNA-BOI,13,180.23076805701623,208.89333475748697,1,True,-0.1475856871410297
BNA-BOI,14,196.15624523162842,237.41227842632094,1,True,-0.19088669004351289
BNA-BOI,15,196.60317193894159,210.67914389543992,1,True,-0.06914898952149784
BNA-BOI,16,222.88235294117646,222.57310316297742,1,True,0.0013884657765137476
BNA-BOI,17,133.0,176.90441299887266,1,True,-0.2852604189238024
BNA-BOI,18,171.7272713401101,200.73205668618235,1,True,-0.15606338081780446
BNA-BOI,19,185.11111450195312,218.25263390792043,1,True,-0.16469699924506997
BNA-BOI,20,202.0,233.1147537648352,1,True,-0.14326314035198084
BNA-BOI,21,168.0,214.87603608438792,1,True,-0.24609730608865554
BNA-BOI,22,209.53334045410156,222.4177158210851,1,True,-0.059674346993550564
BNA-BOI,23,186.9729766845703,235.5902407762481,1,True,-0.23112993136436977
BNA-BOI,24,227.94000244140625,217.13083719984397,1,True,0.04858233888618457
BNA-EWR,1,215.10909146395596,228.78850519563758,1,True,-0.06165271711338871
BNA-EWR,2,206.86458524068198,221.2355927651337,1,True,-0.06716376270547819
BNA-EWR,3,194.80232824281205,250.33029156285133,1,True,-0.2507958690392833
BNA-EWR,4,280.6202465974832,265.55684211069695,1,True,0.05517340737902021
BNA-EWR,5,243.26471216538374,293.3160551823892,1,True,-0.18710051337829192
BNA-EWR,6,251.01818098588424,296.9583720137731,1,True,-0.1680665966940973
BNA-EWR,7,170.5124960899353,227.55079001806837,1,True,-0.28856488141248704
BNA-EWR,8,164.4670631271636,170.16144134075574,1,True,-0.034037315351989506
BNA-EWR,9,218.62264208523732,160.278225551113,1,True,0.31043593330347097
BNA-EWR,10,213.31944031185574,194.4754086166132,1,True,0.09248504080948106
BNA-EWR,11,192.21276379307957,193.3714243207659,1,True,-0.006009914570567432
BNA-EWR,12,191.69918525509718,183.79845162325128,1,True,0.04208761430045804
BNA-EWR,13,220.4285766601562,194.01676369778937,1,True,0.12762916089806797
BNA-EWR,14,212.1212158203125,224.54508809574315,1,True,-0.056918640850456725
BNA-EWR,15,240.54545974731445,244.25149513290313,1,True,-0.015289318724377665
BNA-EWR,16,237.42856924874442,218.99557758432573,1,True,0.08081528124537218
BNA-EWR,17,228.7142835344587,152.3448324269262,1,True,0.4063269686422739
BNA-EWR,18,209.50000169542102,191.40201062533126,1,True,0.0903477636566743
BNA-EWR,19,206.32000122070312,249.88596638462,1,True,-0.1915763118501168
BNA-EWR,20,224.6296273690683,262.29358554105147,1,True,-0.15501148659727448
BNA-EWR,21,240.4375057220459,267.03060129260865,1,True,-0.10490305910465825
BNA-EWR,22,270.6764831542969,266.54161366731927,1,True,0.015393938385935613
BNA-EWR,23,254.84375,281.2478104730009,1,True,-0.09858555624805287
BNA-EWR,24,243.74073791503903,251.50199199244233,1,True,-0.03134579909678692
BNA-GPT,1,153.9893684387207,90.0,1,True,0.537073893588059
BNA-GPT,2,161.26042111714682,229.0,1,True,-0.3507014228835166
BNA-GPT,3,157.54902439491423,280.5,1,True,-0.5768370491308197
BNA-GPT,4,193.015380859375,280.6666564941406,1,True,-0.3743978100286496
BNA-GPT,5,143.75788863332647,256.0,1,True,-0.5770468888585869
BNA-GPT,6,167.15887579516829,172.0,1,True,-0.02854976457838987
BNA-GPT,8,131.3131306966146,97.33333333333333,1,True,0.2994432680139001
BNA-GPT,9,138.64912735788445,271.2,1,True,-0.6709100778729109
BNA-GPT,10,173.43037839479084,277.5555589463976,1,True,-0.4702448839759139
BNA-GPT,11,136.9534894366597,238.9,1,True,-0.5564036793075573
BNA-GPT,12,159.9047604515439,177.3846212533804,1,True,-0.10374198562639858
BNA-GPT,13,152.42857469831193,213.43749618530273,1,True,-0.336647908195034
BNA-GPT,14,148.08107571988492,221.94444444444446,1,True,-0.40466716761448396
BNA-GPT,15,152.32142639160156,151.07407407407408,1,True,0.008222662126641467
BNA-GPT,16,165.04347693401834,141.23255991381268,1,True,0.15580104299444208
BNA-GPT,17,192.4705810546875,199.1785648890904,1,True,-0.034258417023229626
BNA-GPT,18,164.57142639160156,199.325004196167,1,True,-0.19159200048539748
BNA-GPT,19,191.1666717529297,179.46666463216147,1,True,0.06315619618173596
BNA-GPT,20,170.5999969482422,179.9838660455519,1,True,-0.05354559662346148
BNA-GPT,21,153.5,184.72463746001756,1,True,-0.1851657030525855
BNA-GPT,22,191.51111755371093,210.78571919032507,1,True,-0.09589620654958253
BNA-GPT,23,205.35483772523938,153.33333333333334,1,True,0.2921251977480219
BNA-GPT,24,189.9411773681641,185.3030321525805,1,True,0.024721934791593903
BOI-BOS,1,220.68131834596068,269.0559997558594,1,True,-0.19819987306409637
BOI-BOS,2,221.20175197668243,254.53278188236425,1,True,-0.1403544467180513
BOI-BOS,3,238.98611323038736,277.0232652767684,1,True,-0.14769604622431842
BOI-BOS,4,263.63248384915863,318.7307694655198,1,True,-0.18979073693039616
BOI-BOS,5,321.45455007842094,364.7452758213259,1,True,-0.1263430701492423
BOI-BOS,6,311.9108901826462,304.3161677192239,1,True,0.024650352279997456
BOI-BOS,7,339.5038790444071,300.8446477501138,1,True,0.12089136160883474
BOI-BOS,8,351.8478280772334,295.008060578377,1,True,0.17619609556686555
BOI-BOS,9,372.18749237060547,319.44029850746267,1,True,0.15282734182515156
BOI-BOS,10,314.6999918619792,281.6479853515625,1,True,0.11096176591686469
BOI-BOS,11,361.4691459749952,347.6641149156876,1,True,0.038939861298630696
BOI-BOS,12,322.0900895402238,320.90757328321956,1,True,0.003678139621756671
BOI-BOS,13,387.6000122070312,334.5892769949777,1,True,0.14707017070687112
BOI-BOS,14,361.23528738582837,345.6136363636364,1,True,0.04420801841543476
BOI-BOS,15,362.78261488762456,344.28220184887846,1,True,0.05234212254080273
BOI-BOS,16,308.0181690562855,293.3571341378348,1,True,0.04876801705739364
BOI-BOS,17,250.63635670055044,266.9540159729705,1,True,-0.06307330819490442
BOI-BOS,18,223.78377883498734,252.3458654647483,1,True,-0.12012031590097294
BOI-BOS,19,233.1904778858972,246.63636145653663,1,True,-0.056059409772903024
BOI-BOS,20,224.79999651227678,270.9421382935579,1,True,-0.18669418374616242
BOI-BOS,21,283.2608642578125,288.8840473562047,1,True,-0.019657132488331897
BOI-BOS,22,306.0555419921875,294.8789715615048,1,True,0.037201588995325885
BOI-BOS,23,282.9795837402344,294.8792485075177,1,True,-0.04119119266925342
BOI-BOS,24,285.9333190917969,258.32584415392927,1,True,0.10153688371435532
BOI-BWI,1,178.02963595920139,185.25454323508524,1,True,-0.039780758174927655
BOI-BWI,2,155.41450919512022,180.88112037498635,1,True,-0.15174422163501067
BOI-BWI,3,163.190036524122,189.07602316873115,1,True,-0.14723378321492397
BOI-BWI,4,159.2062512397766,171.55052445574503,1,True,-0.07467728723859501
BOI-BWI,5,142.0530660201092,184.07692128834708,1,True,-0.25915302857223566
BOI-BWI,6,171.03020108626194,214.70833888583712,1,True,-0.2274403883932683
BOI-BWI,7,207.18928522382464,219.35514051966206,1,True,-0.05705926576858911
BOI-BWI,8,201.8173887833305,242.55127608470428,1,True,-0.18384986318931684
BOI-BWI,9,219.8414619259718,225.2032953618647,1,True,-0.02409687023779572
BOI-BWI,10,200.9248089324263,229.1320775829771,1,True,-0.13136784213897634
BOI-BWI,11,218.37888350397904,234.54258285185517,1,True,-0.07140560944406449
BOI-BWI,12,194.28358516408434,232.03252268225197,1,True,-0.17755867491621302
BOI-BWI,13,184.6698141997715,233.17427335240535,1,True,-0.23321668595243494
BOI-BWI,14,205.83077392578124,222.54248645258886,1,True,-0.07806368833827015
BOI-BWI,15,213.0304563106014,265.71232416858413,1,True,-0.22097909260202186
BOI-BWI,16,216.04210189016243,247.9339168061244,1,True,-0.13768894131693976
BOI-BWI,17,216.34545759721232,222.14146028844323,1,True,-0.026437916619011403
BOI-BWI,18,197.31914374168883,211.22539474245102,1,True,-0.06810334794557349
BOI-BWI,19,237.2121158946644,235.11974534710635,1,True,0.00885980559922217
BOI-BWI,20,272.1944580078125,271.6492245659154,1,True,0.002005111549669536
BOI-BWI,21,311.30767822265625,270.87499516805013,1,True,0.1391243001513649
BOI-BWI,22,256.68890380859375,263.1131428071182,1,True,-0.02471927981341171
BOI-BWI,23,282.04998779296875,272.77995382369585,1,True,0.033418876687986376
BOI-BWI,24,333.4166564941406,267.7857159887041,1,True,0.21920583507910596
BOI-CLE,1,271.5384521484375,229.3043451723845,1,True,0.169053618473737
BOI-CLE,2,235.2765960693359,247.6041669845581,1,True,-0.05106954360256655
BOI-CLE,3,287.4324200604413,240.0235272575827,1,True,0.18025082316971464
BOI-CLE,4,263.7142900739397,250.1159504323766,1,True,0.05294167047024079
BOI-CLE,5,287.2272644042969,271.19046819777714,1,True,0.05745235575295027
BOI-CLE,6,354.05264442845396,221.253520482023,1,True,0.47013641960720776
BOI-CLE,7,261.69491758184915,280.4772685657848,1,True,-0.06931329413033627
BOI-CLE,8,304.39681861514134,282.6216141984269,1,True,0.07422322391401703
BOI-CLE,9,228.03846877660507,284.499994913737,1,True,-0.22121889826170893
BOI-CLE,10,221.26373140104525,255.6087016230044,1,True,-0.1442924210405634
BOI-CLE,11,240.19999675750734,226.04650772449583,1,True,0.060731131654001125
BOI-CLE,12,232.62857753208706,246.1034472235318,1,True,-0.05630887089794445
BOI-CLE,13,251.44444783528647,282.41666984558105,1,True,-0.11616145129239541
BOI-CLE,14,314.04347826086956,286.93332824707034,1,True,0.0902815591085746
BOI-CLE,15,281.77612259138874,309.21568806966144,1,True,-0.09292618891880178
BOI-CLE,16,252.22222730848523,305.2083269755046,1,True,-0.19068402940118112
BOI-CLE,18,195.61905125209265,227.8775507090043,1,True,-0.15263927449607184
BOI-CLE,19,296.2142769949777,280.4375,1,True,0.054732217459108945
BOI-CLE,20,225.33333333333334,206.50847793837724,1,True,0.08723932042485938
BOI-CLE,21,183.0,254.12857251848493,1,True,-0.32835417712331694
BOI-CLE,22,205.0,258.52173714015794,1,True,-0.23196980079180207
BOI-CLE,23,199.1999969482422,252.20000249689275,1,True,-0.23591310360083817
BOI-CLE,24,176.75,250.57142442975726,1,True,-0.34900770257122726
BOI-DCA,1,278.23699686568597,183.1826142684273,1,True,0.41798970976908123
BOI-DCA,2,236.6842070219049,251.10476335797992,1,True,-0.05914344314969444
BOI-DCA,3,255.95745083423367,271.24691433376734,1,True,-0.0580183060751569
BOI-DCA,4,277.1652998490767,283.84615091177136,1,True,-0.023818290674777032
BOI-DCA,5,256.91724464153424,295.04878793111664,1,True,-0.13838669772840717
BOI-DCA,6,309.8950492953077,316.36986343174766,1,True,-0.02067829354002626
BOI-DCA,7,290.3526031846945,301.3176574707031,1,True,-0.03706899124670482
BOI-DCA,8,292.7152405795672,266.98570469447543,1,True,0.09200514478835498
BOI-DCA,9,311.03225806451616,230.80850869036732,1,True,0.2983082304498996
BOI-DCA,10,305.31578858135737,283.1181944413619,1,True,0.07548215472179276
BOI-DCA,11,265.3450338798657,298.95917869100765,1,True,-0.1192760442119285
BOI-DCA,12,261.1989783462213,346.4473595870169,1,True,-0.2824484006955359
BOI-DCA,13,266.3750023841858,355.1481564368731,1,True,-0.28762994511886575
BOI-DCA,14,284.93846091245996,324.5999944777716,1,True,-0.13032040773788722
BOI-DCA,15,289.2115466778095,359.74998946416946,1,True,-0.2182509007215483
BOI-DCA,16,241.68711244548027,329.00000862453294,1,True,-0.30841381114916633
BOI-DCA,17,260.8360653236264,254.4732194628034,1,True,0.024696505365811916
BOI-DCA,18,201.9999990463257,240.05848774157073,1,True,-0.17261489989539847
BOI-DCA,19,221.92857251848494,223.96992446784685,1,True,-0.009156192383154682
BOI-DCA,20,242.28571810041154,277.2844911772629,1,True,-0.13492634005860626
BOI-DCA,21,306.2258108815839,307.9999998018339,1,True,-0.0057770084671711075
BOI-DCA,22,280.39999912806917,301.8888753255208,1,True,-0.07384183511094378
BOI-DCA,23,267.16129524477066,296.82499269757955,1,True,-0.10529013690568068
BOI-DCA,24,250.25,268.4606760432211,1,True,-0.07024402708799204
BOI-EWR,1,260.4509839824602,263.1281971075596,1,True,-0.010226672697245753
BOI-EWR,2,271.99999148346654,310.1944414774577,1,True,-0.13139729643954468
BOI-EWR,3,278.42400927734377,286.591838603117,1,True,-0.028913873414875724
BOI-EWR,4,308.46511556935866,292.1666633288066,1,True,0.05428435511205887
BOI-EWR,5,325.1355973583157,308.6363691850142,1,True,0.05207853278516428
BOI-EWR,6,340.85134104135875,380.9318251176314,1,True,-0.11117399021215224
BOI-EWR,7,352.6025644938151,339.83870475522934,1,True,0.036870435764547516
BOI-EWR,8,355.40384615384613,308.7285683768136,1,True,0.14079226633558317
BOI-EWR,9,449.258062547253,406.4318244240501,1,True,0.10018127085704531
BOI-EWR,10,307.78204658703925,343.8333399454752,1,True,-0.11076517154749244
BOI-EWR,11,363.3168298702429,342.9999939491009,1,True,0.057544833623139446
BOI-EWR,12,358.9733378092448,362.56000854492186,1,True,-0.009941883618481917
BOI-EWR,13,324.2131067494877,371.2727207993017,1,True,-0.13553585259105194
BOI-EWR,14,324.4877933409156,354.85999938964846,1,True,-0.08947542516190499
BOI-EWR,15,334.10957984401756,321.5689570985991,1,True,0.03825701632331224
BOI-EWR,16,274.1956508470618,290.6333292643229,1,True,-0.058220530006133586
BOI-EWR,17,294.4615478515625,337.957448107131,1,True,-0.13777156738353558
BOI-EWR,18,251.14999389648443,283.3090925736861,1,True,-0.1204881556400954
BOI-EWR,19,216.6065523741675,259.6710498207494,1,True,-0.18133305184176418
BOI-EWR,20,262.75,286.8783709551837,1,True,-0.08785532159501575
BOI-EWR,21,283.4762021019345,258.1249933242798,1,True,0.09368423858838337
BOI-EWR,22,255.0666656494141,289.6538476210374,1,True,-0.12716163623539067
BOI-EWR,23,291.28570556640625,302.0464995628179,1,True,-0.036276385999426175
BOI-EWR,24,243.82926568752382,328.71738201638925,1,True,-0.2987301107899105
BOI-IAD,1,219.29703393312965,262.48446986986244,1,True,-0.17976478770534055
BOI-IAD,2,232.4259226057265,268.3269151540903,1,True,-0.14363450797279587
BOI-IAD,3,243.88439279898054,279.49031470514115,1,True,-0.13627332676667425
BOI-IAD,4,260.11828711725053,283.1105137875206,1,True,-0.08470085148999917
BOI-IAD,5,261.3239483900473,293.6892755368335,1,True,-0.11676150324710477
BOI-IAD,6,269.2561978426847,302.7236788900275,1,True,-0.11715710388530542
BOI-IAD,7,285.06409552158453,298.81066298625876,1,True,-0.04709608710341495
BOI-IAD,8,266.8333341810438,266.5212063876065,1,True,0.001170432818427436
BOI-IAD,9,252.79592926648198,280.9261728581166,1,True,-0.10550934521393618
BOI-IAD,10,244.11881429842202,261.32394394852184,1,True,-0.06810575164792088
BOI-IAD,11,235.06817991083318,298.0257805106566,1,True,-0.23730439519868352
BOI-IAD,12,233.77894881399055,264.01290332425026,1,True,-0.12162197248597639
BOI-IAD,13,229.98113092386498,276.1337974440884,1,True,-0.18288825550433963
BOI-IAD,14,254.7471308214911,279.5913457136888,1,True,-0.09305764818043549
BOI-IAD,15,258.45237731933594,302.5246847647208,1,True,-0.15745142669749246
BOI-IAD,16,252.49206058562748,292.718085106383,1,True,-0.14783017396915277
BOI-IAD,17,308.1176398782169,270.2515241938866,1,True,0.13112856126289518
BOI-IAD,18,242.03334045410156,279.07587448646285,1,True,-0.14240820927492415
BOI-IAD,19,201.483877858808,258.1789492155376,1,True,-0.24794357854234672
BOI-IAD,20,237.3999995640346,257.48100705690024,1,True,-0.0811994780419818
BOI-IAD,21,270.3181915283203,281.51162790697674,1,True,-0.04057400140917533
BOI-IAD,22,234.9600067138672,280.06716030747145,1,True,-0.17561411718395448
BOI-IAD,23,259.92425537109375,269.6593747138977,1,True,-0.03676932433260571
BOI-IAD,24,215.29310607910156,264.52863530230417,1,True,-0.20594912366247176
BOI-PHL,1,163.88695612368377,237.46428898402624,1,True,-0.37084035177211394
BOI-PHL,2,182.05768790611853,245.59999418712798,1,True,-0.2993805692342857
BOI-PHL,3,186.7581263242646,222.40707505487762,1,True,-0.1746950366474449
BOI-PHL,4,197.91925115170687,227.46896225501752,1,True,-0.1391546743891494
BOI-PHL,5,225.7031260728836,205.33043186353598,1,True,0.09459999006333497
BOI-PHL,6,227.37981253403885,245.16339988957822,1,True,-0.0753031243254716
BOI-PHL,7,203.00478315581546,233.62879250266334,1,True,-0.1405039578270797
BOI-PHL,8,205.57894163203417,244.44133745758228,1,True,-0.1731452471619983
BOI-PHL,9,219.59835865458504,219.49193745274698,1,True,0.00048473493887346564
BOI-PHL,10,251.37194079887576,233.2795691541446,1,True,0.0746960762343516
BOI-PHL,11,224.73223318298005,262.92034344968545,1,True,-0.1569414909233764
BOI-PHL,12,218.8775544458506,226.11723822231951,1,True,-0.03254115662683521
BOI-PHL,13,180.7416287654895,262.76316191020766,1,True,-0.3741845553227634
BOI-PHL,14,173.14285750616165,279.7664146701785,1,True,-0.47983800200995397
BOI-PHL,15,189.39406508106296,266.8983062916556,1,True,-0.3430378656449147
BOI-PHL,16,175.04419653455196,255.87378596333625,1,True,-0.3796458056590257
BOI-PHL,17,190.05263286389803,210.72276729168277,1,True,-0.10324232159024138
BOI-PHL,18,234.7708330154419,232.4285664461097,1,True,0.01002692296321328
BOI-PHL,19,252.60000122070312,244.10958527865475,1,True,0.03418997028545334
BOI-PHL,20,233.27777353922525,258.4428512573242,1,True,-0.10244468658037142
BOI-PHL,21,275.6000061035156,270.88235630708584,1,True,0.017265944226871888
BOI-PHL,22,237.69642639160156,264.4444471571181,1,True,-0.10663685944607515
BOI-PHL,23,230.13158276206568,296.4320473532075,1,True,-0.253166765249083
BOI-PHL,24,247.33333841959634,278.14736906352795,1,True,-0.1174141027162463
BOI-RDU,1,200.72839788743005,253.52941715016078,1,True,-0.23352712028315548
BOI-RDU,2,203.7599970703125,204.83333460489908,1,True,-0.005253830252713421
BOI-RDU,3,205.72340117109582,225.8292686648485,1,True,-0.09324671161033304
BOI-RDU,4,174.06666768391926,195.70149117085472,1,True,-0.11715212060937841
BOI-RDU,5,223.0752696375693,237.00000183105467,1,True,-0.060550902345056556
BOI-RDU,6,223.55555640326605,236.069766199866,1,True,-0.05446742315437891
BOI-RDU,7,251.95917630357806,235.8059683273088,1,True,0.06625777683745149
BOI-RDU,8,220.92391503375512,225.17460026816713,1,True,-0.01905773608717176
BOI-RDU,9,197.14705523322613,230.3750030517578,1,True,-0.15575850570640082
BOI-RDU,10,252.43519083658853,240.08333368012399,1,True,0.05016845907495249
BOI-RDU,11,211.3582123713707,251.07000061035157,1,True,-0.17217740414897076
BOI-RDU,12,219.44554092860457,255.56249504089357,1,True,-0.15236288209699023
BOI-RDU,13,236.85869764245075,252.6060596812855,1,True,-0.06436744801504624
BOI-RDU,14,229.8120777718973,226.45378074325433,1,True,0.014721056216030703
BOI-RDU,15,240.12029593331474,254.56757334116344,1,True,-0.05842628403646444
BOI-RDU,16,207.6056280001788,269.6168312714479,1,True,-0.2613615468698045
BOI-RDU,17,189.08333307902018,192.6666699033795,1,True,-0.018773763156953116
BOI-RDU,18,186.38710169638358,233.46031600709946,1,True,-0.22518640685547986
BOI-RDU,19,228.666662145544,246.2783539762202,1,True,-0.07419709718828482
BOI-RDU,20,143.12500190734863,255.80645194104923,1,True,-0.5807027237915809
BOI-RDU,21,196.1999969482422,233.3428527832031,1,True,-0.17337431160845096
BOI-RDU,22,266.6666564941406,248.86273672066483,1,True,0.0690979145367141
BOI-RDU,23,240.39999389648443,276.7499927520752,1,True,-0.140810368127263
BOS-GEG,1,220.48717596592047,248.07921154664294,1,True,-0.1179085622540752
BOS-GEG,2,238.43210422845533,255.18054993947348,1,True,-0.06788674208296985
BOS-GEG,3,238.78190929331677,276.9361638278826,1,True,-0.1482364022127749
BOS-GEG,4,238.01587083604602,293.09565602178156,1,True,-0.20816167116783557
BOS-GEG,5,269.3589782714844,279.95505806569304,1,True,-0.03858410170368032
BOS-GEG,6,349.38775697046395,303.3790921479269,1,True,0.1411992042323078
BOS-GEG,7,316.2125026702881,313.22308114858777,1,True,0.009498808379501789
BOS-GEG,8,314.41250648498533,286.7542378053827,1,True,0.09208030401399458
BOS-GEG,9,291.3888888888889,297.67045523903585,1,True,-0.021328256759911568
BOS-GEG,10,322.35344932819237,298.74026509074423,1,True,0.07607409502319129
BOS-GEG,11,335.88414466671827,296.7898586107337,1,True,0.12374195135574073
BOS-GEG,12,327.8939375443892,335.6666715988005,1,True,-0.02342842379749932
BOS-GEG,13,370.62161502322635,313.016125586725,1,True,0.1689269278925618
BOS-GEG,14,315.0517188762796,355.7902016806436,1,True,-0.12160442375503511
BOS-GEG,15,348.69444783528644,366.5450021362305,1,True,-0.04992527161422533
BOS-GEG,16,286.0339034775556,320.8119578565288,1,True,-0.11474480298959921
BOS-GEG,17,256.2000020345052,272.6666534423828,1,True,-0.06229160203110151
BOS-GEG,18,227.7021280924479,263.1869218772817,1,True,-0.14482619023828214
BOS-GEG,19,240.48404401413939,283.4366211152413,1,True,-0.16433479720911137
BOS-GEG,20,245.00645023469002,278.6907221214058,1,True,-0.12881810640642044
BOS-GEG,21,203.13186343685612,226.02836771214263,1,True,-0.10680517050463312
BOS-GEG,22,268.231792727843,257.449780260111,1,True,0.04102683197285728
BOS-GEG,23,263.40384361071466,274.3093259132515,1,True,-0.040568014821705134
BOS-GEG,24,232.49586070667613,272.376616044478,1,True,-0.15831330495048412
BOS-HNL,1,322.29429182221617,346.69279624659254,1,True,-0.07297399651003111
BOS-HNL,2,311.0413925268088,355.4535412397541,1,True,-0.13346855675595215
BOS-HNL,3,326.0299628566981,396.4398162441686,1,True,-0.19553495427698397
BOS-HNL,4,341.6714403424944,369.69127087904815,1,True,-0.07881867975977119
BOS-HNL,5,349.0610328638498,376.1222674936708,1,True,-0.07466748385606614
BOS-HNL,6,342.1955565049913,387.2345830509135,1,True,-0.12364829085273765
BOS-HNL,7,358.5704457915526,393.86298868590296,1,True,-0.09387796212239863
BOS-HNL,8,347.3990915067527,376.53990302287355,1,True,-0.08054978706655103
BOS-HNL,9,377.88421020507815,362.85623519147026,1,True,0.04058111697125799
BOS-HNL,10,379.4661303516403,407.20686751441684,1,True,-0.07055598553875075
BOS-HNL,11,399.8950678507487,429.1073111048285,1,True,-0.07050484776288979
BOS-HNL,12,419.64417702142447,435.5081244193659,1,True,-0.03710629686700884
BOS-HNL,13,400.8399972098215,443.85099802585626,1,True,-0.10192657784813353
BOS-HNL,14,420.0999956632915,448.3727169180275,1,True,-0.06513207608426352
BOS-HNL,15,468.5320477607923,507.32671231062955,1,True,-0.07955069465427922
BOS-HNL,16,389.70810266443203,478.5538397764548,1,True,-0.20537071819743868
BOS-HNL,17,304.31092488264835,383.22379547205594,1,True,-0.23056918296898665
BOS-HNL,18,398.811416015625,388.2177595152472,1,True,0.026922245541415535
BOS-HNL,19,413.99219512939453,432.74028070658034,1,True,-0.04429061312852234
BOS-HNL,20,578.7619289822048,450.4695063016775,1,True,0.2506008306274614
BOS-HNL,21,620.7626953125,405.5211826965237,1,True,0.4257757650962892
BOS-HNL,22,477.8515625,422.32010755589397,1,True,0.1235365703674054
BOS-HNL,23,463.1858520507813,437.85471325808294,1,True,0.0562412314005023
BOS-HNL,24,527.0083618164062,437.6518133595009,1,True,0.1857927676688007
BUF-LAX,1,164.44056104113173,174.66326655173788,1,True,-0.060310755303937036
BUF-LAX,2,183.67910614772816,180.1953823164132,1,True,0.019148527242569102
BUF-LAX,3,188.21903076847042,179.7597318918113,1,True,0.04598520555910213
BUF-LAX,4,172.8251495361328,178.3076923565987,1,True,-0.031230279635527936
BUF-LAX,5,144.23192536687276,179.80038548797197,1,True,-0.22042466922943582
BUF-LAX,6,191.7680715537933,209.89763711443723,1,True,-0.09033328836873356
BUF-LAX,7,191.70973639898978,205.36515303430758,1,True,-0.06880719040331762
BUF-LAX,8,220.83219266917604,202.63994493845948,1,True,0.08597236993487467
BUF-LAX,9,163.08696092878074,175.97735492028426,1,True,-0.07607176035902796
BUF-LAX,10,189.15480022607574,210.06455700065516,1,True,-0.10484916912679676
BUF-LAX,11,216.21488200206073,211.70739316235256,1,True,0.021067636900791165
BUF-LAX,12,172.53943044379682,202.02900345599065,1,True,-0.1577854759263273
BUF-LAX,13,167.3487390470104,190.6709864522509,1,True,-0.1304694658693455
BUF-LAX,14,172.73266888609027,192.02949902019668,1,True,-0.10590386816880049
BUF-LAX,15,199.88915902875328,201.55412218742765,1,True,-0.008294933721297859
BUF-LAX,16,162.57142949620368,197.2694898405691,1,True,-0.1934532913356639
BUF-LAX,17,146.46232793102524,161.266416337755,1,True,-0.09628950907908607
BUF-LAX,18,158.90024479404272,169.97475355610965,1,True,-0.06737330343275083
BUF-LAX,19,161.176947054211,185.5224172513779,1,True,-0.14067291096502377
BUF-LAX,20,161.37116157204096,188.19065800852286,1,True,-0.15374852416417362
BUF-LAX,21,153.29288958306094,167.25148812629592,1,True,-0.08714819415030828
BUF-LAX,22,176.88553720497222,199.052319076826,1,True,-0.11806485917677723
BUF-LAX,23,184.5078125,228.65072796294524,1,True,-0.21450382708493532
BUF-LAX,24,207.8318634033203,215.98735773148854,1,True,-0.03849047316181231
BUF-SAN,1,171.5352136316434,165.38710042481782,1,True,0.03649978345567728
BUF-SAN,2,185.61347209308164,176.44111407849724,1,True,0.050679215003475164
BUF-SAN,3,192.48741912841797,176.04439520483038,1,True,0.08929458770344656
BUF-SAN,4,161.00980624030618,184.5977541119865,1,True,-0.13671388429964004
BUF-SAN,5,160.87255410587088,181.56572698315546,1,True,-0.12100525818188235
BUF-SAN,6,190.04621938497078,204.44741547039317,1,True,-0.07304350285487349
BUF-SAN,7,197.61146229543505,229.88311637354693,1,True,-0.15126819887144016
BUF-SAN,8,192.99999885915597,206.7946070121037,1,True,-0.0690358810224243
BUF-SAN,9,191.4639220876792,195.97921131157827,1,True,-0.023309194405527478
BUF-SAN,10,189.32757949829102,213.78216131351007,1,True,-0.12147881916654057
BUF-SAN,11,190.19117467543657,188.71391546400687,1,True,0.007797555297493375
BUF-SAN,12,205.82269157247342,184.4675825123775,1,True,0.10954133413223843
BUF-SAN,13,185.60784029493144,190.9585384539704,1,True,-0.02842026589669633
BUF-SAN,14,174.32517653245193,228.68877727482595,1,True,-0.27143964223552164
BUF-SAN,15,205.6504458537144,226.7152689601893,1,True,-0.09751704570410968
BUF-SAN,16,173.27074489010474,227.15987265557294,1,True,-0.2707986838883212
BUF-SAN,17,153.5789484009707,181.8842595182819,1,True,-0.16915579143099801
BUF-SAN,18,148.680668422154,187.62189676326557,1,True,-0.23262790911842135
BUF-SAN,19,174.62149917745145,192.94253024397224,1,True,-0.09977160408912944
BUF-SAN,20,206.16560587305932,200.50748815936242,1,True,0.027828164353078222
BUF-SAN,21,173.69307278170444,192.64037838042347,1,True,-0.10353533420944139
BUF-SAN,22,183.57936047750806,213.25079464382594,1,True,-0.1498218565459597
BUF-SAN,23,199.9640655517578,225.0759094015525,1,True,-0.11830004226040813
BUF-SAN,24,224.2126007080078,219.61119638671875,1,True,0.020736018335010264
BUF-SAT,1,158.64102981436966,163.6279049363247,1,True,-0.030951001985830118
BUF-SAT,2,189.47368046275358,199.47282716502315,1,True,-0.05142789686876803
BUF-SAT,3,146.25862595130658,165.11167958061102,1,True,-0.12124562565047103
BUF-SAT,4,144.02093737537325,160.86973408081522,1,True,-0.11063624494740587
BUF-SAT,5,154.5467624801526,162.80208587646484,1,True,-0.05203854567836341
BUF-SAT,6,190.3726738402562,192.02405398653954,1,True,-0.00863705304987672
BUF-SAT,7,160.79399439602963,191.92391370690387,1,True,-0.17697500294646584
BUF-SAT,8,143.04959175803444,187.11067024803916,1,True,-0.2685088956557431
BUF-SAT,9,167.9487174596542,184.39574416140292,1,True,-0.09342555188347479
BUF-SAT,10,215.90322802143712,206.4784956080939,1,True,0.04463401938732314
BUF-SAT,11,197.59090446703362,205.46261268687024,1,True,-0.03906532975795596
BUF-SAT,12,186.76800036621094,189.88157620346337,1,True,-0.016533387828047807
BUF-SAT,13,192.58510605832365,176.71358904792268,1,True,0.08600788442264573
BUF-SAT,14,163.85227047313344,213.48610793219675,1,True,-0.26460653024708325
BUF-SAT,15,159.01363442160866,193.77118889760163,1,True,-0.1976880746828833
BUF-SAT,16,156.03317029329273,176.8455911804648,1,True,-0.12520837089674597
BUF-SAT,17,135.82075932340803,126.7255817502044,1,True,0.06931209533124161
BUF-SAT,18,137.04167127609253,142.47491817410574,1,True,-0.038880921927013645
BUF-SAT,19,146.84431539752526,157.0792663388136,1,True,-0.06737761244768592
BUF-SAT,20,154.5230712890625,143.65921979509918,1,True,0.07289944820183969
BUF-SAT,21,171.02127529712433,145.07167157378214,1,True,0.16456005868888735
BUF-SAT,22,167.71605004204645,185.90836073060564,1,True,-0.102981496941144
BUF-SAT,23,173.9617878130287,196.0068510917768,1,True,-0.11931394834279008
BUF-SAT,24,193.57143551962716,187.0697635975919,1,True,0.03416500550417911
BUF-SFO,1,182.87287747657905,185.17391304347825,1,True,-0.012504201137650384
BUF-SFO,2,193.9346753604448,177.95818825964312,1,True,0.08597275213096278
BUF-SFO,3,227.0425552043509,195.89973397368178,1,True,0.14753450079247798
BUF-SFO,4,187.24823117087072,189.37499833106995,1,True,-0.011293991448580343
BUF-SFO,5,135.94444296095105,154.9890115758875,1,True,-0.13110792671341542
BUF-SFO,6,180.4356407442502,183.34451005516982,1,True,-0.015992798421198273
BUF-SFO,7,169.26605011126318,192.98794635328423,1,True,-0.13115599473992567
BUF-SFO,8,224.83928162711007,193.147154536933,1,True,0.15193348596687084
BUF-SFO,9,203.41129302978516,179.18254301283093,1,True,0.12682492378773613
BUF-SFO,10,217.98543896721404,214.68370163817767,1,True,0.015262477084797332
BUF-SFO,11,206.91189178601235,200.0660796088444,1,True,0.03364534908476369
BUF-SFO,12,167.43194859973073,208.42761617885665,1,True,-0.21901482465775146
BUF-SFO,13,182.45613499691612,218.59147479599878,1,True,-0.1806947879274743
BUF-SFO,14,210.99999456890555,236.4163743660425,1,True,-0.11373644090471036
BUF-SFO,15,224.3609004773592,233.7332129414421,1,True,-0.040924431126623695
BUF-SFO,16,212.36686155781945,226.72824053315455,1,True,-0.06543686385843106
BUF-SFO,17,180.25640999557626,199.42808318464722,1,True,-0.1010733488214397
BUF-SFO,18,147.79180845709791,178.88858966187343,1,True,-0.19095862412411968
BUF-SFO,19,161.2372895580227,196.51095581054688,1,True,-0.19784105639342897
BUF-SFO,20,187.87301847669812,210.62016714400605,1,True,-0.1142900545457195
BUF-SFO,21,181.1386813421319,186.04906107109284,1,True,-0.02674747498316421
BUF-SFO,22,177.26945870222445,229.36640011822735,1,True,-0.2576497849339665
BUF-SFO,23,173.3080291748047,235.45934050842956,1,True,-0.30646772006109746
BUF-SFO,24,204.43589782714844,216.86335870494014,1,True,-0.05901300353258332
BWI-COS,1,171.0000019824411,178.2620130647218,1,True,-0.041590883400109746
BWI-COS,2,179.91235333324903,163.50521171092987,1,True,0.09562494063978022
BWI-COS,3,185.1170227916528,168.09514222550487,1,True,0.09645803885599591
BWI-COS,4,184.82317296470086,176.22924105115112,1,True,0.04761389269138583
BWI-COS,5,163.44705505371093,194.62962985568578,1,True,-0.17460930287410825
BWI-COS,6,206.5960309363359,169.23683962297213,1,True,0.19946619341610816
BWI-COS,7,174.91666518317328,169.72576825643324,1,True,0.030125654896289156
BWI-COS,8,164.89617619748975,163.44365622292102,1,True,0.008847719994134806
BWI-COS,9,166.9999998940362,144.04784703596928,1,True,0.14784829631293217
BWI-COS,10,203.29577518516862,187.46153717041017,1,True,0.08108824995751895
BWI-COS,11,158.47528720174,171.75659909066567,1,True,-0.08047968856460663
BWI-COS,12,121.71947798295456,180.3596038066695,1,True,-0.3932336205212925
BWI-COS,13,136.4000005086263,166.90556115044487,1,True,-0.20183640122870194
BWI-COS,14,155.69145021119525,177.04721357484743,1,True,-0.12854027497100073
BWI-COS,15,157.6651998511495,168.56958225089755,1,True,-0.06687481908461912
BWI-COS,16,132.57534790039062,172.81372676176184,1,True,-0.265063143296004
BWI-COS,17,109.62712097167967,161.71000427246094,1,True,-0.388719835987005
BWI-COS,18,126.29474222283615,152.63257350343648,1,True,-0.18941515362684314
BWI-COS,19,162.79545454545453,150.45175170898438,1,True,0.07885208655741227
BWI-COS,20,183.9047560918899,179.2767358935854,1,True,0.02548737108158594
BWI-COS,21,169.39129771356997,196.60305401751103,1,True,-0.14897533209282532
BWI-COS,22,262.6585388183594,211.96296533655237,1,True,0.21444328952317537
BWI-COS,23,268.53570556640625,216.5315754137541,1,True,0.21524750505755552
BWI-COS,24,215.72500610351557,228.20318141496517,1,True,-0.05623190198854555
BWI-GEG,1,186.25180459880144,203.89899305863813,1,True,-0.09052519282654803
BWI-GEG,2,185.09914325845654,197.86428435189384,1,True,-0.06668977207676274
BWI-GEG,3,184.250004196167,197.74772117637934,1,True,-0.0706985289771982
BWI-GEG,4,199.16255984752635,186.31563570365793,1,True,0.0666791732708516
BWI-GEG,5,142.16822715117553,206.911214382849,1,True,-0.37527873058193606
BWI-GEG,6,155.81534138592806,232.83887624130836,1,True,-0.4016750990309559
BWI-GEG,7,175.35000628303078,236.81013029074367,1,True,-0.300474669621277
BWI-GEG,8,176.53845942570612,228.69629793520326,1,True,-0.2588561604042292
BWI-GEG,9,183.28488842276641,229.23931330493372,1,True,-0.22372478447723232
BWI-GEG,10,221.3379360856681,223.91803262012252,1,True,-0.011589402924954584
BWI-GEG,11,221.5797055746622,263.86585100685676,1,True,-0.17465846453630363
BWI-GEG,12,197.6119441701405,238.30991924695735,1,True,-0.1872667785859523
BWI-GEG,13,188.64389849406916,283.77318722439793,1,True,-0.4083141796546661
BWI-GEG,14,217.29281506617426,246.9049273208833,1,True,-0.1277575307661829
BWI-GEG,15,227.96551555765086,279.999993218316,1,True,-0.2055952089877353
BWI-GEG,16,179.57142169658954,246.82353133514144,1,True,-0.3181006120022607
BWI-GEG,17,207.1363661332564,240.73825380466127,1,True,-0.15033290951626288
BWI-GEG,18,188.6172841389974,229.64733908832937,1,True,-0.196824813463782
BWI-GEG,19,244.81507236010407,250.78823900409773,1,True,-0.024105794894881072
BWI-GEG,20,269.5666564941406,272.2185834040407,1,True,-0.009789665328936437
BWI-GEG,21,229.00000283884447,281.58823383555693,1,True,-0.20672382420558844
BWI-GEG,22,243.77777099609375,265.37591084946683,1,True,-0.08489031664845292
BWI-GEG,23,275.95774282536036,275.6892717867921,1,True,0.000973343651475389
BWI-GEG,24,271.2117614746094,253.49383205837674,1,True,0.06756043179050586
BWI-GPT,1,209.28812990350238,143.44444953070746,1,True,0.3777640655617871
BWI-GPT,2,174.45833820766873,141.50243939655584,1,True,0.20936900712469875
BWI-GPT,3,197.79166158040366,140.13084482923847,1,True,0.34463767042786575
BWI-GPT,4,186.5,167.03226354924215,1,True,0.11024425042120622
BWI-GPT,5,154.72380618140812,147.61835313879925,1,True,0.04701138365587276
BWI-GPT,6,188.78195959105528,153.37362058870085,1,True,0.207715786858512
BWI-GPT,7,196.27868902487833,134.76543379418644,1,True,0.37599979235607517
BWI-GPT,8,189.22471447205277,142.40678237656417,1,True,0.28424764736800867
BWI-GPT,9,197.1126739072128,122.38739034291858,1,True,0.47658416930811054
BWI-GPT,10,191.20407851861447,130.99355143885458,1,True,0.37819323522216663
BWI-GPT,11,167.2361125946045,139.122139442968,1,True,0.1840544134193225
BWI-GPT,12,198.2345630033517,146.202013266207,1,True,0.30446167331817975
BWI-GPT,13,234.91304834338203,157.91346153846155,1,True,0.3971682674290342
BWI-GPT,14,195.47457523669226,163.5859398841858,1,True,0.1780918425807858
BWI-GPT,15,232.21999328613285,172.4999940202043,1,True,0.2972879674812612
BWI-GPT,16,176.72093200683594,145.88171960974253,1,True,0.19177567930766237
BWI-GPT,17,171.96808640500333,148.39285332815987,1,True,0.14744574403344934
BWI-GPT,18,150.18918877678948,119.07692307692308,1,True,0.23212606120169266
BWI-GPT,19,131.5000063089224,133.11111450195312,1,True,-0.012177327218531708
BWI-GPT,20,164.29999583851207,147.23077040452225,1,True,0.10969277719106607
BWI-GPT,21,137.55555555555554,168.85714285714286,1,True,-0.20502517300240886
BWI-GPT,22,196.30708733506094,152.33333163791232,1,True,0.2536091141448438
BWI-GPT,23,217.94047164916992,147.90908882834694,1,True,0.3876241393173858
BWI-GPT,24,165.3918914794922,163.1666717529297,1,True,0.013545553210049022
BWI-PDX,1,160.23411474210596,188.38632409453612,1,True,-0.16185880686284015
BWI-PDX,2,176.6448173072985,189.69551818313087,1,True,-0.07127921623758748
BWI-PDX,3,176.90652552065643,182.2717792720787,1,True,-0.029877377253196613
BWI-PDX,4,161.21935626614479,174.9930379224687,1,True,-0.08198029087527736
BWI-PDX,5,145.10734713279595,169.1196427218068,1,True,-0.15313261597867278
BWI-PDX,6,197.91252361317237,204.56878250010692,1,True,-0.0330791305367244
BWI-PDX,7,203.663064547702,225.78226846851217,1,True,-0.10310413703281274
BWI-PDX,8,188.85080792826992,220.77276597558915,1,True,-0.15617663699634665
BWI-PDX,9,164.44834545946028,201.10370827554095,1,True,-0.2012242250373486
BWI-PDX,10,202.62781343962016,215.23289635268753,1,True,-0.06034981578004661
BWI-PDX,11,196.6359791742168,230.1625244450623,1,True,-0.1574314894419322
BWI-PDX,12,174.34625122070312,222.24941205040477,1,True,-0.2427569575160584
BWI-PDX,13,173.84494608702974,203.2715113769298,1,True,-0.15637879236677588
BWI-PDX,14,180.46751204008737,224.3772480852969,1,True,-0.21777800563855898
BWI-PDX,15,195.68467564011368,233.5612255203944,1,True,-0.17693968456338638
BWI-PDX,16,194.76888279756392,227.15521580689168,1,True,-0.15381991467502054
BWI-PDX,17,163.18726786066978,180.59604178863185,1,True,-0.10136429980922301
BWI-PDX,18,165.7008255661511,195.82439366093388,1,True,-0.1670344002029447
BWI-PDX,19,211.92151338601414,226.17974578447578,1,True,-0.0651140322438577
BWI-PDX,20,235.54545003717595,237.6210582481756,1,True,-0.008773323927811383
BWI-PDX,21,228.69921195507047,226.42201558528333,1,True,0.010007071678671764
BWI-PDX,22,237.0490007634152,236.99999986349965,1,True,0.00020673348124411461
BWI-PDX,23,258.6004061411662,256.77731707071524,1,True,0.007074798124001802
BWI-PDX,24,243.35922241210932,247.57053506662393,1,True,-0.017156898285573874
BWI-SEA,1,182.45144493123053,171.63831907172863,1,True,0.061094615713350287
BWI-SEA,2,200.31890990529456,183.9292141028198,1,True,0.08535966850249999
BWI-SEA,3,210.4777466861714,186.02300512509308,1,True,0.12350958154554093
BWI-SEA,4,168.78147623020453,177.7338209265237,1,True,-0.05168220486274322
BWI-SEA,5,154.77136387967906,171.4232798715958,1,True,-0.10218686264278709
BWI-SEA,6,198.9842963100465,212.08714398111533,1,True,-0.06377133813026781
BWI-SEA,7,194.37339652386564,236.05269603379173,1,True,-0.1942740348747023
BWI-SEA,8,182.62053533962793,208.69102459768965,1,True,-0.13344438429405425
BWI-SEA,9,166.6808129204644,193.67451088101257,1,True,-0.15009828737710684
BWI-SEA,10,201.41365797089367,214.08536512483425,1,True,-0.06101404480036887
BWI-SEA,11,201.38799774106033,224.9626849079359,1,True,-0.11070115922411095
BWI-SEA,12,167.43062405380905,205.71170237578406,1,True,-0.20590660482684164
BWI-SEA,13,162.57617735283108,198.66557773265964,1,True,-0.20047622153600742
BWI-SEA,14,165.55000078473773,198.02366926140033,1,True,-0.17911329654079555
BWI-SEA,15,178.84476581669887,219.95432245433804,1,True,-0.20690170008281594
BWI-SEA,16,165.08107558613366,214.51864100515195,1,True,-0.26195991863707757
BWI-SEA,17,141.33845506681428,174.90022201285734,1,True,-0.21305824680647145
BWI-SEA,18,138.11341402703823,175.91898093219,1,True,-0.241948365032
BWI-SEA,19,175.80082542240044,176.06578915776115,1,True,-0.0015060467487595375
BWI-SEA,20,168.36041554438225,194.52517664373846,1,True,-0.14445458549107837
BWI-SEA,21,155.01262601727595,188.81929815654308,1,True,-0.19728389152233738
BWI-SEA,22,178.91440743459782,197.91405431055082,1,True,-0.10092534659639885
BWI-SEA,23,207.105211899234,220.7498817744032,1,True,-0.06380336973612266
BWI-SEA,24,179.79162563067888,216.88721476902595,1,True,-0.1875789258889995
CLE-PDX,1,214.56129061791205,233.72649937817175,1,True,-0.085556190995554
CLE-PDX,2,258.1103820800781,229.00210600261445,1,True,0.11965613091500593
CLE-PDX,3,210.151038646698,214.716830281378,1,True,-0.0214935877267024
CLE-PDX,4,203.13636169433593,196.66526495682567,1,True,0.032374365146837114
CLE-PDX,5,204.409089383212,192.48829400818482,1,True,0.060087984415839735
CLE-PDX,6,220.25127618251702,247.48221862792968,1,True,-0.11656967645553351
CLE-PDX,7,207.30311398679112,244.63093129580784,1,True,-0.16556863093204477
CLE-PDX,8,237.6859854730431,232.10461594801683,1,True,0.023762212905053204
CLE-PDX,9,237.9032282675466,231.9599972811612,1,True,0.025299055780729773
CLE-PDX,10,264.5024234937585,246.27160842330366,1,True,0.07141538765892186
CLE-PDX,11,245.0807830895554,243.81298016838534,1,True,0.005186426411366796
CLE-PDX,12,223.2155122428105,252.84988067109705,1,True,-0.12465822820239669
CLE-PDX,13,265.62294431592596,237.8345848599771,1,True,0.11050239016754837
CLE-PDX,14,257.04494141996577,263.00218642822796,1,True,-0.02291140661277602
CLE-PDX,15,253.10465071922124,293.4322299607944,1,True,-0.1478436671674661
CLE-PDX,16,267.03389675334347,287.1831711117584,1,True,-0.07274463457507796
CLE-PDX,17,184.9142913818359,220.8989214294654,1,True,-0.17781279989664167
CLE-PDX,18,203.93749268849692,220.57369680253285,1,True,-0.07841832640585356
CLE-PDX,19,236.50746792465893,243.23197116672432,1,True,-0.0280358175594424
CLE-PDX,20,225.07692072941705,261.19248482431044,1,True,-0.14881541157033684
CLE-PDX,21,276.1666564941406,242.9495391845703,1,True,0.12815074726372977
CLE-PDX,22,193.49999364217126,232.94924654279436,1,True,-0.18554312422874109
CLE-PDX,23,176.42857360839844,251.67655868530272,1,True,-0.35522865348070987
CLE-PDX,24,201.23077392578125,244.37787435447996,1,True,-0.19426331428779164
CLT-COS,1,236.83870524744833,235.37288342492056,1,True,0.006208346283124833
CLT-COS,2,204.42856788635254,242.28571895677217,1,True,-0.1698990734019441
CLT-COS,3,191.51514920321378,200.24242609197444,1,True,-0.04456184936829288
CLT-COS,4,194.13725101246553,193.0851093048745,1,True,0.005434315807741896
CLT-COS,5,162.74561323199356,181.91304878566575,1,True,-0.11134049229339027
CLT-COS,6,140.2222166142912,166.89974920669988,1,True,-0.1741649022388092
CLT-COS,7,152.82758357607085,151.5086758122968,1,True,0.008667491828756368
CLT-COS,8,164.28813740358515,151.7729500664605,1,True,0.07923616707894077
CLT-COS,9,151.4959952392578,159.56756344357052,1,True,-0.05190823725551841
CLT-COS,10,162.00719578146078,156.01865534995918,1,True,0.03766516697358213
CLT-COS,11,159.8582673560916,159.14347806184188,1,True,0.004481420561383231
CLT-COS,12,161.37691673865686,160.8940340762107,1,True,0.00299675178667691
CLT-COS,13,178.90163984455046,170.08163529999402,1,True,0.05055762730172919
CLT-COS,14,194.64285605294364,172.4798029119318,1,True,0.12088622683455963
CLT-COS,15,232.76315709164268,251.00000664739326,1,True,-0.07543152219818516
CLT-COS,16,196.87499618530273,227.15384145883414,1,True,-0.14305851340986386
CLT-COS,17,144.4285670689174,202.74468020175365,1,True,-0.3391624146559087
CLT-COS,18,197.21951480028105,179.16778472285944,1,True,0.09599468507797582
CLT-COS,19,184.3111145019531,180.6602550408779,1,True,0.020006945995218572
CLT-COS,20,180.7096710205078,175.15266674711503,1,True,0.03123374089326436
CLT-COS,21,155.8000030517578,152.14117377786076,1,True,0.023764288368176345
CLT-COS,22,181.48648071289065,165.17612263693738,1,True,0.09416884995579
CLT-COS,23,177.5454559326172,174.63200555419922,1,True,0.016545731414084663
CLT-COS,24,182.47999572753903,192.4136123257782,1,True,-0.053006731300094145
CLT-LAX,1,302.0466203442509,313.3152720299464,1,True,-0.036628565015362824
CLT-LAX,2,251.02520969935827,214.43428574318966,1,True,0.1575500398789602
CLT-LAX,3,254.04736328125,216.35294467615327,1,True,0.16060964196260663
CLT-LAX,4,194.46032151721772,214.13755119698388,1,True,-0.09639043137618053
CLT-LAX,5,178.25943799288768,236.6334329437527,1,True,-0.28327224136612905
CLT-LAX,6,172.16396853798315,249.2505632221069,1,True,-0.3700113403470464
CLT-LAX,7,179.6134415313977,259.4480320617434,1,True,-0.3677494261899481
CLT-LAX,8,139.49737868383917,230.016358166619,1,True,-0.5001046185696545
CLT-LAX,9,138.87185396526624,275.48384891434773,1,True,-0.6849774082564215
CLT-LAX,10,154.71605578795175,281.8936719195428,1,True,-0.5999384111066304
CLT-LAX,11,178.62499572816958,279.7407086932509,1,True,-0.4485745214127608
CLT-LAX,12,173.06809260595642,277.7046831464151,1,True,-0.4728731422831647
CLT-LAX,13,170.49205695258246,295.46969261197296,1,True,-0.5498775596633507
CLT-LAX,14,210.509180506435,293.7934357476369,1,True,-0.33334765587355086
CLT-LAX,15,220.3700779792205,321.1663728091701,1,True,-0.37665097849955664
CLT-LAX,16,171.2981067260357,279.6321905404625,1,True,-0.49006978153939507
CLT-LAX,17,169.04687173025948,243.2356266650493,1,True,-0.3638546065989514
CLT-LAX,18,186.34197239060475,212.8505105478396,1,True,-0.13300654403059564
CLT-LAX,19,199.32538348216556,231.17933317261466,1,True,-0.14825516112023518
CLT-LAX,20,175.5988256525387,254.88376675687368,1,True,-0.3726056310519894
CLT-LAX,21,166.85200122070313,266.02184586237996,1,True,-0.46647123345548813
CLT-LAX,22,177.017327637565,266.1609900644318,1,True,-0.4078537274728271
CLT-LAX,23,199.2560577392578,292.1891971655884,1,True,-0.3828108080326853
CLT-LAX,24,211.28265380859375,279.00416627592784,1,True,-0.27802988606472123
CLT-PDX,1,262.4408641528058,272.21817543723364,1,True,-0.03657808311670685
CLT-PDX,2,296.9548304403982,289.5914536452875,1,True,0.025108891994414684
CLT-PDX,3,303.9302446232286,298.9532832921108,1,True,0.01651089858712318
CLT-PDX,4,230.21978843605126,267.220854027871,1,True,-0.1490410306062655
CLT-PDX,5,275.1028023122627,264.9916577657064,1,True,0.03744650903956348
CLT-PDX,6,226.96202756986335,258.940683461852,1,True,-0.13181629002660156
CLT-PDX,7,247.54228240814967,253.30132152228956,1,True,-0.02299836878553041
CLT-PDX,8,229.5873042515346,220.55642706132585,1,True,0.040129800656051096
CLT-PDX,9,213.4904796055385,204.6808552843459,1,True,0.04214027709321755
CLT-PDX,10,230.6361265332287,215.80923419017867,1,True,0.06644641635172555
CLT-PDX,11,207.59002271805306,245.42166659037272,1,True,-0.16741272928188788
CLT-PDX,12,212.4238185301382,233.00818448369,1,True,-0.09249015643525116
CLT-PDX,13,217.733907347585,235.1569609823106,1,True,-0.0769795015166741
CLT-PDX,14,222.40384341508914,248.08005201735685,1,True,-0.10925664070216978
CLT-PDX,15,237.35000198364258,297.5809458622316,1,True,-0.22615042155383414
CLT-PDX,16,192.9661013328423,254.11650803945597,1,True,-0.27527832220398896
CLT-PDX,17,175.6639719356892,196.47368051629317,1,True,-0.11195556121440298
CLT-PDX,18,169.8832799388031,192.46266662597657,1,True,-0.12479058266871146
CLT-PDX,19,184.3859699316192,215.34135491195278,1,True,-0.1551932430753924
CLT-PDX,20,178.40909212285823,232.35177383121294,1,True,-0.26417330614729106
CLT-PDX,21,208.80540689004434,215.28572066949337,1,True,-0.030563328483297347
CLT-PDX,22,194.53424072265625,245.3270844909564,1,True,-0.23198416650048692
CLT-PDX,23,205.11680603027344,264.8553230850785,1,True,-0.25560412389276443
CLT-PDX,24,225.53192138671875,245.04144248618735,1,True,-0.08296564206454882
CLT-PHX,1,320.95369805230035,292.5050950001862,1,True,0.09281478457403303
CLT-PHX,2,304.7123187339469,285.8035120782861,1,True,0.06406356022465864
CLT-PHX,3,214.0,364.0652395045504,1,True,-0.5313570659633235
CLT-PHX,4,178.5029776436942,280.4710072151757,1,True,-0.4518650759760705
CLT-PHX,5,186.06666892722802,275.6014548936517,1,True,-0.3928507735467974
CLT-PHX,6,201.06771159172058,288.84469394864226,1,True,-0.3622474275643137
CLT-PHX,7,145.56456765756235,277.5651955852494,1,True,-0.6454360924916394
CLT-PHX,8,148.98526771946956,250.5247443188196,1,True,-0.5197102686712807
CLT-PHX,9,167.95587876263787,259.39280410127014,1,True,-0.4346422124493028
CLT-PHX,10,168.73829719636015,261.2694779955712,1,True,-0.4372033800203132
CLT-PHX,11,179.37606485480936,272.2245404932938,1,True,-0.4171427192950361
CLT-PHX,12,169.10705886180418,273.1619868375048,1,True,-0.4795329788507079
CLT-PHX,13,178.5806396484375,296.92331925990624,1,True,-0.5084336592153367
CLT-PHX,14,226.63982798689503,268.2084387659722,1,True,-0.16840233825304374
CLT-PHX,15,203.88755179409043,278.6573373318022,1,True,-0.31241422020897325
CLT-PHX,16,173.56698142553788,269.38966866036577,1,True,-0.43959532882460906
CLT-PHX,17,143.67178150481243,247.66473029051966,1,True,-0.5445445346184821
CLT-PHX,18,147.16630493229974,207.42352248924036,1,True,-0.343199432034865
CLT-PHX,19,142.94366082563087,246.31301211295045,1,True,-0.5441525616829068
CLT-PHX,20,153.0559589915032,258.9336507291073,1,True,-0.5257682545235536
CLT-PHX,21,171.3645852804184,266.962210814974,1,True,-0.4433137513415675
CLT-PHX,22,158.9512199587938,251.3848373538158,1,True,-0.4583876190666514
CLT-PHX,23,167.78073120117188,264.1331477137974,1,True,-0.4537953679030515
CLT-PHX,24,144.0365447998047,256.32595388214855,1,True,-0.5763828412165326
CLT-SEA,1,290.3090897993608,317.40943310456004,1,True,-0.08924634529218078
CLT-SEA,2,231.62441250080235,261.8954493262551,1,True,-0.12282822756867873
CLT-SEA,3,219.86530562420282,260.73235699111433,1,True,-0.17047931735578814
CLT-SEA,4,204.04818835890435,292.72153053231364,1,True,-0.36086556595884645
CLT-SEA,5,171.5870812233914,280.99623188219573,1,True,-0.4932503595980444
CLT-SEA,6,229.52785350989737,245.08316004674452,1,True,-0.06557319352150515
CLT-SEA,7,238.3161782657399,268.5060311746277,1,True,-0.1192751040413027
CLT-SEA,8,200.387095163295,235.97475426013654,1,True,-0.1634738540850451
CLT-SEA,9,171.43648763396723,253.4352696402659,1,True,-0.3908955803186025
CLT-SEA,10,202.5888904147678,258.0643730163574,1,True,-0.24203030637421996
CLT-SEA,11,217.02218875299135,262.06937389244985,1,True,-0.18860965392957585
CLT-SEA,12,199.0079360235305,279.2364801946676,1,True,-0.3387143186314461
CLT-SEA,13,185.42932899933402,329.4086252639426,1,True,-0.5746251684598995
CLT-SEA,14,231.69051964647304,281.65379460849203,1,True,-0.19527612393081473
CLT-SEA,15,231.30360386424778,286.9912275704724,1,True,-0.21572049931093495
CLT-SEA,16,194.37059779196792,282.62745430890254,1,True,-0.3743629798756558
CLT-SEA,17,171.5420019878605,245.4491533182435,1,True,-0.35826166481928556
CLT-SEA,18,175.82452308703174,204.66644403788317,1,True,-0.1518950819550442
CLT-SEA,19,210.42350206218782,220.61940348326272,1,True,-0.047316884275868
CLT-SEA,20,191.47535071574467,259.7179213652302,1,True,-0.30483704079322393
CLT-SEA,21,180.44710387142038,284.49565671174423,1,True,-0.4552803055783139
CLT-SEA,22,191.6560821533203,260.02996341293283,1,True,-0.3050943412148852
CLT-SEA,23,206.0516815185547,266.70102689495195,1,True,-0.25800126307313054
CLT-SEA,24,197.46981823039502,293.48427911922875,1,True,-0.3962383207791085
CMH-HNL,1,341.9230696999815,365.0350930732593,1,True,-0.06540772500545344
CMH-HNL,2,319.2307704045222,328.1794871794872,1,True,-0.027646416286121855
CMH-HNL,3,346.6923114483173,337.32653372628346,1,True,0.027386272024700453
CMH-HNL,4,324.4793292589424,333.6767667519926,1,True,-0.027950926340388982
CMH-HNL,5,349.53333841959636,354.5428595842634,1,True,-0.014230294149368383
CMH-HNL,6,353.8,398.21678748497595,1,True,-0.11826476744112391
CMH-HNL,7,353.71999298095704,372.0579745527627,1,True,-0.05054406783839571
CMH-HNL,8,319.41406059265137,337.9715818925337,1,True,-0.056473558002242186
CMH-HNL,9,348.13009271389103,337.86525168993796,1,True,0.02992908719889531
CMH-HNL,10,355.0258586488921,396.68874030713215,1,True,-0.11096131563518341
CMH-HNL,11,407.98275862068965,407.56961407238924,1,True,0.0010131650583700136
CMH-HNL,12,405.6545393510298,400.4809248829616,1,True,0.012835771975969301
CMH-HNL,13,376.241368787042,389.0757529518821,1,True,-0.03354318662596256
CMH-HNL,14,404.3110995822483,390.93283604863865,1,True,0.0336488596781388
CMH-HNL,15,451.5074626865671,491.0116282618323,1,True,-0.0838759089555472
CMH-HNL,16,430.70369805230035,430.3220344155522,1,True,0.0008865325328919482
CMH-HNL,17,384.65117272665333,397.19549376982496,1,True,-0.03209170840109099
CMH-HNL,18,382.52777099609375,363.2429943619487,1,True,0.05172923827400666
CMH-HNL,19,571.5172119140625,416.96479432011995,1,True,0.31529280772245016
CMH-HNL,20,513.7272810502486,452.426669514974,1,True,0.12706684934569168
CMH-HNL,21,523.5714111328125,423.89907948905176,1,True,0.21117802513070139
CMH-HNL,22,425.9230651855469,439.41220698465827,1,True,-0.03117920879123126
CMH-HNL,23,463.6388854980469,451.9480523443841,1,True,0.025538740422943462
CMH-HNL,24,424.7826232910156,422.3157985084935,1,True,0.0058241915984629244
CMH-PDX,1,184.4683567481705,215.4979228419387,1,True,-0.15547333008146058
CMH-PDX,2,208.38709661012055,211.83098416037402,1,True,-0.016391320672892284
CMH-PDX,3,211.6774218159337,201.78029293621105,1,True,0.04788407392296268
CMH-PDX,4,183.07047333173304,192.85822688235513,1,True,-0.05208416435004981
CMH-PDX,5,175.1085697719029,195.4180058421046,1,True,-0.10973470373985794
CMH-PDX,6,212.4481642094743,222.22270682389038,1,True,-0.044982037434931677
CMH-PDX,7,206.54676182149984,227.5787713096707,1,True,-0.09696958971214453
CMH-PDX,8,202.87265843309268,224.1098035625383,1,True,-0.09955764237589104
CMH-PDX,9,160.06439012469667,199.1333320617676,1,True,-0.21839843817178473
CMH-PDX,10,178.68528998879825,210.98993424281178,1,True,-0.16618432534524352
CMH-PDX,11,205.61173546647225,204.15704377418854,1,True,0.007100090963729322
CMH-PDX,12,155.174532620412,196.88155761305651,1,True,-0.23805181719235424
CMH-PDX,13,168.3938200961669,212.23333282470702,1,True,-0.23138089258971029
CMH-PDX,14,178.69578625782427,224.84703781682265,1,True,-0.2297354971799077
CMH-PDX,15,193.61020898306242,221.44201641421037,1,True,-0.13431387250191573
CMH-PDX,16,167.61439776972205,210.8359538903397,1,True,-0.22941427147013727
CMH-PDX,17,159.18857631138394,193.45756378736883,1,True,-0.19496866582818484
CMH-PDX,18,193.0855993723591,202.03809375581287,1,True,-0.04532265192827367
CMH-PDX,19,266.27273178100586,232.72318413018354,1,True,0.13467139463012145
CMH-PDX,20,232.156461131816,244.0164469166806,1,True,-0.04982408262769411
CMH-PDX,21,274.2618945893787,251.16278856854106,1,True,0.08798218061093976
CMH-PDX,22,253.5465087890625,265.14066138634314,1,True,-0.04471321002045947
CMH-PDX,23,245.58653259277344,268.37132653068096,1,True,-0.08872220823340005
CMH-PDX,24,316.0,257.02235744445306,1,True,0.20657913852815835
CMH-SEA,1,172.1705453562182,199.72282807723334,1,True,-0.14844501741427685
CMH-SEA,2,185.77250289916992,203.90972425672743,1,True,-0.09315454532644374
CMH-SEA,3,204.98793989084362,199.22665169266875,1,True,0.02850801776828238
CMH-SEA,4,180.8168069247542,187.56419282346158,1,True,-0.036636746250889196
CMH-SEA,5,183.73590196558558,178.51748130816125,1,True,0.028812880228770155
CMH-SEA,6,215.8303061437125,216.20802917851728,1,True,-0.0017485630332449986
CMH-SEA,7,227.83536957531442,231.61791640370888,1,True,-0.01646579708781193
CMH-SEA,8,202.96746498488557,225.98969260933472,1,True,-0.10744369512231433
CMH-SEA,9,189.47044259808922,213.9701091932214,1,True,-0.1216032919776433
CMH-SEA,10,214.80129599519734,231.0462658099274,1,True,-0.07290457924521032
CMH-SEA,11,207.60991654829544,231.59410249186752,1,True,-0.10932536345258193
CMH-SEA,12,183.04877996677305,202.04596155230104,1,True,-0.09874252943991468
CMH-SEA,13,155.76373441926725,197.54266788140427,1,True,-0.23761426466683844
CMH-SEA,14,202.1426275367675,223.45703408133195,1,True,-0.10024562916520363
CMH-SEA,15,216.97019753866638,223.89705992947106,1,True,-0.03142638676433229
CMH-SEA,16,174.08544303797467,200.67766050598968,1,True,-0.14215371108431984
CMH-SEA,17,142.53797642188735,157.28385241826376,1,True,-0.09844368470144804
CMH-SEA,18,156.63823170835184,165.1275434258922,1,True,-0.052779275928275915
CMH-SEA,19,188.51767161284067,196.95956850009037,1,True,-0.04380672053086698
CMH-SEA,20,174.69210815429688,185.65411290730515,1,True,-0.06086029205251009
CMH-SEA,21,169.1618267391727,185.74456335150677,1,True,-0.09351660310728338
CMH-SEA,22,185.88135003558656,217.54703536081936,1,True,-0.157306514549588
CMH-SEA,23,201.92727661132812,236.5235491415235,1,True,-0.15814016070796555
CMH-SEA,24,170.1086883544922,210.1184892654419,1,True,-0.2112340301751745
CMH-SFO,1,228.93478368676227,241.87240206664677,1,True,-0.054973147316076165
CMH-SFO,2,208.20844343281044,215.94453746304038,1,True,-0.036481893917517105
CMH-SFO,3,216.982907678327,209.86378014393338,1,True,0.03335992971749846
CMH-SFO,4,193.55132018506004,214.86775326383287,1,True,-0.1044800398772221
CMH-SFO,5,178.572089971498,247.60174223434095,1,True,-0.32682919219876716
CMH-SFO,6,204.39520793617842,233.7884217831427,1,True,-0.13436111241062498
CMH-SFO,7,204.51333491007486,252.1071390424456,1,True,-0.20922097134783701
CMH-SFO,8,220.72986288206272,246.9024903546725,1,True,-0.11205386884060875
CMH-SFO,9,251.74839093608242,272.23674243077795,1,True,-0.07824192425850285
CMH-SFO,10,232.3347617873818,272.1263772156709,1,True,-0.15808731013972643
CMH-SFO,11,229.095477923676,253.6680963749038,1,True,-0.10188785452096116
CMH-SFO,12,199.02222391764323,256.4580855341683,1,True,-0.25354874556748896
CMH-SFO,13,249.91070801871166,231.5041870691786,1,True,0.07650572608279482
CMH-SFO,14,197.3942657798849,241.01773581303158,1,True,-0.19966744552470672
CMH-SFO,15,216.91700890252204,238.85882742489085,1,True,-0.09635786424566906
CMH-SFO,16,187.57183763350562,234.30242273436804,1,True,-0.22245077969043692
CMH-SFO,17,160.87059326171874,201.29723765992898,1,True,-0.22418233681894684
CMH-SFO,18,183.15736009626823,185.00362110598653,1,True,-0.010029723849446448
CMH-SFO,19,200.61481628417968,193.81070042048952,1,True,0.034504820981244855
CMH-SFO,20,180.12451243122266,218.88099090245998,1,True,-0.19487981409299504
CMH-SFO,21,194.51366528787247,214.50655514912833,1,True,-0.09783787889695894
CMH-SFO,22,188.7459259033203,231.98617059858014,1,True,-0.20627595712270264
CMH-SFO,23,178.90847778320312,223.75939028028031,1,True,-0.22369694622426373
CMH-SFO,24,194.1242218017578,209.76964226631353,1,True,-0.0775117143350954
CMH-SJC,1,201.78570914755062,206.22180583064718,1,True,-0.021746028365891235
CMH-SJC,2,189.10219367925268,221.56896826081675,1,True,-0.15844633391545315
CMH-SJC,3,180.18934378539316,194.55018462567526,1,True,-0.07668194047891852
CMH-SJC,4,177.49593297446646,197.52109022116838,1,True,-0.10689766873687123
CMH-SJC,5,183.1388843677662,200.31141889631542,1,True,-0.08962845404461106
CMH-SJC,6,193.29770794351592,218.94927488317813,1,True,-0.12460855281507666
CMH-SJC,7,177.43136925790824,218.64922016350798,1,True,-0.20888482917714146
CMH-SJC,8,188.14515833700858,211.34593468938297,1,True,-0.11628250814574592
CMH-SJC,9,164.45794777558228,224.8544474393531,1,True,-0.312798391702402
CMH-SJC,10,168.78333519829644,242.63982010741094,1,True,-0.36296226982332946
CMH-SJC,11,184.47457808155124,221.48775828445923,1,True,-0.18285565480806465
CMH-SJC,12,181.52272935347125,205.60588399849686,1,True,-0.12458027537938943
CMH-SJC,13,170.61224894620935,207.26517435384633,1,True,-0.19460557726936134
CMH-SJC,14,182.01315849705747,225.89015018578732,1,True,-0.21596983608375098
CMH-SJC,15,242.66070883614677,230.41850103778899,1,True,0.051766982486713964
CMH-SJC,16,186.12698533799914,216.3053267744721,1,True,-0.1502618018058124
CMH-SJC,17,155.63635935927883,175.26460601701768,1,True,-0.1187746099114273
CMH-SJC,18,196.92499694824218,194.4476990001471,1,True,0.012659702936022477
CMH-SJC,19,171.6140316076446,212.29137223250382,1,True,-0.21271177538939412
CMH-SJC,20,189.17856924874442,218.20907131550595,1,True,-0.14276226608637277
CMH-SJC,21,174.37254423253677,203.30908841219815,1,True,-0.15353335485066388
CMH-SJC,22,205.94285583496097,254.07297206569362,1,True,-0.21002278590743906
CMH-SJC,23,187.125,243.2754005449351,1,True,-0.26241729443668227
CMH-SJC,24,239.875,245.78294431701187,1,True,-0.024330851938532128
CMH-SMF,1,207.16250648498536,202.22736784282483,1,True,0.024110892966019648
CMH-SMF,2,203.02836782036098,216.3812711836901,1,True,-0.0636962837805024
CMH-SMF,3,189.16499938964844,203.86821509072948,1,True,-0.07485413378682981
CMH-SMF,4,199.64084195419096,183.85033863093577,1,True,0.0823979123220786
CMH-SMF,5,144.65662963131825,184.66830699273936,1,True,-0.24419841807520015
CMH-SMF,6,157.28204893454526,213.72350392143846,1,True,-0.3066424582520364
CMH-SMF,7,208.10884945408827,224.40412695780617,1,True,-0.07538730705393615
CMH-SMF,8,185.06944444444446,218.1781991080842,1,True,-0.1645810259608229
CMH-SMF,9,154.63871282762096,206.41882528866037,1,True,-0.28881572604701855
CMH-SMF,10,180.0815444749824,215.59056154015946,1,True,-0.1799712872670849
CMH-SMF,11,185.6782590119735,204.89049257354185,1,True,-0.09846026820367548
CMH-SMF,12,179.29495875955485,193.71861957418508,1,True,-0.07737442764432423
CMH-SMF,13,159.43443273325437,192.50094515410746,1,True,-0.18846830594120867
CMH-SMF,14,189.7299316851762,220.70596942047575,1,True,-0.1512297117529764
CMH-SMF,15,225.45588078218344,232.16450009476742,1,True,-0.029321683372909746
CMH-SMF,16,203.75714242117746,230.9033517630613,1,True,-0.12507042600148122
CMH-SMF,17,200.25773148684158,200.86217205685256,1,True,-0.0030137673158163736
CMH-SMF,18,192.19117837793684,195.89278923782095,1,True,-0.01907691854515381
CMH-SMF,19,207.16666539510092,200.99087747170108,1,True,0.03026409482858572
CMH-SMF,20,188.26785687037878,216.96690455227034,1,True,-0.14187910893056266
CMH-SMF,21,190.32202898445777,227.01277882146377,1,True,-0.17628878341639176
CMH-SMF,22,202.70115661621097,258.7485988908196,1,True,-0.24412417015914833
CMH-SMF,23,211.06863403320312,242.25636322021484,1,True,-0.13781315722652732
CMH-SMF,24,199.63414001464844,230.51568510766123,1,True,-0.1438325169020711
CMH-SNA,1,258.3478257552437,231.38507198504547,1,True,0.1102235378635541
CMH-SNA,2,226.2499994677166,250.74264260834337,1,True,-0.10278650464217076
CMH-SNA,3,249.3651717110966,235.9123143652038,1,True,0.05545818849855877
CMH-SNA,4,216.5517217701879,222.7261611826554,1,True,-0.02811362157753816
CMH-SNA,5,255.86000061035156,244.4670017068156,1,True,0.04555008481200229
CMH-SNA,6,207.66483298500816,249.15337582453628,1,True,-0.18214327384898166
CMH-SNA,7,182.5759100789175,246.30568228626703,1,True,-0.29940734327112395
CMH-SNA,8,171.31216769748264,210.84078449938505,1,True,-0.20761583849172638
CMH-SNA,9,182.86086266559104,211.18181769792423,1,True,-0.14399390732678619
CMH-SNA,10,179.21658718970514,232.33679230941803,1,True,-0.2595929512707338
CMH-SNA,11,176.94711215679462,209.02170293995852,1,True,-0.1665872018418435
CMH-SNA,12,176.64814532244648,223.84572465180463,1,True,-0.23679721075437232
CMH-SNA,13,164.44067081085032,225.77909923562527,1,True,-0.31700724287193793
CMH-SNA,14,187.3201939625106,240.4361723500786,1,True,-0.24963523891282335
CMH-SNA,15,185.71738873357359,233.32744567773125,1,True,-0.22821671042709468
CMH-SNA,16,200.1859305683692,223.1122254885748,1,True,-0.10842831065232339
CMH-SNA,17,168.84971230567535,195.93548615627026,1,True,-0.148776409799539
CMH-SNA,18,187.67808470007492,193.17810664457434,1,True,-0.028884415995111823
CMH-SNA,19,215.24561733669705,214.03130575428838,1,True,0.005657489401269089
CMH-SNA,20,205.52427110394228,222.7969330535538,1,True,-0.08069660796569167
CMH-SNA,21,217.92307692307693,219.47894503944798,1,True,-0.007114163173866039
CMH-SNA,22,192.6590881347656,233.7380514053724,1,True,-0.1932788055899488
CMH-SNA,23,188.35849142974277,225.83742530214275,1,True,-0.1814683669709387
CMH-SNA,24,243.55435180664065,220.00449955838732,1,True,0.10169212963839591
COS-PHL,1,175.95348695267077,216.04651766045149,1,True,-0.2052740626043743
COS-PHL,2,159.7837819279851,227.165283203125,1,True,-0.3518563339989349
COS-PHL,3,191.02409142183973,226.57213490044893,1,True,-0.17066381741076686
COS-PHL,4,246.125,213.64753948274205,1,True,0.14151189151529575
COS-PHL,5,173.6233772178749,195.53846237685653,1,True,-0.11886864402197705
COS-PHL,6,200.73437523841858,184.31192471565456,1,True,0.08535295253337516
COS-PHL,7,225.0491780765721,202.2835839874116,1,True,0.10664835354363333
COS-PHL,8,191.76922607421878,199.78616544135713,1,True,-0.040954920202455725
COS-PHL,9,199.2291717529297,242.27692307692308,1,True,-0.19562560319662925
COS-PHL,10,193.3908093331874,209.98412512723732,1,True,-0.08231887288288764
COS-PHL,11,200.95348837209303,238.7280307913425,1,True,-0.17225147735123691
COS-PHL,12,194.31159541917887,222.30769573866263,1,True,-0.1345994065591185
COS-PHL,13,153.94736793919614,220.87755631427376,1,True,-0.3609977267824336
COS-PHL,14,160.33332851476837,238.06034758995318,1,True,-0.395269251448334
COS-PHL,15,185.28169186014526,252.41666400793827,1,True,-0.3092038249936797
COS-PHL,16,176.07142475673132,252.2888943142361,1,True,-0.35968510170280865
COS-PHL,17,206.0,157.35210773306832,1,True,0.26939015017937695
COS-PHL,18,171.25641103891226,154.6643416398055,1,True,0.10190468222127436
COS-PHL,19,191.3666727701823,162.9078383204025,1,True,0.16100670857434451
COS-PHL,20,181.6,180.63398523268356,1,True,0.005333663304899261
COS-PHL,21,220.25,203.07142841572664,1,True,0.08120548354728285
COS-PHL,22,205.9600067138672,173.8199969482422,1,True,0.16966174432354464
COS-PHL,23,180.23436927795413,178.92307265488418,1,True,0.007302103738207499
COS-PHL,24,183.36111450195312,187.5937441587448,1,True,-0.022821177588962627
COS-RDU,1,140.34722550710043,177.9617801350393,1,True,-0.23744927466729315
COS-RDU,2,174.95384568434494,173.23293111410484,1,True,0.00988508868316007
COS-RDU,3,173.92232861565154,182.33051325911183,1,True,-0.04721223476033476
COS-RDU,4,184.5844128100903,189.44135783631125,1,True,-0.025972638447297136
COS-RDU,5,193.98437595367432,193.672218492296,1,True,0.0016104848121756277
COS-RDU,6,225.18888922797308,202.20376448197797,1,True,0.10766363366564669
COS-RDU,7,200.75510577766264,208.4862090538288,1,True,-0.037787109408463415
COS-RDU,8,166.13636779785156,192.5212410591744,1,True,-0.14739754693083107
COS-RDU,9,152.50602464790805,176.64563440119178,1,True,-0.14694155907663475
COS-RDU,10,159.33734755918204,191.34251680148867,1,True,-0.18304146632788587
COS-RDU,11,184.31775800758433,202.94070880874816,1,True,-0.09625264769964836
COS-RDU,12,157.27778328789606,192.32733384825343,1,True,-0.20118522194010247
COS-RDU,13,173.54205764342692,229.68595646629646,1,True,-0.28029299206006986
COS-RDU,14,225.14285652004943,235.42221815321182,1,True,-0.044645456454034615
COS-RDU,15,207.5277745988634,252.97202839884724,1,True,-0.19801373872532402
COS-RDU,16,194.6428598676409,222.8724515486737,1,True,-0.13543325019466224
COS-RDU,17,226.68182442405006,206.13375805897317,1,True,0.0950221106809126
COS-RDU,18,188.51514642888853,186.52800445556642,1,True,0.01059697031789053
COS-RDU,19,177.2807079114412,179.93589476234894,1,True,-0.014866250514337764
COS-RDU,20,204.4255358107547,184.20438290338447,1,True,0.10415786330547849
COS-RDU,21,168.03333791097006,181.9932454083417,1,True,-0.07980717358419831
COS-RDU,22,175.11111450195312,201.92754146557502,1,True,-0.14248821498944064
COS-RDU,23,184.06249491373697,196.23873729533977,1,True,-0.06405661922522832
COS-RDU,24,203.36111450195312,192.91327176775246,1,True,0.05274256903518637
DCA-GEG,1,271.05645505843626,227.0652207084324,1,True,0.17708982832241205
DCA-GEG,2,273.0066132198106,251.185481779037,1,True,0.08330438168174403
DCA-GEG,3,290.9494279154231,279.8688459552702,1,True,0.03882837870684419
DCA-GEG,4,261.47222179836695,263.65217059591544,1,True,-0.008302647341525748
DCA-GEG,5,254.3309783935547,268.7708333333333,1,True,-0.055222612508950775
DCA-GEG,6,318.2977167959432,292.9256168081741,1,True,0.08306845190409096
DCA-GEG,7,352.5754246205591,273.7803085789536,1,True,0.25293857864639957
DCA-GEG,8,273.1171261899106,288.97701149425285,1,True,-0.0564464031069658
DCA-GEG,9,226.69032317130797,288.25961861243616,1,True,-0.24027665659770925
DCA-GEG,10,294.0828294020433,270.8520668526373,1,True,0.08228866725841488
DCA-GEG,11,257.5397462150119,319.73076782226565,1,True,-0.21630522867886803
DCA-GEG,12,235.22058157827337,320.78571810041154,1,True,-0.31024963645788084
DCA-GEG,13,258.15503875968994,314.96550934890223,1,True,-0.19890280883685385
DCA-GEG,14,271.0436598598697,338.986211737271,1,True,-0.2236795188144569
DCA-GEG,15,255.54355507029888,317.1119930419922,1,True,-0.21586213678035548
DCA-GEG,16,213.73295905373314,313.75509939388354,1,True,-0.38388536244860916
DCA-GEG,17,223.8613135344791,337.90361519319464,1,True,-0.41173396856184574
DCA-GEG,18,215.79274176563,307.43749351501464,1,True,-0.3539533752830559
DCA-GEG,19,268.3904782249814,252.14569859788907,1,True,0.06243583893097693
DCA-GEG,20,251.87838497677365,282.14414070747995,1,True,-0.11347170588814226
DCA-GEG,21,220.86792913472877,287.27082920074463,1,True,-0.262860509393092
DCA-GEG,22,260.046142578125,262.13793145541484,1,True,-0.008011734444826502
DCA-GEG,23,256.8999938964844,284.2727251919833,1,True,-0.10124719698243112
DCA-GEG,24,287.34783935546875,246.97142857142856,1,True,0.1514208095797267
DCA-GPT,1,200.0727274576823,157.1700003051758,1,True,0.24135291370650336
DCA-GPT,2,205.41666702997117,149.1739155313243,1,True,0.3199275948506246
DCA-GPT,3,204.04348224142322,148.5729195276896,1,True,0.3172572410613501
DCA-GPT,4,215.31731304755579,181.56250111262003,1,True,0.17051286156062506
DCA-GPT,5,195.86348920549665,172.43750349680582,1,True,0.12738306067149008
DCA-GPT,6,208.93650512695314,195.78571319580078,1,True,0.06500964146628618
DCA-GPT,7,201.24293138751875,171.82758541764883,1,True,0.15802122843987032
DCA-GPT,8,200.17500305175776,158.63333333333333,1,True,0.23259653974519168
DCA-GPT,9,201.90269775390624,133.3333307902018,1,True,0.4149336476952632
DCA-GPT,10,201.72896839747918,107.55555661519368,1,True,0.6289175360623984
DCA-GPT,11,186.58741461480415,107.62500190734863,1,True,0.5502468598744183
DCA-GPT,12,209.34545667243725,133.09756097560975,1,True,0.45290338968151733
DCA-GPT,13,216.55943885216342,177.56451908234627,1,True,0.1985310234562796
DCA-GPT,14,198.29032135009766,184.69565814474353,1,True,0.07102284689550853
DCA-GPT,15,223.02381243024553,170.04224814831372,1,True,0.2712316232635743
DCA-GPT,16,211.01492218473064,176.97029385708348,1,True,0.17594696505741858
DCA-GPT,17,206.40952279227122,195.10000762939453,1,True,0.05634988336844504
DCA-GPT,18,187.6499981689453,169.77778116861978,1,True,0.1000881034607275
DCA-GPT,19,192.98485149036753,160.1999984741211,1,True,0.18618867102777248
DCA-GPT,20,196.91667073567712,169.89999389648438,1,True,0.14757065530880276
DCA-GPT,21,163.6666717529297,175.99999830457898,1,True,-0.07265211520170389
DCA-GPT,22,206.8848419189453,172.99999820484834,1,True,0.1788707351090819
DCA-GPT,23,195.23365141966633,177.31250286102295,1,True,0.09628332498416547
DCA-GPT,24,170.022216796875,188.2,1,True,-0.10157611159938362
DCA-HNL,1,401.85491658739477,412.06809140469164,1,True,-0.025097486627577048
DCA-HNL,2,365.8922382223195,429.641344738409,1,True,-0.16061191968250554
DCA-HNL,3,373.11606706891735,424.4062550226847,1,True,-0.12880160213250047
DCA-HNL,4,389.0860119891423,409.6732803580514,1,True,-0.05155953515842171
DCA-HNL,5,383.82082443237306,422.8221202997061,1,True,-0.0967757305632091
DCA-HNL,6,375.5388997395833,408.46168360216865,1,True,-0.08403605175774054
DCA-HNL,7,379.6494839068541,476.72935408845956,1,True,-0.2277005217461907
DCA-HNL,8,374.3478285511088,465.4232438070732,1,True,-0.21776180526543687
DCA-HNL,9,442.4322059760659,500.2624692741654,1,True,-0.12284565336161268
DCA-HNL,10,490.2896551724138,520.5706625976562,1,True,-0.059929288454593
DCA-HNL,11,436.84209803531047,496.2023790147569,1,True,-0.12741206764109947
DCA-HNL,12,465.2658281929885,497.89800046095206,1,True,-0.0677863219174073
DCA-HNL,13,460.65540952940245,460.891351805558,1,True,-0.0005120571005399199
DCA-HNL,14,515.5669382651021,497.4639379787631,1,True,0.035744078675274515
DCA-HNL,15,467.3282872980291,582.8540148766212,1,True,-0.2209047703348972
DCA-HNL,16,411.4242364132043,501.89761912027996,1,True,-0.1987712653928977
DCA-HNL,17,371.9591747465588,464.4087125532854,1,True,-0.2219809075833341
DCA-HNL,18,329.8915693903544,486.41648012141593,1,True,-0.3883011890444594
DCA-HNL,19,413.1063849266539,545.1060990069376,1,True,-0.27727530238136744
DCA-HNL,20,665.7954406738281,473.7676347479763,1,True,0.34026549777968107
DCA-HNL,21,536.2100219726562,460.13573689149416,1,True,0.1530043902087712
DCA-HNL,22,461.3021545410156,441.4045231021951,1,True,0.044091520194995404
DCA-HNL,23,447.5135192871094,469.32114870104766,1,True,-0.047580538182370624
DCA-HNL,24,472.2543029785156,467.14077579800335,1,True,0.010886958646146638
DCA-LIT,1,171.1656983841297,177.4,1,True,-0.03577498614834873
DCA-LIT,2,195.21271677180434,172.31915348134143,1,True,0.12474151833812819
DCA-LIT,3,182.83285267414897,162.47618611653647,1,True,0.11804091804091943
DCA-LIT,4,246.84365452073683,273.1904805501302,1,True,-0.10141412427253282
DCA-LIT,5,272.02667130533854,243.25714285714287,1,True,0.11178103285973862
DCA-LIT,6,220.22654860297934,259.06382978723406,1,True,-0.1624176955075498
DCA-LIT,7,219.53625957782452,291.44116973876953,1,True,-0.28332075577326155
DCA-LIT,8,163.95384638859676,214.7,1,True,-0.26965674112760674
DCA-LIT,9,173.02040216874104,189.99999861283735,1,True,-0.09361454570401762
DCA-LIT,10,168.77849856140793,148.64285714285714,1,True,0.1270406990794788
DCA-LIT,11,167.3800439540111,209.76923311673679,1,True,-0.22574109737011838
DCA-LIT,12,172.14359887025998,197.91666793823242,1,True,-0.13951706745544268
DCA-LIT,13,232.58293954569015,274.6000061035156,1,True,-0.16606862491736063
DCA-LIT,14,221.84433818313312,214.26087089206862,1,True,0.034781661098909566
DCA-LIT,15,245.28994137013453,283.04545177112925,1,True,-0.14316654671012596
DCA-LIT,16,214.1866676161024,191.88635947487572,1,True,0.10994459432390791
DCA-LIT,17,200.81528516635774,217.6296262387876,1,True,-0.0804091494417527
DCA-LIT,18,188.29937847749687,205.85714372907364,1,True,-0.08914931622584099
DCA-LIT,19,172.57456167120682,198.51724506246632,1,True,-0.1400465885885156
DCA-LIT,20,184.60752277989542,195.19444359673395,1,True,-0.05576413536768232
DCA-LIT,21,173.5657858597605,206.1632677973533,1,True,-0.1721117202601956
DCA-LIT,22,205.5431095649456,164.615383206881,1,True,0.22204404884258633
DCA-LIT,23,195.1553386206766,192.5483863584457,1,True,0.013448369901918333
DCA-LIT,24,174.6221775382892,173.90769371619592,1,True,0.00409999189102539
DCA-PDX,1,235.51339203970772,223.3417900199321,1,True,0.05306448948938591
DCA-PDX,2,256.36070900298984,217.6328537836537,1,True,0.16377598623920342
DCA-PDX,3,240.11621737698897,227.21268673812415,1,True,0.05523652040245608
DCA-PDX,4,220.3452386856079,208.13077872997422,1,True,0.05702895707390265
DCA-PDX,5,239.24695719977623,206.99663205950446,1,True,0.14479378928486053
DCA-PDX,6,266.46636495568083,245.75686900358625,1,True,0.08090531552194591
DCA-PDX,7,252.3918860358161,249.13412505055703,1,True,0.01299157664333439
DCA-PDX,8,239.67405261269099,234.17287269775926,1,True,0.023220271342891508
DCA-PDX,9,283.09423268902367,228.91636670661694,1,True,0.2124230939578302
DCA-PDX,10,289.1499997820173,251.5834904050364,1,True,0.13917067959900464
DCA-PDX,11,278.11079108680303,279.0237584869247,1,True,-0.0032773706746924702
DCA-PDX,12,291.5224454918686,262.82725370599985,1,True,0.10362001644309071
DCA-PDX,13,303.32884820515676,256.4098645122444,1,True,0.16804032715350292
DCA-PDX,14,303.89700793903137,285.31574736168636,1,True,0.06309240183376197
DCA-PDX,15,314.0255551079211,299.7081221998515,1,True,0.046665293234638305
DCA-PDX,16,273.13574936810664,266.68309930792435,1,True,0.023907862523604884
DCA-PDX,17,236.06722708309397,235.01420909708196,1,True,0.004470648422967294
DCA-PDX,18,281.44553730275373,265.12909132529313,1,True,0.059722111241730325
DCA-PDX,19,398.05883234197444,269.96961451019416,1,True,0.3882904005005843
DCA-PDX,20,365.7631518715306,271.2111536272245,1,True,0.2990883157262747
DCA-PDX,21,325.047607421875,258.40262028592747,1,True,0.22945274369450086
DCA-PDX,22,307.21612750042925,257.4896040877426,1,True,0.17657215145530447
DCA-PDX,23,288.42132831709034,260.80352073991804,1,True,0.1006550268880888
DCA-PDX,24,285.4572871989341,252.80106798032435,1,True,0.12148952402534086
DCA-SNA,1,290.8444458007813,226.2283462364217,1,True,0.251243702978182
DCA-SNA,2,255.16666622438294,225.72068972810322,1,True,0.12261857591998471
DCA-SNA,3,297.25286865234375,235.82608716502693,1,True,0.2314885715877617
DCA-SNA,4,242.4867183719061,225.44919327169862,1,True,0.07285211271906178
DCA-SNA,5,287.54761977422805,222.74011670128775,1,True,0.2553827846190808
DCA-SNA,6,248.7243254790435,230.7433381751463,1,True,0.07503915390450899
DCA-SNA,7,261.6356004617982,248.61628203281137,1,True,0.0510420258815758
DCA-SNA,8,290.6595747927402,259.10890989020317,1,True,0.11490426147425659
DCA-SNA,9,188.28251689004256,224.98366544713926,1,True,-0.1780842173092516
DCA-SNA,10,211.05990263064336,257.38357634914473,1,True,-0.1984254952710831
DCA-SNA,11,197.6168565421269,240.06587899600757,1,True,-0.19458329342893954
DCA-SNA,12,239.69229983719143,252.21783839912172,1,True,-0.050937135434312
DCA-SNA,13,307.3718007405599,244.42215716681568,1,True,0.22916120952861085
DCA-SNA,14,241.6355125213338,279.58968608180913,1,True,-0.14589267738819434
DCA-SNA,15,199.70180419294263,277.4846419746994,1,True,-0.32894031252217637
DCA-SNA,16,165.33891353846593,226.9085307577041,1,True,-0.31654959934403415
DCA-SNA,17,226.0246883439429,217.08211518192184,1,True,0.04036854082822394
DCA-SNA,18,167.5602618288916,198.43006024663083,1,True,-0.16909363803822064
DCA-SNA,19,191.0279045637264,193.92086579302233,1,True,-0.015030652994965088
DCA-SNA,20,158.1495035874883,185.61772864457092,1,True,-0.16014852562923743
DCA-SNA,21,181.69952335268118,186.3555338030956,1,True,-0.02530196910149396
DCA-SNA,22,203.71513805898786,213.7881123469426,1,True,-0.04826275936976909
DCA-SNA,23,216.6049358226635,201.0066353789473,1,True,0.07473720268909378
DCA-SNA,24,261.8351135253906,216.3546074039829,1,True,0.19079620544504383
DEN-ORF,1,211.6160009765625,154.83181630914862,1,True,0.3124338443573125
DEN-ORF,2,192.85989903251905,163.1626053063204,1,True,0.16721673143245308
DEN-ORF,3,200.44000396728518,188.48461691049428,1,True,0.061498574228332714
DEN-ORF,4,194.75196291705754,177.06984677034265,1,True,0.09518249460768224
DEN-ORF,5,206.23333168029785,170.18181664052636,1,True,0.19214083067103793
DEN-ORF,6,242.98013053035103,181.65414760423744,1,True,0.2908750812822829
DEN-ORF,7,150.23333721738874,185.06346010170566,1,True,-0.20850912695262558
DEN-ORF,8,150.97985921770135,210.65551788432143,1,True,-0.3330777373887397
DEN-ORF,9,179.68868255615234,193.36013043271768,1,True,-0.07332859880186593
DEN-ORF,10,179.27857339041574,197.5161292494135,1,True,-0.0968793760697837
DEN-ORF,11,170.40952693394252,188.72322798953613,1,True,-0.10207701753396936
DEN-ORF,12,170.26244620068582,205.26631686457142,1,True,-0.18696719489115132
DEN-ORF,13,193.46428789411272,201.20809336756005,1,True,-0.03924672615142111
DEN-ORF,14,194.17603322004112,222.75787268539318,1,True,-0.13732027350255205
DEN-ORF,15,220.32602383126286,237.75289333741176,1,True,-0.0761234951259544
DEN-ORF,16,189.3155507405599,224.9402154839557,1,True,-0.1724194544401927
DEN-ORF,17,150.81818320534447,167.9174285795346,1,True,-0.10739733543919261
DEN-ORF,18,158.06039950991638,175.8585668681267,1,True,-0.10670283928296875
DEN-ORF,19,161.8098574356294,182.5803706900324,1,True,-0.12076853707213697
DEN-ORF,20,203.21854749262727,214.55897565010267,1,True,-0.05430265676393464
DEN-ORF,21,169.24192810058594,183.33887570403343,1,True,-0.08000700172717146
DEN-ORF,22,185.03138732910156,186.6135172191071,1,True,-0.008514253408809402
DEN-ORF,23,193.33188425921978,193.3143830570489,1,True,9.052823555855127e-05
DEN-ORF,24,186.96153846153845,205.87991142713446,1,True,-0.09639012554450943
DEN-RDU,1,161.51925798489603,136.59172436345443,1,True,0.16762801773152347
DEN-RDU,2,160.80843387374782,140.0079519404152,1,True,0.13851458426238317
DEN-RDU,3,169.12843311338352,149.01663503687982,1,True,0.1266004412945616
DEN-RDU,4,192.1611884729186,155.18584975460334,1,True,0.21371111379074126
DEN-RDU,5,161.8745498934659,172.80968568035377,1,True,-0.06536925432103935
DEN-RDU,6,203.34526483482108,180.28553979712797,1,True,0.12036342009258227
DEN-RDU,7,179.7775896257381,183.6838211504787,1,True,-0.021495442516153318
DEN-RDU,8,153.98165230007348,170.7947361487817,1,True,-0.10362900767134242
DEN-RDU,9,149.28739903554194,151.95840428134417,1,True,-0.01773352666637784
DEN-RDU,10,173.63409493618843,175.53671445998162,1,True,-0.010898037884574663
DEN-RDU,11,170.27763045048653,188.624428088952,1,True,-0.10232765982676106
DEN-RDU,12,183.92441709651504,214.68429923409084,1,True,-0.15464367678446944
DEN-RDU,13,157.37165330693045,207.5861214944053,1,True,-0.2769360704946706
DEN-RDU,14,195.67346957459742,202.4479120114154,1,True,-0.03403533042516127
DEN-RDU,15,177.7981421429178,201.4329087017952,1,True,-0.12480749276191538
DEN-RDU,16,160.6417093038909,200.83238848323052,1,True,-0.22329419500409475
DEN-RDU,17,122.10792391417456,161.43061786416135,1,True,-0.27917016367241665
DEN-RDU,18,135.0556222117505,160.89878759608294,1,True,-0.17508880886430234
DEN-RDU,19,153.4673335652056,161.6064419050572,1,True,-0.05167627483661885
DEN-RDU,20,167.9011270587364,180.39584300056254,1,True,-0.07177828738932934
DEN-RDU,21,153.92795439474446,167.7842540529941,1,True,-0.08619428770150694
DEN-RDU,22,175.6521736287182,181.31608841170126,1,True,-0.031736099587349464
DEN-RDU,23,170.58233030399163,188.32176069694572,1,True,-0.0989339371036504
DEN-RDU,24,163.25760265296176,196.74650256773046,1,True,-0.18658677343026842
DTW-SAV,1,151.93706500002276,117.97157528110868,1,True,0.2530226810536682
DTW-SAV,2,170.948406435055,145.1138160933001,1,True,0.16384342113105
DTW-SAV,3,186.78571428571428,147.159761688413,1,True,0.23844323605314344
DTW-SAV,4,200.82811784744263,181.83695403389308,1,True,0.09933897853464213
DTW-SAV,5,183.9626499983285,159.8142066496969,1,True,0.14072081579485118
DTW-SAV,6,207.41632899070274,173.68070073713335,1,True,0.17750946436356685
DTW-SAV,7,199.60674260171612,166.35519300783918,1,True,0.18222392453928027
DTW-SAV,8,211.2784881591797,158.78845992455115,1,True,0.28560423666442425
DTW-SAV,9,172.90307173492215,176.80120730112833,1,True,-0.022294820312553476
DTW-SAV,10,176.01363372802734,167.233013807377,1,True,0.051173324240957996
DTW-SAV,11,166.6148681640625,148.93710754202596,1,True,0.11216085062887249
DTW-SAV,12,170.25249012284897,148.79545549912885,1,True,0.1347099902627722
DTW-SAV,13,202.07272200150922,169.64356360105003,1,True,0.17492809129169906
DTW-SAV,14,183.36170959472656,183.0381649543942,1,True,0.001766074427976605
DTW-SAV,15,173.5370330810547,182.97043788744057,1,True,-0.052933574430122476
DTW-SAV,16,172.4525604248047,181.19707650511805,1,True,-0.0494630727824541
DTW-SAV,17,271.1538391113281,225.8119611169538,1,True,0.18298370932555308
DTW-SAV,18,256.1836853027344,211.783179055273,1,True,0.19033169688748863
DTW-SAV,19,230.41803753962282,202.86214597725575,1,True,0.127368549185765
DTW-SAV,20,222.73553466796875,187.9151467679727,1,True,0.1699946105166612
DTW-SAV,21,266.8514990476098,211.8695653121664,1,True,0.23072149296895095
DTW-SAV,22,218.13934326171875,195.40176129830547,1,True,0.11007629449137646
DTW-SAV,23,235.56000451660157,183.72873654420349,1,True,0.24850526534065764
DTW-SAV,24,265.93457715756426,198.83720714589563,1,True,0.2907638926033931
DTW-SLC,1,188.4958286464401,185.4840188919137,1,True,0.016107150636444523
DTW-SLC,2,201.237859491057,173.31776050318066,1,True,0.14936091334840462
DTW-SLC,3,182.34262765492295,174.76717711586988,1,True,0.042432815143135016
DTW-SLC,4,187.03119905423625,180.7469562934511,1,True,0.034177421220506154
DTW-SLC,5,207.11851184986259,200.65081534618665,1,True,0.031724990222421035
DTW-SLC,6,234.18182339305082,225.0749351253716,1,True,0.03966444491991172
DTW-SLC,7,233.03328077313262,228.80653913534303,1,True,0.018304440067583805
DTW-SLC,8,219.5314868079292,195.45126020521033,1,True,0.11618463017001357
DTW-SLC,9,289.26399022982145,194.35439247063564,1,True,0.3976564742943012
DTW-SLC,10,270.5384512094351,197.85473984515681,1,True,0.31288111252749307
DTW-SLC,11,270.21514252747454,208.987773867283,1,True,0.25694271386730705
DTW-SLC,12,249.90224902549485,201.4508974700548,1,True,0.21552417082368436
DTW-SLC,13,242.01537105329442,208.05607191424502,1,True,0.15119362100584155
DTW-SLC,14,252.6150146990027,210.41826874170548,1,True,0.18276934304905446
DTW-SLC,15,261.5040566274526,222.41847094691332,1,True,0.1618891845537549
DTW-SLC,16,207.51522429542086,175.07692254873422,1,True,0.1699792723099236
DTW-SLC,17,148.55828541557761,165.02796191143733,1,True,-0.10513755005476355
DTW-SLC,18,195.67980890733037,135.27724589535657,1,True,0.36915334954831547
DTW-SLC,19,218.11566233495523,153.18267103866893,1,True,0.3533943456767137
DTW-SLC,20,228.94883567023334,205.79002174171242,1,True,0.10664221656588957
DTW-SLC,21,255.11094664375736,213.7920771306104,1,True,0.17669459489685124
DTW-SLC,22,267.0215386846585,194.31904896327427,1,True,0.3178279338739447
DTW-SLC,23,254.89556872102733,203.81414517489347,1,True,0.22364540133006638
DTW-SLC,24,276.18157039780215,189.14767588039993,1,True,0.3785304493536197
EWR-GEG,1,218.94340025703863,238.62245115941886,1,True,-0.08606935052585563
EWR-GEG,2,242.54128846334754,269.67059272317323,1,True,-0.10602922961922179
EWR-GEG,3,238.42856992524247,277.5048665167059,1,True,-0.15176870172848833
EWR-GEG,4,247.14607153045998,245.01439397798168,1,True,0.008662584795048112
EWR-GEG,5,307.3999918619792,265.39603945288326,1,True,0.1469266057796501
EWR-GEG,6,306.9821526663644,265.3130388342816,1,True,0.1458792038145269
EWR-GEG,7,325.6090115425282,310.45133310503667,1,True,0.04767015856592671
EWR-GEG,8,299.9324349068307,285.0272034106611,1,True,0.0509726060365594
EWR-GEG,9,310.3636446866122,259.91751664938386,1,True,0.17738032034596962
EWR-GEG,10,305.06329963780655,283.7130437436311,1,True,0.07255597686994353
EWR-GEG,11,315.29838635844567,327.9500030517578,1,True,-0.039341718304891415
EWR-GEG,12,331.8787952769886,276.5205483632545,1,True,0.18248469363144793
EWR-GEG,13,224.92523478570385,295.5466719563802,1,True,-0.27305870955475164
EWR-GEG,14,317.33606757492316,298.9411865234375,1,True,0.05971450894158892
EWR-GEG,15,335.22122516463287,289.20618179163984,1,True,0.14765082195419854
EWR-GEG,16,283.6000006103516,269.3759455860109,1,True,0.05145682566218124
EWR-GEG,17,405.3333435058594,278.9764766917509,1,True,0.3735823336206563
EWR-GEG,18,240.01562428474426,235.67200317382813,1,True,0.018263001135392365
EWR-GEG,19,293.1040009765625,257.20174970124896,1,True,0.13066670295257943
EWR-GEG,20,256.56362831809304,229.4526327032792,1,True,0.11168008271765206
EWR-GEG,21,404.55555555555554,239.47422035453246,1,True,0.5243432992200621
EWR-GEG,22,289.4814944797092,276.7395849227905,1,True,0.045014435261444774
EWR-GEG,23,314.0625051770891,270.6990300150751,1,True,0.14858441380478293
EWR-GEG,24,249.47619289822052,286.9883628667787,1,True,-0.14007817604177664
EWR-SMF,1,186.9,245.40304774864046,1,True,-0.27232823725178434
EWR-SMF,2,236.93799052866854,250.99851355289738,1,True,-0.05764855345264763
EWR-SMF,3,230.8110587124451,261.3371816409768,1,True,-0.12421200905617269
EWR-SMF,4,216.0125853340581,246.01127595026136,1,True,-0.1300407006558002
EWR-SMF,5,231.73786126294183,271.12586528158295,1,True,-0.15697633610161965
EWR-SMF,6,250.12217484556174,278.74733656327294,1,True,-0.10835626992887626
EWR-SMF,7,234.92672755800442,274.17656962076825,1,True,-0.15449864561677007
EWR-SMF,8,229.12359190522955,251.07017461116615,1,True,-0.09147091957063935
EWR-SMF,9,230.60305588117993,242.77428053808336,1,True,-0.05143426536645279
EWR-SMF,10,267.42083129882815,268.57833292643227,1,True,-0.004319049372515593
EWR-SMF,11,279.94581310854755,279.7433195879115,1,True,0.0007235928576836415
EWR-SMF,12,265.21470012772556,282.806957477072,1,True,-0.06422484870970191
EWR-SMF,13,339.38370815543243,313.6017402382784,1,True,0.07900751205879963
EWR-SMF,14,310.7017504597268,329.23159690956015,1,True,-0.05792799478313082
EWR-SMF,15,284.96913391866804,336.04528860416053,1,True,-0.16486506602876627
EWR-SMF,16,235.84313306621476,299.5412060709998,1,True,-0.23908509734302452
EWR-SMF,17,266.95774003149756,290.11110858971574,1,True,-0.08317361383424426
EWR-SMF,18,222.00000204968805,273.91574617711507,1,True,-0.21014317229250512
EWR-SMF,19,232.69271063804626,278.26344148916155,1,True,-0.17884955155802995
EWR-SMF,20,194.17319126235705,236.17900114338494,1,True,-0.19583949767147324
EWR-SMF,21,252.0,231.11607142857142,1,True,0.0865090294705162
EWR-SMF,22,291.24627685546875,269.99999745686847,1,True,0.07574727188997077
EWR-SMF,23,250.62353587431068,277.8138777675689,1,True,-0.102999428893499
EWR-SMF,24,266.77401474774894,279.8949424951457,1,True,-0.04801241408739365
FLL-LIT,1,157.00366473634602,188.54053847854203,1,True,-0.18304389466235715
FLL-LIT,2,115.93516236112599,169.45000343322755,1,True,-0.37952682863848963
FLL-LIT,3,137.66165723298727,166.7333309173584,1,True,-0.19159679979260336
FLL-LIT,4,182.08500198364257,310.6,1,True,-0.5340322888026625
FLL-LIT,5,180.48360680752114,202.4594623462574,1,True,-0.11489972792481051
FLL-LIT,6,170.58952544766223,201.06976611115212,1,True,-0.16439170805706738
FLL-LIT,7,170.66225155457758,186.6000015258789,1,True,-0.08928083035114298
FLL-LIT,8,191.94630892964818,183.16666949236836,1,True,0.046819191327023724
FLL-LIT,9,179.00000386298458,180.31428506033762,1,True,-0.00731552904643884
FLL-LIT,10,144.66396773488898,202.45714198521205,1,True,-0.33611463058143976
FLL-LIT,11,157.7539267015707,183.28571023746412,1,True,-0.15000980043414902
FLL-LIT,12,160.4126969594804,200.69411800608916,1,True,-0.2240320975780703
FLL-LIT,13,213.9224090576172,209.09230628380408,1,True,0.02283756345527621
FLL-LIT,14,169.04698027540374,205.18919413798565,1,True,-0.1937557856773937
FLL-LIT,15,158.16410358135516,208.97726995294744,1,True,-0.27859236555894995
FLL-LIT,16,156.8918901048265,216.14633848608995,1,True,-0.32039870118320657
FLL-LIT,17,151.9649104068154,221.03845743032602,1,True,-0.3746870602916701
FLL-LIT,18,189.9772713401101,181.26595842077376,1,True,0.046939104160801826
FLL-LIT,19,155.56896656957167,185.8378405871692,1,True,-0.17778532044028683
FLL-LIT,20,152.1020448645767,206.30951999482653,1,True,-0.30482592198974867
FLL-LIT,21,159.4,222.47524269028466,1,True,-0.33339906025163746
FLL-LIT,22,207.30096435546875,202.60330427185562,1,True,0.022921770391512553
FLL-LIT,23,179.05987548828125,180.83076899601863,1,True,-0.009841366136123852
FLL-LIT,24,198.8972015380859,214.93137075386795,1,True,-0.07753065530661907
FLL-MEM,1,183.9614092446313,156.45205092756714,1,True,0.16197642406026702
FLL-MEM,2,181.32452501072706,161.07424260435147,1,True,0.11842298881623758
FLL-MEM,3,182.96782589358884,165.46428312574113,1,True,0.10055496299774092
FLL-MEM,4,199.10616669182798,167.99418764336164,1,True,0.1699088019835946
FLL-MEM,5,205.40638193474993,167.30968027422506,1,True,0.205143899685444
FLL-MEM,6,195.84239108713302,175.0584427474381,1,True,0.11219033191186867
FLL-MEM,7,188.5346983900582,151.50000505323533,1,True,0.2186964079838143
FLL-MEM,8,194.91388017904484,158.91617314687034,1,True,0.2041809706226969
FLL-MEM,9,216.09451671408937,161.89361864455202,1,True,0.28877644486187837
FLL-MEM,10,190.31058553407078,167.5549203508851,1,True,0.1273462180473386
FLL-MEM,11,192.20713000467555,147.43678748470614,1,True,0.2651740681503254
FLL-MEM,12,189.35132093462414,159.1529955472756,1,True,0.17373815476257182
FLL-MEM,13,199.74780889143022,145.35090934335582,1,True,0.3179047321142514
FLL-MEM,14,203.5276316592568,172.010234637472,1,True,0.16824779902505238
FLL-MEM,15,210.8528282309478,158.77681794391683,1,True,0.28366083814080145
FLL-MEM,16,207.07789794258449,177.23428370884486,1,True,0.1556225469264536
FLL-MEM,17,219.22819558964218,188.0515456052171,1,True,0.15339707231560595
FLL-MEM,18,210.38679069662993,117.52966276265805,1,True,0.5822569462643532
FLL-MEM,19,208.75609651214532,116.03488682591637,1,True,0.5872756737632319
FLL-MEM,20,225.8586325121176,183.0226059391,1,True,0.21029960876112064
FLL-MEM,21,249.98608491317086,223.31250490461073,1,True,0.11283309821921428
FLL-MEM,22,225.42687798300278,179.52201900842056,1,True,0.22769797123058577
FLL-MEM,23,208.76335516776751,162.8991935483871,1,True,0.24806977353345072
FLL-MEM,24,216.0902432770708,166.13432691583586,1,True,0.26289945396210346
GEG-IAD,1,226.31817904385653,269.4545365010411,1,True,-0.17445779936400108
GEG-IAD,2,260.0612251126036,219.02758620689656,1,True,0.17171939819780047
GEG-IAD,3,281.47222222222223,245.38532250080632,1,True,0.1372040450142773
GEG-IAD,4,283.0612213757573,288.97691110464245,1,True,-0.02068358835242634
GEG-IAD,5,330.0,251.21698026837043,1,True,0.272775625541275
GEG-IAD,6,306.57893532200865,282.22307833158055,1,True,0.08277744384432317
GEG-IAD,7,333.4615478515625,312.27778154538004,1,True,0.06563444274152985
GEG-IAD,8,240.1294101490694,283.81168930251874,1,True,-0.16713296542409495
GEG-IAD,9,203.9746783292746,245.96240727704273,1,True,-0.18718284800475704
GEG-IAD,10,251.33846341646634,251.01427648635138,1,True,0.0012906746569409933
GEG-IAD,11,202.7142835344587,266.6709463005392,1,True,-0.27421797014653126
GEG-IAD,12,210.54400134277344,230.8358180107762,1,True,-0.09201204949563113
GEG-IAD,13,317.8548436318674,267.76230608830684,1,True,0.17149514261534193
GEG-IAD,14,253.66666056315105,307.321101827359,1,True,-0.19187209013769824
GEG-IAD,15,245.53509708873014,299.93391519286035,1,True,-0.2001222690185207
GEG-IAD,16,205.8571434020996,258.92307408650714,1,True,-0.22934855674248844
GEG-IAD,17,221.83333333333334,237.03030950372866,1,True,-0.06626167199246247
GEG-IAD,18,194.25373521491662,257.38888662832755,1,True,-0.28142290076931076
GEG-IAD,19,197.96428898402624,256.82610022503394,1,True,-0.26031254728007625
GEG-IAD,20,185.31506452168503,248.718315661793,1,True,-0.29426356570282763
GEG-IAD,21,197.60000305175782,239.00943741708429,1,True,-0.19025823749480075
GEG-IAD,22,191.8115997314453,272.611105855306,1,True,-0.35153262002750196
GEG-IAD,23,215.84722900390625,262.64557831196845,1,True,-0.19623462803390979
GEG-IAD,24,207.1315765380859,237.48077333890475,1,True,-0.1367324390507969
GEG-PHL,1,200.1470514933268,221.57894206799963,1,True,-0.10172656974352368
GEG-PHL,2,208.10638535952737,242.16666887071398,1,True,-0.15157678642283745
GEG-PHL,3,234.85430857677332,274.9891231371009,1,True,-0.15776618627140948
GEG-PHL,4,247.5916666666667,238.0387553133706,1,True,0.03934738594290721
GEG-PHL,5,215.86486651446367,240.108104946377,1,True,-0.10643666528716889
GEG-PHL,6,304.8240021972656,246.79999754532523,1,True,0.211156285993213
GEG-PHL,7,273.3106007431493,247.20740949842664,1,True,0.1003811812851989
GEG-PHL,8,215.66279318166335,220.56548218500046,1,True,-0.02247857700647149
GEG-PHL,9,209.339176111054,216.89285455431258,1,True,-0.03544768501858897
GEG-PHL,10,266.0833414517916,225.78571567838154,1,True,0.1642231846692903
GEG-PHL,11,240.35684672628696,260.1698843466269,1,True,-0.07921013855735293
GEG-PHL,12,211.01765154670267,245.4318251176314,1,True,-0.15107742397764135
GEG-PHL,13,215.05660492519164,259.6630454685377,1,True,-0.18848353934363438
GEG-PHL,14,215.23770085319143,272.0335588903235,1,True,-0.23418243417684081
GEG-PHL,15,236.4019324005225,260.6164974471898,1,True,-0.09751650853544902
GEG-PHL,16,207.52765970433012,216.59638921898528,1,True,-0.04277103358844947
GEG-PHL,17,209.3793143787603,229.2548989688649,1,True,-0.09068697210104748
GEG-PHL,18,195.2798128040559,228.11904671078636,1,True,-0.15543415990448217
GEG-PHL,19,232.30350479541585,246.306880890377,1,True,-0.058533514735989556
GEG-PHL,20,206.61585700802686,257.97435486622345,1,True,-0.2219988742806036
GEG-PHL,21,204.1666679382324,250.03906404972076,1,True,-0.20268050187555176
GEG-PHL,22,237.50735473632812,252.43447897023168,1,True,-0.060953135509380196
GEG-PHL,23,259.1277732849121,275.682690180265,1,True,-0.061929257878848176
GEG-PHL,24,231.58119201660156,248.85542380091655,1,True,-0.07194156703794174
GEG-PIT,1,273.7037048339844,246.41860039289608,1,True,0.10501443464971949
GEG-PIT,2,250.8541717529297,251.71739196777344,1,True,-0.0034352164986701794
GEG-PIT,3,275.558837890625,281.6808439214179,1,True,-0.021973497419486065
GEG-PIT,4,215.5,283.93182719837534,1,True,-0.2757732547258289
GEG-PIT,5,244.9333343505859,261.3731254463765,1,True,-0.06496291700369117
GEG-PIT,6,378.2727355957031,229.10416730244955,1,True,0.5014386790090244
GEG-PIT,7,316.7959289550781,245.28925619834712,1,True,0.25581965765253933
GEG-PIT,8,235.1081085205078,257.78312719873634,1,True,-0.09207319455547669
GEG-PIT,9,226.19444274902344,213.46031746031747,1,True,0.05794404681868848
GEG-PIT,10,270.6458333333333,262.30303230670967,1,True,0.031310630829263886
GEG-PIT,11,230.77273316816851,300.59999084472656,1,True,-0.2643470597266049
GEG-PIT,12,220.67442286291788,256.2127649834816,1,True,-0.14931979693614306
GEG-PIT,13,206.77777777777777,263.8214362008231,1,True,-0.243627816966284
GEG-PIT,14,239.3623181771541,278.12870697927946,1,True,-0.15010560165942266
GEG-PIT,15,238.10344582042475,292.9098394425189,1,True,-0.207159620905343
GEG-PIT,16,284.79998779296875,255.34210164923417,1,True,0.10918291553040049
GEG-PIT,18,292.37499237060547,243.59258995527102,1,True,0.18254008233954178
GEG-PIT,19,371.26530923648755,271.19802826229886,1,True,0.3140676406467682
GEG-PIT,20,258.8333384195964,283.14736874229027,1,True,-0.08978312614036899
GEG-PIT,21,183.50000190734863,331.17142508370534,1,True,-0.590421463978962
GEG-PIT,22,228.6041717529297,263.27184999336316,1,True,-0.1411951481620335
GEG-PIT,23,242.40350341796875,276.87411989865603,1,True,-0.13295925496360805
GEG-PIT,24,244.11111450195312,263.6557397060707,1,True,-0.0770207269733989
GEG-RDU,1,243.637680053711,230.07546824329305,1,True,0.057274825997855494
GEG-RDU,2,254.21795302170975,239.59091325239703,1,True,0.05925904097259682
GEG-RDU,3,272.9354841991137,228.73255459097928,1,True,0.1766820084774121
GEG-RDU,4,256.4084491998377,257.55999328613285,1,True,-0.00448099890172049
GEG-RDU,5,231.15516662597656,246.8545498934659,1,True,-0.06571009433325958
GEG-RDU,6,293.06122791523836,235.2040754045759,1,True,0.2199280129053136
GEG-RDU,7,294.7878709272905,196.81528545792696,1,True,0.4039903644624463
GEG-RDU,8,230.48958603541055,210.29268515982278,1,True,0.09170538230502778
GEG-RDU,9,215.76642424868842,200.8333304723104,1,True,0.07172109091264733
GEG-RDU,10,257.2215977582064,242.40909171826914,1,True,0.0593112008789376
GEG-RDU,11,269.4148187707972,246.58677635508135,1,True,0.08853830360836756
GEG-RDU,12,218.16981746265722,247.58620917660068,1,True,-0.12648510253613132
GEG-RDU,13,233.1626032387338,209.84809894803203,1,True,0.10535214750711219
GEG-RDU,14,298.8087436696871,264.5163946933434,1,True,0.12190048235142115
GEG-RDU,15,293.34966123354184,275.74227024353655,1,True,0.06189865456553001
GEG-RDU,16,286.81651544133456,316.7500082651774,1,True,-0.0992701530066098
GEG-RDU,17,219.99065334997445,241.6666717529297,1,True,-0.09397432655615567
GEG-RDU,18,280.32306424654445,246.59459459459458,1,True,0.12819706817303445
GEG-RDU,19,291.8396869688544,223.85416094462076,1,True,0.26520986166595684
GEG-RDU,20,251.58441162109375,227.48935910488692,1,True,0.1006751017842138
GEG-RDU,21,217.6371612548828,225.53192138671875,1,True,-0.035632428953604744
GEG-RDU,22,282.2073059082031,258.8666697184245,1,True,0.08632878778004471
GEG-RDU,23,348.2716064453125,296.8194419013129,1,True,0.1598586394446091
GEG-RDU,24,197.875,268.72222730848523,1,True,-0.3060427156532288
GPT-LGA,1,186.87301369318885,155.78022061861478,1,True,0.18198314331199317
GPT-LGA,2,170.8962281425044,148.22368421052633,1,True,0.1423340067450436
GPT-LGA,3,173.92981974283853,164.289158832596,1,True,0.05702384415260475
GPT-LGA,4,209.22472150138256,171.0051275791266,1,True,0.2017153549258417
GPT-LGA,5,181.4270796775818,167.4727214466442,1,True,0.08003332714645772
GPT-LGA,6,187.50334976503515,157.16190752301898,1,True,0.17652017858903957
GPT-LGA,7,197.85714435577393,146.5909016349099,1,True,0.29989955213150843
GPT-LGA,8,186.52136986887353,139.64789076254402,1,True,0.28942162773102353
GPT-LGA,9,193.11110658998842,122.15625,1,True,0.4579647420838615
GPT-LGA,10,193.23913109820822,120.49397277832034,1,True,0.4723287099431941
GPT-LGA,11,150.92308145040994,129.44828287760416,1,True,0.15348887130574784
GPT-LGA,12,197.56896472799366,142.39285278320312,1,True,0.3274979052961662
GPT-LGA,13,205.55931944766286,155.11688232421875,1,True,0.28155573913974585
GPT-LGA,14,203.76851654052734,186.73239565567232,1,True,0.08730807405277297
GPT-LGA,15,201.15554809570312,171.3709746330015,1,True,0.16024783093919215
GPT-LGA,16,169.09091186523438,160.3285675048828,1,True,0.053211253822077254
GPT-LGA,17,135.3230743408203,225.62500190734863,1,True,-0.5112092748439139
GPT-LGA,18,130.34523555210657,138.16666666666666,1,True,-0.05827409738786482
GPT-LGA,19,156.22222851950025,242.0,1,True,-0.4376581908125514
GPT-LGA,20,183.8979560696349,189.16666666666666,1,True,-0.02824744349655095
GPT-LGA,21,255.0,161.7142828078497,1,True,0.45543245342327143
GPT-LGA,22,172.03822326660156,159.9736882259971,1,True,0.07270732729544171
GPT-LGA,23,158.74026489257812,180.74999618530273,1,True,-0.12984552755292889
GPT-LGA,24,153.2083282470703,163.68750095367432,1,True,-0.06616051033913806
GPT-MCI,1,153.0630671870601,141.4,1,True,0.07925728683429423
GPT-MCI,2,172.38260325556212,178.78125,1,True,-0.03644654752135956
GPT-MCI,3,189.46666971842444,177.36842346191406,1,True,0.06598406589847272
GPT-MCI,4,185.64515653220556,201.48780562237997,1,True,-0.0818917705117066
GPT-MCI,5,145.120214660311,177.1034480127795,1,True,-0.19917154834033735
GPT-MCI,6,157.53303722768104,184.50000047683716,1,True,-0.1580142696202147
GPT-MCI,7,162.04285496303012,173.76785169328963,1,True,-0.0698593856681251
GPT-MCI,8,170.09345580484265,162.06976566758266,1,True,0.048321131229716485
GPT-MCI,9,180.6172809365355,170.03703590675636,1,True,0.06036405105642917
GPT-MCI,10,193.01428484235493,184.99999816894533,1,True,0.042408385712426444
GPT-MCI,11,176.1224477339764,166.60000427246095,1,True,0.05558372351664165
GPT-MCI,12,195.4393978696881,153.2916692097982,1,True,0.2429079047017737
GPT-MCI,13,215.57143075125558,176.33333333333334,1,True,0.20091617663420092
GPT-MCI,14,186.5576917208158,236.95238531203498,1,True,-0.23911868486041588
GPT-MCI,15,180.1999969482422,242.97499885559083,1,True,-0.2988912244407027
GPT-MCI,16,160.89999389648438,178.72972931733003,1,True,-0.10509175665830384
GPT-MCI,17,188.18182095614347,163.13207518379645,1,True,0.14284847829321823
GPT-MCI,18,170.793103974441,192.15789855153938,1,True,-0.11786451665860564
GPT-MCI,19,154.23809814453125,168.83333384195964,1,True,-0.09041453774148955
GPT-MCI,20,130.8333282470703,136.91666730244955,1,True,-0.045448263214385776
GPT-MCI,21,159.1250057220459,185.20312333106995,1,True,-0.15176309387146958
GPT-MCI,22,190.25,200.69354887931576,1,True,-0.05344011544133398
GPT-MCI,23,151.5,159.30303608287466,1,True,-0.05022265068561804
GPT-MCI,24,157.23809814453125,165.96226530255012,1,True,-0.05399923982054755
GPT-MCO,1,189.3888854980469,133.30232637982036,1,True,0.3511828170935347
GPT-MCO,2,183.51613149335307,140.40366524512615,1,True,0.2677809766908057
GPT-MCO,3,166.9999965122768,143.16279052024663,1,True,0.15401141350632042
GPT-MCO,4,199.1609184878996,148.01639394291112,1,True,0.2967900960583254
GPT-MCO,5,219.73584790499706,135.652587890625,1,True,0.4823290169765402
GPT-MCO,6,195.76470642089845,132.52097130242825,1,True,0.3901725537530041
GPT-MCO,7,188.5789465653269,133.0458491634161,1,True,0.34882293451201996
GPT-MCO,8,165.51786259242468,117.33064565350932,1,True,0.344083139759535
GPT-MCO,9,220.43103053652007,128.42142519269674,1,True,0.5402676190692244
GPT-MCO,10,191.6491276255825,126.95238037109375,1,True,0.41185418146523656
GPT-MCO,11,184.86440600379038,126.83333587646484,1,True,0.3767487071414495
GPT-MCO,12,181.19999572753906,124.83158111572266,1,True,0.3726358922956834
GPT-MCO,13,205.6046529370685,168.46575927734375,1,True,0.19922264423567615
GPT-MCO,14,177.0517233486833,164.1875,1,True,0.07543284474839318
GPT-MCO,15,221.44444274902344,180.40425921501,1,True,0.20497151803126723
GPT-MCO,16,191.41818237304688,156.0793699234251,1,True,0.2040958118068339
GPT-MCO,17,181.60215759277344,143.16666412353516,1,True,0.23780891212132182
GPT-MCO,19,170.04000732421875,132.5,1,True,0.24945110113781688
GPT-MCO,20,206.88372660792152,170.0,1,True,0.19635849119040394
GPT-MCO,21,253.6666717529297,156.4999974568685,1,True,0.4829650955143805
GPT-MCO,22,168.17591857910156,164.7,1,True,0.0208849287562769
GPT-MCO,23,186.3000030517578,145.73913308848506,1,True,0.2455400301070192
GPT-MCO,24,169.63076782226562,177.07692190317007,1,True,-0.04296010424115693
GPT-STL,1,225.23809785388764,231.28571428571428,1,True,-0.026495749246311817
GPT-STL,2,218.37646412568932,283.0714220319475,1,True,-0.2594787674018795
GPT-STL,3,262.71874618530273,376.87499237060547,1,True,-0.360829493422127
GPT-STL,4,266.7948764898838,243.83333587646484,1,True,0.08999516807405872
GPT-STL,5,214.7741955172631,275.14285932268416,1,True,-0.24770322840827053
GPT-STL,6,235.05194369229403,251.66667005750867,1,True,-0.06829894734689113
GPT-STL,7,271.1935474026588,219.7907012229742,1,True,0.2101570275734792
GPT-STL,8,217.87500508626297,220.63158215974508,1,True,-0.012572734209299163
GPT-STL,9,238.5769277719351,267.2857237316313,1,True,-0.11362640592805207
GPT-STL,10,228.19354887931578,239.21052069413034,1,True,-0.04714983650694915
GPT-STL,11,187.4583307902018,163.68749737739563,1,True,0.13559747868093286
GPT-STL,12,190.81249618530273,180.06666819254556,1,True,0.05796408933886266
GPT-STL,13,203.6923088660607,218.57692014254056,1,True,-0.07052742449295302
GPT-STL,14,197.13792945598735,240.37500095367432,1,True,-0.1982965746059513
GPT-STL,15,200.3333282470703,247.55555725097656,1,True,-0.21165241008150648
GPT-STL,16,215.5000030517578,179.05660463728995,1,True,0.1852589408295966
GPT-STL,17,296.2142813546317,230.28260537852412,1,True,0.25177584221041194
GPT-STL,18,287.875,243.15384263258713,1,True,0.16883201786837798
GPT-STL,19,270.0,231.6999979654948,1,True,0.15297853634081804
GPT-STL,20,153.0,197.1111108689081,1,True,-0.25332966291210646
GPT-STL,21,136.0,191.73239135742188,1,True,-0.34344571904252863
GPT-STL,22,211.825,188.7916660308838,1,True,0.11511635113297825
GPT-STL,23,217.6666717529297,163.4074076899776,1,True,0.2867183478772306
GPT-STL,24,178.9705810546875,238.85294117647058,1,True,-0.2886266129824975
HNL-LGA,1,314.3057889071378,335.57143624441966,1,True,-0.0654684964223593
HNL-LGA,2,311.4977251285881,339.231109890408,1,True,-0.08528957994808017
HNL-LGA,3,328.3538926359895,384.46477798676824,1,True,-0.15776021232485604
HNL-LGA,4,339.9838680144279,372.25252263232915,1,True,-0.09067427878844114
HNL-LGA,5,288.69564454451853,389.71345689561633,1,True,-0.3000387430574456
HNL-LGA,6,338.0466609700521,413.1678261923623,1,True,-0.2006699330767061
HNL-LGA,7,347.5930741215165,404.73819991345056,1,True,-0.15220796977934103
HNL-LGA,8,373.3116978236608,390.4938987173685,1,True,-0.0449986231906907
HNL-LGA,9,341.2909151944247,374.531254529953,1,True,-0.09294001884613312
HNL-LGA,10,362.3193277310924,435.6257418805396,1,True,-0.1842575407489777
HNL-LGA,11,407.0406464367378,428.3287139153398,1,True,-0.05097787511859586
HNL-LGA,12,418.3378419618349,496.5568183552135,1,True,-0.17140857427486722
HNL-LGA,13,405.66666739327565,455.2427190391763,1,True,-0.11529891904509793
HNL-LGA,14,430.5469970703125,444.92999404907226,1,True,-0.032860466565520774
HNL-LGA,15,404.51163287495456,503.6772997122837,1,True,-0.21925528991943644
HNL-LGA,16,415.05882352941177,442.0612319634886,1,True,-0.06302815270640494
HNL-LGA,17,346.7894694010417,432.3239458110971,1,True,-0.22045730239492034
HNL-LGA,18,357.79070867494096,356.7803512308639,1,True,0.0028278730390169926
HNL-LGA,19,492.3599853515625,363.8404902358728,1,True,0.30249456853524403
HNL-LGA,20,487.0740661621094,487.3846125676082,1,True,-0.000637372159108196
HNL-LGA,21,588.7000122070312,469.26667643229166,1,True,0.2267455234534701
HNL-LGA,22,502.30908203125,409.46720911244876,1,True,0.20435880682350582
HNL-LGA,23,453.7875061035156,408.78723884744846,1,True,0.10443421796677566
HNL-LGA,24,547.3599853515625,440.17213264840547,1,True,0.21794083349335036
HNL-PHL,1,373.37592562338466,367.00475245884485,1,True,0.017210958155002842
HNL-PHL,2,340.77032395217947,374.78435690174933,1,True,-0.09514209874616508
HNL-PHL,3,332.3194742903542,371.9134637669963,1,True,-0.11256442474113193
HNL-PHL,4,346.1840944170453,375.22766801550034,1,True,-0.08056225810824458
HNL-PHL,5,332.13773715995745,371.8324976015331,1,True,-0.1128937237590506
HNL-PHL,6,358.87647076775045,385.1883132736404,1,True,-0.07075410338512711
HNL-PHL,7,324.09661747292046,362.33425401719234,1,True,-0.11152546601984081
HNL-PHL,8,344.34132577130896,372.99079585909624,1,True,-0.0799203518365168
HNL-PHL,9,326.4999860398313,343.4300133405413,1,True,-0.05055343921045896
HNL-PHL,10,344.532926182547,383.66616774768363,1,True,-0.10758315704209931
HNL-PHL,11,319.4745186804049,380.85061217517386,1,True,-0.17572968731118443
HNL-PHL,12,328.26973828736527,407.56391568291457,1,True,-0.2163621254349204
HNL-PHL,13,348.3150018310547,419.6268624181686,1,True,-0.18625864555842586
HNL-PHL,14,393.88398456046605,444.52468944598377,1,True,-0.12094918721472414
HNL-PHL,15,382.6329649735926,484.3834691451768,1,True,-0.23580067093511659
HNL-PHL,16,384.0749188953587,454.908623359222,1,True,-0.16925893615247922
HNL-PHL,17,437.8230799748348,433.01982484120487,1,True,0.011031389970804995
HNL-PHL,18,451.58163016183033,409.8599075096241,1,True,0.09694074190727697
HNL-PHL,19,440.8749983651297,445.63469783138464,1,True,-0.010738168398256143
HNL-PHL,20,430.70967840379285,458.3902856919372,1,True,-0.06228671026232213
HNL-PHL,21,396.9053955078125,457.5561074425752,1,True,-0.1422015625941322
HNL-PHL,22,389.515625,460.96566097930776,1,True,-0.16841957206904112
HNL-PHL,23,397.29052734375,461.26325578071277,1,True,-0.149301113803471
HNL-PHL,24,465.2756042480469,451.31550687902114,1,True,0.030463260609074005
HNL-SDF,1,281.000011867947,317.6666666666667,1,True,-0.1226479034176613
HNL-SDF,2,339.1249933242798,314.3571515764509,1,True,0.07583898636118303
HNL-SDF,3,334.9791564941406,362.25,1,True,-0.07826627073190906
HNL-SDF,4,322.7800024414062,461.1538391113282,1,True,-0.35676071055720104
HNL-SDF,5,337.56817626953125,366.0,1,True,-0.0808658397272195
HNL-SDF,6,387.1818274295691,447.5454462224787,1,True,-0.1448836673532723
HNL-SDF,7,395.79487414237786,414.50000762939453,1,True,-0.046176910522627956
HNL-SDF,8,377.6290263514365,409.5,1,True,-0.08102460134207323
HNL-SDF,9,337.8367353166853,380.0,1,True,-0.11760850554219981
HNL-SDF,10,390.430244268373,372.375,1,True,0.04734791045457509
HNL-SDF,11,423.52778455946174,438.22222900390625,1,True,-0.03410703493358369
HNL-SDF,12,460.74999237060547,514.8888888888889,1,True,-0.11109554766481278
HNL-SDF,13,461.10001373291016,470.4,1,True,-0.01996842758882522
HNL-SDF,14,425.0952308291481,418.5238095238095,1,True,0.01557943552186547
HNL-SDF,15,483.29412841796875,467.6666564941406,1,True,0.032869660155935065
HNL-SDF,16,443.1666564941406,493.8125,1,True,-0.10820999142216436
HNL-SDF,17,486.5384521484375,404.27584944100215,1,True,0.185218496226228
HNL-SDF,18,769.0,396.85186202437797,1,True,0.6615279019692393
HNL-SDF,21,488.0,380.8571472167969,1,True,0.24789104272285378
HNL-SDF,22,420.3846130371094,453.0,1,True,-0.07472208791811852
HNL-SDF,23,524.3333129882812,373.5,1,True,0.3392095710155436
HNL-SDF,24,307.1666564941406,499.6666564941406,1,True,-0.4865507337513808
HNL-SFO,1,185.85699310057547,228.29308767636755,1,True,-0.20565275201194488
HNL-SFO,2,178.02243888929883,224.340713949259,1,True,-0.2312563371321188
HNL-SFO,3,177.35727458699824,228.03730669825674,1,True,-0.2513430428082959
HNL-SFO,4,179.2067603615471,228.9994133682965,1,True,-0.2451792167793636
HNL-SFO,5,180.81502129265496,222.87258711739057,1,True,-0.20912572307702693
HNL-SFO,6,184.6454943523097,246.98781965497278,1,True,-0.29090128228988554
HNL-SFO,7,175.89745092407344,238.3108503783792,1,True,-0.30367475548074196
HNL-SFO,8,164.6479106514004,214.69513440754935,1,True,-0.26540972323792467
HNL-SFO,9,188.02618581642744,193.94778503520521,1,True,-0.031007734144975707
HNL-SFO,10,200.5917578198787,231.30843002473532,1,True,-0.14248022780796266
HNL-SFO,11,192.86816068559443,245.93295360944867,1,True,-0.24305210225561957
HNL-SFO,12,209.82684707921476,244.76996150183592,1,True,-0.15403618394454277
HNL-SFO,13,218.80091295744242,256.55747788845053,1,True,-0.1591904817374168
HNL-SFO,14,252.5908158699411,285.80923150202653,1,True,-0.1235537146785779
HNL-SFO,15,253.1276044200748,335.9211171192741,1,True,-0.28298263504711674
HNL-SFO,16,225.90247843848812,312.458220844734,1,True,-0.3243673721315048
HNL-SFO,17,203.0740359573538,242.6889880186355,1,True,-0.1782101171905257
HNL-SFO,18,217.0960995869181,243.3943638272588,1,True,-0.11434291352743031
HNL-SFO,19,240.09483187065487,261.8769988597943,1,True,-0.08684094543278675
HNL-SFO,20,271.6086587172288,261.8189644060637,1,True,0.03670898620044838
HNL-SFO,21,223.13937377929688,236.5934445892812,1,True,-0.058546673678832484
HNL-SFO,22,223.99644856650448,242.96930821011702,1,True,-0.08130493458596444
HNL-SFO,23,217.0361591857157,253.89998947718388,1,True,-0.15687647541480843
HNL-SFO,24,235.07535543605795,245.89178642177774,1,True,-0.04498542238352776
IAD-MEM,1,220.19444274902344,186.41166021124636,1,True,0.16655353160500574
IAD-MEM,2,217.12174311098846,165.55267941797507,1,True,0.2711687755749592
IAD-MEM,3,244.72856794084822,196.15230384475004,1,True,0.22125829252193707
IAD-MEM,4,215.52055317081818,194.12302719143028,1,True,0.10456416048958328
IAD-MEM,5,251.5066663614909,209.61342189930104,1,True,0.1822045094202318
IAD-MEM,6,292.54443800184464,202.62939399499862,1,True,0.3672379147497109
IAD-MEM,7,219.0470552332261,175.5874973297119,1,True,0.22114909186588516
IAD-MEM,8,223.3577256861741,169.42045922712848,1,True,0.27639108765956344
IAD-MEM,9,302.81579469379625,187.93220744159936,1,True,0.47704338325194406
IAD-MEM,10,316.8793092924973,159.359218634448,1,True,0.6873600829211579
IAD-MEM,11,218.36841837565103,168.37838068781673,1,True,0.259969916054378
IAD-MEM,12,285.66666759144175,171.96273073942766,1,True,0.5075478615798641
IAD-MEM,13,229.13513266073687,194.63447928593075,1,True,0.16318859411447662
IAD-MEM,14,265.03448065396014,193.64705606668937,1,True,0.31382272969290437
IAD-MEM,15,242.15254418324616,195.47727217240768,1,True,0.2141237576408681
IAD-MEM,16,229.98717792217548,197.64473684210526,1,True,0.15155239849303026
IAD-MEM,17,216.92857524326868,231.0446446282523,1,True,-0.0630428056216168
IAD-MEM,18,209.7796589479608,207.01038167880893,1,True,0.013288791726156823
IAD-MEM,19,187.5,189.20263186003032,1,True,-0.009039721575839543
IAD-MEM,20,254.30555979410806,190.77741238920396,1,True,0.28742916701776533
IAD-MEM,21,257.38094802129837,192.90707647272967,1,True,0.2883486715031296
IAD-MEM,22,291.16455155384693,214.92558274379996,1,True,0.3035967351722615
IAD-MEM,23,233.34736761795844,251.78571853637695,1,True,-0.07605021101252607
IAD-MEM,24,261.2592502170139,213.8203581849972,1,True,0.20037699542678666
IAD-SDF,1,126.04999809265136,99.74853718629356,1,True,0.23402624763886415
IAD-SDF,2,130.65789313065378,93.93737786088533,1,True,0.32995403716424576
IAD-SDF,3,101.29032454952117,98.16830481358184,1,True,0.03130749216589379
IAD-SDF,4,122.2054755851014,169.09876901132088,1,True,-0.3247791221064942
IAD-SDF,5,158.120688076677,182.8024725266445,1,True,-0.14504759475582052
IAD-SDF,6,177.7142849876767,226.7808181553671,1,True,-0.2438068720871307
IAD-SDF,7,250.25641377766928,216.8627442004634,1,True,0.14322140913500903
IAD-SDF,8,148.76667073567708,134.78301627680943,1,True,0.09871291178999453
IAD-SDF,9,136.26087288234544,132.45038004867902,1,True,0.02836314624210612
IAD-SDF,10,135.5619857409769,138.9804659485817,1,True,-0.02490439545089096
IAD-SDF,11,128.52941023882698,134.14634471986352,1,True,-0.04277357718995223
IAD-SDF,12,132.71052882545874,139.49032051332534,1,True,-0.0498249305915861
IAD-SDF,13,170.500003390842,154.09402218028012,1,True,0.1011723668592337
IAD-SDF,14,154.89830689511058,144.8375684089467,1,True,0.06715592041569529
IAD-SDF,15,186.33333881084735,192.23649019808383,1,True,-0.031189119981670288
IAD-SDF,16,212.69230534480164,165.75342439625362,1,True,0.24934525659767903
IAD-SDF,17,189.7142791748047,158.77064423167377,1,True,0.178058474788644
IAD-SDF,18,158.6153846153846,192.3028214145714,1,True,-0.19258901731438272
IAD-SDF,19,147.61111365424262,187.35088013766105,1,True,-0.2384020179622075
IAD-SDF,20,244.5,182.00661685766764,1,True,0.2951722661381968
IAD-SDF,21,146.88888549804688,191.61164811513956,1,True,-0.26579423761822607
IAD-SDF,22,181.0,190.54455014974764,1,True,-0.05138899501395677
IAD-SDF,23,184.0,189.3958292802175,1,True,-0.028903402204743855
IAD-SDF,24,212.11111111111111,178.09028222825793,1,True,0.17481962115213712
IND-JAX,1,124.31494147640535,105.49691345466017,1,True,0.16413650011742753
IND-JAX,2,116.9736851857121,105.98347717592085,1,True,0.0986657902950876
IND-JAX,3,110.17166378842387,106.48557414973419,1,True,0.03403020726612471
IND-JAX,4,132.99171610036606,113.63322013725669,1,True,0.15731094699909765
IND-JAX,5,127.55197776190126,114.2301352814041,1,True,0.11030880621017758
IND-JAX,6,133.0068007315638,121.60805352472426,1,True,0.08959706325142403
IND-JAX,7,105.96881669348227,114.14806744598206,1,True,-0.0743515741854619
IND-JAX,8,100.67968663573266,122.77124719112236,1,True,-0.1983787871179823
IND-JAX,9,112.85897181584285,117.16904919646507,1,True,-0.03747875467423789
IND-JAX,10,122.26993949281658,109.08515811220288,1,True,0.11410237500734155
IND-JAX,11,113.3487702663328,98.01377516088475,1,True,0.14536149624023853
IND-JAX,12,125.91521571818136,100.16331389387683,1,True,0.22880679652746583
IND-JAX,13,141.80866048654494,112.49999910487323,1,True,0.23152547390871536
IND-JAX,14,129.12867259979248,121.82565437067169,1,True,0.0582184091268374
IND-JAX,15,102.46501125223747,132.92484004588067,1,True,-0.26026246938120945
IND-JAX,16,101.92988005623795,133.89929084643038,1,True,-0.2728028300871035
IND-JAX,17,104.1299446666308,98.20485067537732,1,True,0.058583977134181175
IND-JAX,18,109.18951609826856,100.32414190909442,1,True,0.084678689270822
IND-JAX,19,108.38749805450439,99.49849625667893,1,True,0.08557021970168943
IND-JAX,20,115.40187027120143,120.51094015899619,1,True,-0.043319977711953506
IND-JAX,21,125.48946064361643,127.54219338709832,1,True,-0.01622546226989119
IND-JAX,22,151.57933916913473,139.21636348094756,1,True,0.08507988402272648
IND-JAX,23,142.8677484327747,138.9594788392615,1,True,0.02773699471194302
IND-JAX,24,149.5896453857422,146.49820813141417,1,True,0.02088265061150274
IND-MSY,1,139.59045517847505,152.46607876667935,1,True,-0.08822932164469854
IND-MSY,2,145.81601612702076,156.2061343421234,1,True,-0.06883084547013318
IND-MSY,3,145.80723296016095,146.7902901362447,1,True,-0.00671954338243097
IND-MSY,4,220.53552037640347,170.32407520435476,1,True,0.25835582500498244
IND-MSY,5,179.77433770103792,174.0511626132699,1,True,0.03235309093691452
IND-MSY,6,178.37815042704094,180.91362060344102,1,True,-0.014113945657729943
IND-MSY,7,159.0076013137179,168.6369875555169,1,True,-0.05879639394441938
IND-MSY,8,163.61592123170212,149.43199829101562,1,True,0.09068030905527547
IND-MSY,9,176.32384021256743,167.1302322742551,1,True,0.05354896303553858
IND-MSY,10,169.90508541818392,160.4834022047114,1,True,0.0570494358936946
IND-MSY,11,147.33842026315085,161.54819134631788,1,True,-0.0920713770934416
IND-MSY,12,167.6350865414268,158.63539201260892,1,True,0.055181076073348656
IND-MSY,13,178.8240314532759,153.78478798662798,1,True,0.15084811338848425
IND-MSY,14,169.46127265607808,166.51004178456992,1,True,0.017568802189551036
IND-MSY,15,166.65816233109456,148.44531118869781,1,True,0.11572816684943454
IND-MSY,16,146.41321809626808,153.18615666209655,1,True,-0.04522100701584986
IND-MSY,17,140.76744515555245,144.56108378069433,1,True,-0.02659293974915844
IND-MSY,18,153.26616021798137,164.57894532979742,1,True,-0.07121434661187287
IND-MSY,19,137.9965081648393,151.87257698037948,1,True,-0.09581347824515696
IND-MSY,20,160.48262683765307,153.1031905240458,1,True,0.0470735507848401
IND-MSY,21,150.92718698446032,162.73462415537642,1,True,-0.07532328627424345
IND-MSY,22,175.8464623999408,175.40866097487972,1,True,0.002492784432932993
IND-MSY,23,153.24589713675076,161.67324655097826,1,True,-0.05353349965252452
IND-MSY,24,169.28719873652446,171.48564862047073,1,True,-0.012902908207999886
IND-VPS,1,155.79507996606046,142.0,1,True,0.09271449617154559
IND-VPS,4,200.56410471598306,132.5,1,True,0.41455127448867746
IND-VPS,5,187.6448593852676,289.0,1,True,-0.43187555760279306
IND-VPS,6,214.18691731390552,276.3333333333333,1,True,-0.2547587872847048
IND-VPS,7,189.36065948986615,278.3333435058594,1,True,-0.3851660248004798
IND-VPS,9,184.26922724797174,266.4,1,True,-0.36860105891391104
IND-VPS,10,189.92000549316407,254.2,1,True,-0.2915183989704282
IND-VPS,11,181.74510013355928,284.25,1,True,-0.44724897595561686
IND-VPS,12,186.94392452061734,351.79998779296875,1,True,-0.6322540945934545
IND-VPS,13,216.25555216471355,171.83333333333334,1,True,0.22993580544361336
IND-VPS,14,190.65116007013842,185.55555555555554,1,True,0.027091043026310935
IND-VPS,15,186.80262796502365,210.55555725097656,1,True,-0.11969695420141058
IND-VPS,16,178.0350885223924,325.0,1,True,-0.601844524934239
IND-VPS,17,154.57142421177454,148.90908813476562,1,True,0.03732030916268325
IND-VPS,18,151.71428026471818,197.41666666666666,1,True,-0.2633175375441512
IND-VPS,19,159.0,164.95238458542596,1,True,-0.03675265176348219
IND-VPS,20,160.6,187.49999782017298,1,True,-0.1548620322720602
IND-VPS,21,261.0,181.52777989705405,1,True,0.36311170804581483
IND-VPS,22,229.4166717529297,230.61905343191964,1,True,-0.005227352360298809
IND-VPS,23,287.0,193.83333418104382,1,True,0.39248352809561293
JAX-MEM,1,190.559438532049,181.82249195923495,1,True,0.04693326695380051
JAX-MEM,2,186.30872524184667,140.53499835968017,1,True,0.28194855447465983
JAX-MEM,3,206.5056179775281,148.47761243374194,1,True,0.3298934288776527
JAX-MEM,4,202.2530059814453,162.30810348923143,1,True,0.22002301617864095
JAX-MEM,5,226.92958068847656,209.97504223899423,1,True,0.07765107494901624
JAX-MEM,6,240.41378784179688,207.01730346679688,1,True,0.14955917336880198
JAX-MEM,7,268.2857142857143,149.13333474183693,1,True,0.5872117408803827
JAX-MEM,8,225.1578947368421,142.04730307089315,1,True,0.4606417881293128
JAX-MEM,9,301.3721008300781,169.78488709205806,1,True,0.5738134508992445
JAX-MEM,10,246.0985861764827,170.48734157900267,1,True,0.36707116143674146
JAX-MEM,11,230.31746395050533,173.77927866067972,1,True,0.2816726547348436
JAX-MEM,12,248.83447433997844,174.2538870381568,1,True,0.35627455708491773
JAX-MEM,13,234.93939393939394,166.3052650853207,1,True,0.3455025368904838
JAX-MEM,14,298.3928527832031,230.83795121634105,1,True,0.25669496178121154
JAX-MEM,15,244.4385986328125,242.99999916508514,1,True,0.005902707135593488
JAX-MEM,16,219.7023822239467,247.9365124691641,1,True,-0.12089889287520439
JAX-MEM,17,218.0,234.23429446750217,1,True,-0.07182681005188396
JAX-MEM,18,210.3010711669922,218.74270354222207,1,True,-0.039355993231441566
JAX-MEM,19,202.83824157714844,212.7926252045756,1,True,-0.04790927899843389
JAX-MEM,20,239.54717168268172,223.95465080970538,1,True,0.06730677684966757
JAX-MEM,21,248.8333282470703,240.57179548518184,1,True,0.033764736948964647
JAX-MEM,22,217.990478515625,225.9005576987204,1,True,-0.035643506955334914
JAX-MEM,23,235.5270233154297,206.12103410751104,1,True,0.13336211509454365
JAX-MEM,24,214.04464721679688,216.7489076306206,1,True,-0.012554950766051398
JAX-MKE,1,157.9193043117908,142.11500045776367,1,True,0.10544757813670369
JAX-MKE,2,155.93356301901224,146.6874976839338,1,True,0.0611255806323312
JAX-MKE,3,158.79693062734788,142.8354985951345,1,True,0.10593261146909683
JAX-MKE,4,168.26707591181216,146.5092051219355,1,True,0.13846419459842974
JAX-MKE,5,182.94053889094172,168.1233806857815,1,True,0.08446305724795078
JAX-MKE,6,180.34512794967247,169.1933354695638,1,True,0.06383033464780219
JAX-MKE,7,155.5555534080223,143.6693550848192,1,True,0.0794884103136333
JAX-MKE,8,163.33478294040845,144.87156033297197,1,True,0.11995441847355437
JAX-MKE,9,166.7049981689453,150.3119278654046,1,True,0.10351311833234167
JAX-MKE,10,187.12214113191794,163.1904776436942,1,True,0.13684347171471511
JAX-MKE,11,166.45283153222042,165.58783381694073,1,True,0.00521020322106569
JAX-MKE,12,165.4972936681799,153.04687809944153,1,True,0.07821057495473482
JAX-MKE,13,154.33540638041052,154.56578826904297,1,True,-0.001491622145452176
JAX-MKE,14,129.4999969706816,150.44816599562017,1,True,-0.14993775512909302
JAX-MKE,15,142.19199743652345,128.6073792476782,1,True,0.10041404741338766
JAX-MKE,16,149.64705433565027,142.70720363307643,1,True,0.04748454624477638
JAX-MKE,17,134.7375854059314,130.69231112327802,1,True,0.030483284513928233
JAX-MKE,18,162.0263103685881,125.83732316596657,1,True,0.25276874493049295
JAX-MKE,19,127.40291217692847,115.91061661363317,1,True,0.09453525375975769
JAX-MKE,20,131.59230625446025,125.35497848708908,1,True,0.04855901356458148
JAX-MKE,21,147.38853240772417,139.70205450711185,1,True,0.053560204875598316
JAX-MKE,22,168.47390660824982,143.29532036586116,1,True,0.161873202780348
JAX-MKE,23,144.71192179294613,142.64144538578233,1,True,0.014410913360446642
JAX-MKE,24,151.0935516357422,140.27102977241682,1,True,0.07432271416776537
JAX-SEA,1,230.30453359385547,231.66665887832642,1,True,-0.0058970310443040574
JAX-SEA,2,214.0519594342521,197.0685574867483,1,True,0.08266711090071865
JAX-SEA,3,223.2025515907689,192.69674250476044,1,True,0.14696199151274403
JAX-SEA,4,221.81705238516759,193.32041233269743,1,True,0.1375039738926649
JAX-SEA,5,240.59836531467124,189.27926010781147,1,True,0.23990551807409854
JAX-SEA,6,275.29540345578374,198.76750316141147,1,True,0.3257088996395101
JAX-SEA,7,258.1001461293104,227.04096683665583,1,True,0.12821720105304113
JAX-SEA,8,206.4308868079468,212.62176596686012,1,True,-0.029549172768955856
JAX-SEA,9,168.75530744711781,186.70484420171394,1,True,-0.10107921586186386
JAX-SEA,10,221.27109169861092,214.34501132196803,1,True,0.03180168979796072
JAX-SEA,11,234.30139361487494,217.0651105775658,1,True,0.0764109362101717
JAX-SEA,12,221.47812920709902,206.14335139510132,1,True,0.0717520378030736
JAX-SEA,13,204.6887274943607,195.7136375427246,1,True,0.044837864794725846
JAX-SEA,14,216.89964573667632,220.6519741301841,1,True,-0.01715189803163142
JAX-SEA,15,227.14286323865656,229.10245768229166,1,True,-0.008590143958653762
JAX-SEA,16,227.78189196912726,217.26400018310548,1,True,0.047275352137380544
JAX-SEA,17,196.2450704072651,152.0219804742834,1,True,0.2553391186282239
JAX-SEA,18,209.01848542029117,190.4621700236672,1,True,0.09296910274694437
JAX-SEA,19,233.3928530438346,203.66666956631195,1,True,0.1362384135796626
JAX-SEA,20,214.84313426298255,206.72485956702332,1,True,0.03851942546966214
JAX-SEA,21,191.20777282714843,180.1448890946128,1,True,0.059599186137912596
JAX-SEA,22,196.7796630859375,213.31444143682333,1,True,-0.08068268669896739
JAX-SEA,23,224.34112548828125,232.89152737712436,1,True,-0.03740502233621168
JAX-SEA,24,269.8694152832031,228.65568193061742,1,True,0.16572089520453748
JAX-SLC,1,200.404035394842,175.3053456080779,1,True,0.1338062201901744
JAX-SLC,2,220.40666778564454,182.61467609930475,1,True,0.18809599205839422
JAX-SLC,3,223.34536349896308,204.37007417453555,1,True,0.08878684921666125
JAX-SLC,4,260.8243993991759,223.77987459770537,1,True,0.15318451565747537
JAX-SLC,5,250.89427568208805,190.43658069171738,1,True,0.27571240858971624
JAX-SLC,6,279.19007507828644,201.93529537425323,1,True,0.3239454963841295
JAX-SLC,7,252.77713084290804,215.87984709037366,1,True,0.15778620530102483
JAX-SLC,8,232.99729621701124,211.09128934614887,1,True,0.09873615844028016
JAX-SLC,9,229.05986104148985,243.17647071646041,1,True,-0.059804025390178595
JAX-SLC,10,275.4425656582447,217.64539164008823,1,True,0.23551203923487574
JAX-SLC,11,231.14482926993534,215.28483203616304,1,True,0.07108252907450208
JAX-SLC,12,263.61201171875,200.9183066784496,1,True,0.27157997856057214
JAX-SLC,13,266.46325391093,211.80936618154263,1,True,0.2295496960776413
JAX-SLC,14,284.40291973225123,234.41628834996288,1,True,0.19329341932799693
JAX-SLC,15,290.75,267.8148182056568,1,True,0.08216802656700661
JAX-SLC,16,270.2813797327347,248.7798739259348,1,True,0.08289509848589383
JAX-SLC,17,241.6480330918965,195.7386384443803,1,True,0.21070196673267105
JAX-SLC,18,219.37799780448657,180.07555352105035,1,True,0.19741975472551498
JAX-SLC,19,265.2270024773533,217.03921336753695,1,True,0.20050802844687698
JAX-SLC,20,257.75502804675733,257.3157876667224,1,True,0.0017055537728438708
JAX-SLC,21,265.32830810546875,242.84172156903384,1,True,0.0885580781447306
JAX-SLC,22,260.54131419298653,250.5605097485196,1,True,0.03906099713156497
JAX-SLC,23,269.59522813031464,237.0357184273856,1,True,0.12871083862464072
JAX-SLC,24,294.1741178142491,244.5615036908318,1,True,0.1847050033791371
JFK-MCI,1,177.25,142.39473684210526,1,True,0.2189581274958874
JFK-MCI,2,208.42222900390624,173.69564918849778,1,True,0.1822613441932157
JFK-MCI,3,191.04651198276252,159.25000029343826,1,True,0.18204162034033722
JFK-MCI,4,209.7249984741211,147.3404232593293,1,True,0.3530514275353065
JFK-MCI,5,145.65384674072266,155.90625023841858,1,True,-0.06802197268098631
JFK-MCI,6,200.6989267000588,150.5111102634006,1,True,0.2877690041931542
JFK-MCI,7,196.05405281685492,180.26531017069914,1,True,0.08396068979643978
JFK-MCI,8,143.7627158730717,183.58182067871093,1,True,-0.2444963233601154
JFK-MCI,9,162.32323802601206,187.34285801478794,1,True,-0.14335075969918964
JFK-MCI,10,171.8584918615953,193.88372341422146,1,True,-0.12058719907152149
JFK-MCI,11,130.26451849168348,248.56521075704822,1,True,-0.6461380878761558
JFK-MCI,12,138.08197146556415,178.30999893188476,1,True,-0.2556760976171297
JFK-MCI,13,140.8918975280212,193.41538578913762,1,True,-0.31684722196328163
JFK-MCI,14,176.96721148881755,231.31428985595704,1,True,-0.2678128783549729
JFK-MCI,15,194.257141658238,235.06492832728796,1,True,-0.1906790128720104
JFK-MCI,16,191.88709394393427,221.20000138716264,1,True,-0.14216012923743104
JFK-MCI,17,167.1315813566509,173.56818251176313,1,True,-0.03778909047406742
JFK-MCI,18,159.3999993218316,153.33015523430046,1,True,0.03882328823420167
JFK-MCI,19,168.47944975552494,143.13781979344472,1,True,0.16300584154032105
JFK-MCI,20,180.91071837288993,154.9613383583109,1,True,0.15482798505071127
JFK-MCI,21,245.9230734018179,187.42553015248032,1,True,0.27163718328330155
JFK-MCI,22,265.12500524520874,201.8578120589534,1,True,0.2726378838202139
JFK-MCI,23,238.31579429224917,206.0610173112255,1,True,0.1454243354650302
JFK-MCI,24,172.56097412109375,181.37288239042638,1,True,-0.04980438864471637
JFK-SAT,1,246.94444698757596,240.04761977422808,1,True,0.028326080964090394
JFK-SAT,2,261.9142822265625,200.53714233398438,1,True,0.26701780501730354
JFK-SAT,3,297.5238124302455,222.07999682617188,1,True,0.29245660053778355
JFK-SAT,4,218.599994913737,211.93783525971705,1,True,0.03095055071027364
JFK-SAT,5,243.72726764100972,198.7761667592514,1,True,0.20387044305013635
JFK-SAT,6,320.38094656808033,252.29012100784868,1,True,0.23893104664116382
JFK-SAT,7,265.8108099860114,204.1029462627336,1,True,0.2641603099761589
JFK-SAT,8,198.5892813546317,209.9128916670636,1,True,-0.055453863947508175
JFK-SAT,9,231.8,204.1421077527498,1,True,0.12705857294808798
JFK-SAT,10,228.66666647828654,204.17372299452958,1,True,0.1132941234745628
JFK-SAT,11,180.5000005868765,212.18716561220546,1,True,-0.16173796082031267
JFK-SAT,12,173.19317904385653,213.70115562234344,1,True,-0.2101709566067882
JFK-SAT,13,213.1896499107624,229.63888330812807,1,True,-0.07432585776574818
JFK-SAT,14,197.56962295725376,211.67870267461782,1,True,-0.06897852811493976
JFK-SAT,15,192.85897005521338,218.56024473259248,1,True,-0.12510249943930063
JFK-SAT,16,162.87963485717773,190.79761813935778,1,True,-0.15820178382069017
JFK-SAT,17,177.8392791748047,166.53623033606488,1,True,0.06566733105949041
JFK-SAT,18,154.9047623891679,167.12903262722878,1,True,-0.07595567266145054
JFK-SAT,19,160.7340414168987,173.61290519468247,1,True,-0.0770770557418734
JFK-SAT,20,151.86995467797524,181.0353002211627,1,True,-0.17566744778068966
JFK-SAT,21,143.69655451281318,152.75510577766264,1,True,-0.06113220735488767
JFK-SAT,22,169.56081637820682,179.1868143605662,1,True,-0.05521725609731565
JFK-SAT,23,216.4933896505885,197.36764997594497,1,True,0.09249178118283119
JFK-SAT,24,222.1386576561754,198.37254483092065,1,True,0.11315496857136775
LAS-LGA,1,158.5064698957912,167.86299315925658,1,True,-0.057352717763208716
LAS-LGA,2,161.8649196250766,172.36958214112,1,True,-0.06287874703772722
LAS-LGA,3,169.50221271329386,168.500512357618,1,True,0.005927190605190091
LAS-LGA,4,191.6796485293228,194.57466364143085,1,True,-0.014990482867669463
LAS-LGA,5,184.37830496135004,214.7235152354485,1,True,-0.15236157275479822
LAS-LGA,6,198.70498847433075,194.3327595782146,1,True,0.02224930955009974
LAS-LGA,7,191.60074532921635,197.57517771390854,1,True,-0.03070540300990121
LAS-LGA,8,203.58958876927693,197.17315345514015,1,True,0.03202385342286451
LAS-LGA,9,286.7210227302883,195.71538166502467,1,True,0.3818482272808925
LAS-LGA,10,219.0483392444622,185.81558410946022,1,True,0.16453773401746385
LAS-LGA,11,211.66666551505995,210.3836876076874,1,True,0.006079757307714928
LAS-LGA,12,244.17646610035615,221.310784160227,1,True,0.09832320879299594
LAS-LGA,13,226.91031068536734,222.35144479417482,1,True,0.020295617519977327
LAS-LGA,14,225.21454084916545,229.1839481267062,1,True,-0.01747148525381892
LAS-LGA,15,229.40678231190827,212.03953385121315,1,True,0.0787240319811513
LAS-LGA,16,226.14649866189168,226.61563976116466,1,True,-0.0020723520248688843
LAS-LGA,17,179.59627025912266,212.42985724030638,1,True,-0.16790046157879335
LAS-LGA,18,201.4198465711288,190.52011548330958,1,True,0.055633736403240874
LAS-LGA,19,188.39069586465524,197.7259693184757,1,True,-0.04836410283450476
LAS-LGA,20,216.52358058713517,199.29562054933422,1,True,0.08291020595866971
LAS-LGA,21,225.1764754841034,207.4663415510223,1,True,0.08191531313826683
LAS-LGA,22,243.2893008825914,223.974449697167,1,True,0.08271929232559305
LAS-LGA,23,251.7798071345058,212.11920369466145,1,True,0.17140652610027107
LAS-LGA,24,255.94690643580614,219.9381969278638,1,True,0.15162344240382897
LGA-LIT,1,209.50000217982702,274.77777777777777,1,True,-0.2712389404181019
LGA-LIT,2,197.798165347598,284.0,1,True,-0.3617270943058122
LGA-LIT,3,182.45778096516926,256.53846153846155,1,True,-0.3407597918053682
LGA-LIT,4,210.75634184706635,314.25,1,True,-0.399486159240114
LGA-LIT,5,230.64777828324662,227.07142639160156,1,True,0.01562715584562202
LGA-LIT,6,269.8729310430875,183.18182373046875,1,True,0.38747199058015536
LGA-LIT,7,225.45418806949934,228.31818389892578,1,True,-0.012623218321287766
LGA-LIT,8,219.1773472677898,177.0,1,True,0.21373147440336737
LGA-LIT,9,188.74799786376954,149.91666666666666,1,True,0.23033319656607532
LGA-LIT,10,169.5164558507219,206.41666539510092,1,True,-0.19694676676804956
LGA-LIT,11,149.38185270067672,189.1666717529297,1,True,-0.2361226901212401
LGA-LIT,12,154.66727955201094,163.4999974568685,1,True,-0.055536748611931586
LGA-LIT,13,149.00259399414062,239.8000030517578,1,True,-0.4758415401691094
LGA-LIT,14,143.6666606761791,222.89999694824218,1,True,-0.43922746696216297
LGA-LIT,15,162.00956985254606,208.55555216471356,1,True,-0.2525500363400921
LGA-LIT,16,151.84519504984098,176.5,1,True,-0.15045932812282814
LGA-LIT,17,142.8379476796026,141.5,1,True,0.009411037572797376
LGA-LIT,18,151.019610884922,147.41666475931802,1,True,0.024146670358884847
LGA-LIT,19,162.18420370001542,176.96825614808097,1,True,-0.0872376235475949
LGA-LIT,20,165.6986253294226,217.77777574327257,1,True,-0.27330453728920645
LGA-LIT,21,175.49515289010353,224.15384341508914,1,True,-0.2447211934107072
LGA-LIT,22,213.1801300048828,217.80357088361467,1,True,-0.021456116509020795
LGA-LIT,23,211.57408142089844,256.80701513457717,1,True,-0.19374968502221002
LGA-LIT,24,235.35031127929688,228.7307706001478,1,True,0.028529452797195987
LGA-PDX,1,196.03580269096574,197.03249055234642,1,True,-0.0050713324611271204
LGA-PDX,2,220.19767981240915,194.782850062369,1,True,0.12264033886608328
LGA-PDX,3,215.90327427428153,209.2392886025565,1,True,0.031351984518833476
LGA-PDX,4,178.92773191307774,204.26775464078057,1,True,-0.13244966399837743
LGA-PDX,5,172.16980757803287,209.41726375369436,1,True,-0.19584749578304272
LGA-PDX,6,211.68145778553233,226.75257854174282,1,True,-0.06877687358439122
LGA-PDX,7,210.30523320131525,237.6152545324615,1,True,-0.12209282114921294
LGA-PDX,8,178.91262528502824,210.9071913511338,1,True,-0.16452062552787527
LGA-PDX,9,184.2532976699064,209.9701482599432,1,True,-0.13065394075923553
LGA-PDX,10,215.21739572718525,241.30610667273695,1,True,-0.11441761951466756
LGA-PDX,11,255.0194609333419,273.82230867022207,1,True,-0.07113952788057798
LGA-PDX,12,252.48230412576052,258.82699922871836,1,True,-0.02481871828197857
LGA-PDX,13,269.6446712900539,264.56314156415795,1,True,0.01902511672978502
LGA-PDX,14,273.04519911943856,258.2285316657492,1,True,0.05579237152197969
LGA-PDX,15,259.93089517732943,285.7410874355434,1,True,-0.09467030420346756
LGA-PDX,16,234.36884895699924,275.1064357715277,1,True,-0.16026191002527668
LGA-PDX,17,214.62790579389232,270.7022886785842,1,True,-0.23211379319151426
LGA-PDX,18,258.02083630032007,253.0548214828759,1,True,0.019434191556958247
LGA-PDX,19,302.69274834148047,272.1135498717591,1,True,0.10649881720843535
LGA-PDX,20,295.1341504352849,289.7521060567507,1,True,0.018404249487805835
LGA-PDX,21,255.3947296142578,275.3322080450543,1,True,-0.07516809026504756
LGA-PDX,22,284.4752502441406,294.68657311803497,1,True,-0.03526607160543094
LGA-PDX,23,346.4210510253906,318.05027657336586,1,True,0.085445472985052
LGA-PDX,24,299.0348815917969,274.9857692253299,1,True,0.08384087937241347
LGA-PHX,1,168.23809627211574,151.25525221266187,1,True,0.10641139410088485
LGA-PHX,2,168.47931617813,159.68233984949035,1,True,0.05362652378380428
LGA-PHX,3,158.41170212318158,177.86459989065446,1,True,-0.11582523236878917
LGA-PHX,4,182.5468926545315,194.57196597474993,1,True,-0.06379501356530426
LGA-PHX,5,158.27785867178068,197.0470584644991,1,True,-0.21909048797566566
LGA-PHX,6,188.97880376269876,190.4918432582726,1,True,-0.007974516741464655
LGA-PHX,7,169.50374915539058,174.26387977709277,1,True,-0.027695655369553762
LGA-PHX,8,193.10445265573995,175.59986497475504,1,True,0.09502333571193322
LGA-PHX,9,175.1465562842358,165.42646727842444,1,True,0.057096298318171534
LGA-PHX,10,169.5179346880036,162.96302949847598,1,True,0.03943536840379913
LGA-PHX,11,146.8548973990487,178.1547862309995,1,True,-0.19320775123040868
LGA-PHX,12,160.24821265084404,209.72535085901967,1,True,-0.2690748794452551
LGA-PHX,13,250.34090662002563,238.83402260111575,1,True,0.04705477087400123
LGA-PHX,14,198.21378721039872,225.55613609225904,1,True,-0.12922288691679817
LGA-PHX,15,222.41314281768084,220.73840908025275,1,True,0.007558324925797777
LGA-PHX,16,228.06046873580578,225.04353395039539,1,True,0.01331693983228277
LGA-PHX,17,217.78260554438052,208.70944065330303,1,True,0.042554294377266544
LGA-PHX,18,189.57347839792996,194.5710981247742,1,True,-0.026020941152797405
LGA-PHX,19,187.2707471556018,185.85843705542294,1,True,0.007570122651943123
LGA-PHX,20,214.4485966334833,208.02480947267713,1,True,0.030412718015407236
LGA-PHX,21,255.50555284288194,203.01151330371786,1,True,0.22998144943246857
LGA-PHX,22,250.17964090130286,209.44617091078703,1,True,0.17771245783694312
LGA-PHX,23,226.02739705124947,197.48331111912674,1,True,0.13500213770736025
LGA-PHX,24,237.6057650492742,208.14198664003288,1,True,0.13239237597569797
LGA-SAT,1,244.1496602791507,240.1202880751412,1,True,0.016641400967380093
LGA-SAT,2,222.789591586428,224.57606302504374,1,True,-0.007986670037420929
LGA-SAT,3,255.04018231800623,220.63381864666027,1,True,0.14491671237030612
LGA-SAT,4,230.31428745814733,215.67885422213848,1,True,0.06565432805337146
LGA-SAT,5,206.90624809265137,234.44228386904686,1,True,-0.124943650460283
LGA-SAT,6,248.4908219783678,222.89308716382848,1,True,0.10871368442764773
LGA-SAT,7,180.075539019468,232.83926434663175,1,True,-0.25697193884201397
LGA-SAT,8,168.42063815000827,190.5620976865681,1,True,-0.12351346492333715
LGA-SAT,9,185.74637824901637,180.86339569091797,1,True,0.026640159039653
LGA-SAT,10,177.87793882128219,188.39985813910357,1,True,-0.057469031056955444
LGA-SAT,11,170.98876654317252,202.97301563627877,1,True,-0.17147518069117407
LGA-SAT,12,171.19325791262509,191.14559966693602,1,True,-0.11024235798253912
LGA-SAT,13,223.56373169842888,215.0855435437095,1,True,0.03866070047522996
LGA-SAT,14,179.5026152046563,195.25311064153132,1,True,-0.08410694296816335
LGA-SAT,15,169.4400838216146,187.8765284369257,1,True,-0.1032856068819763
LGA-SAT,16,163.78436999051075,175.49301471020803,1,True,-0.06904849433004134
LGA-SAT,17,165.42500104904175,166.21342191760172,1,True,-0.004754710547974383
LGA-SAT,18,147.12017259065686,156.80749314104924,1,True,-0.06376914124002475
LGA-SAT,19,143.08911022022613,163.5078608788667,1,True,-0.13339348337462997
LGA-SAT,20,152.32315933188713,170.28009351958156,1,True,-0.11144037793037498
LGA-SAT,21,157.15648039279182,159.4477017829105,1,True,-0.014473980567143663
LGA-SAT,22,165.70530796511738,164.61947686139803,1,True,0.006574347821183935
LGA-SAT,23,195.9544027032823,178.5207417849057,1,True,0.093177197952234
LGA-SAT,24,252.5649342722707,196.20250987683937,1,True,0.2525210415987802
LGA-SEA,1,176.08946076901958,160.42010944728744,1,True,0.09319610752835672
LGA-SEA,2,216.2561221048402,196.759062159036,1,True,0.0944835102277164
LGA-SEA,3,224.65295433691657,265.53874038833754,1,True,-0.16720395859826276
LGA-SEA,4,208.21761428753948,231.0745014165411,1,True,-0.1041564201509102
LGA-SEA,5,187.81081727173952,198.33234541352496,1,True,-0.05450897068547356
LGA-SEA,6,233.8232763882341,240.7389972330292,1,True,-0.029147746671954522
LGA-SEA,7,239.32629125890597,245.3698028904568,1,True,-0.024938615861170632
LGA-SEA,8,204.0355061186841,224.1388520259007,1,True,-0.09397170662671162
LGA-SEA,9,191.2927910744607,210.54911074431047,1,True,-0.09591373924979951
LGA-SEA,10,228.87868118286133,231.1666641430977,1,True,-0.009946853491077157
LGA-SEA,11,251.48538359703377,244.3919190652506,1,True,0.02861170857087192
LGA-SEA,12,236.34418824661608,241.53178251990977,1,True,-0.021711901739912776
LGA-SEA,13,245.04762240818567,267.0066235270721,1,True,-0.08582089647785462
LGA-SEA,14,250.3135118639147,253.85162200743673,1,True,-0.014035751345280012
LGA-SEA,15,261.4143774999331,244.63652732520904,1,True,0.06633325455093164
LGA-SEA,16,219.90156009654308,237.7142911308256,1,True,-0.07788950300348674
LGA-SEA,17,195.37107148560338,192.42655393093992,1,True,0.01518613807759106
LGA-SEA,18,198.69165992736816,223.12947960963763,1,True,-0.11599805352623349
LGA-SEA,19,245.63321836266962,246.96057439696304,1,True,-0.005389265014970945
LGA-SEA,20,241.9375,227.132939051068,1,True,0.06314394768727372
LGA-SEA,21,260.23528585994944,202.5287153914168,1,True,0.25070448651893695
LGA-SEA,22,260.1711730957031,241.2949655107457,1,True,0.0753196640650895
LGA-SEA,23,323.5378112792969,252.59884396353476,1,True,0.24751335560717003
LGA-SEA,24,296.7981584181479,237.8355369430487,1,True,0.22147289292481798
LGA-SFO,1,245.89056759240492,192.12823155830645,1,True,0.24672356797357864
LGA-SFO,2,224.3466659749349,203.21904724363296,1,True,0.09890802374458829
LGA-SFO,3,220.1442277614887,228.37428538004556,1,True,-0.03670297325463423
LGA-SFO,4,291.928813559322,227.36741048137844,1,True,0.2499427259467124
LGA-SFO,5,380.39999037522534,238.48776769843892,1,True,0.46690528483256344
LGA-SFO,6,402.75000286102295,273.16210388183595,1,True,0.38825062308470315
LGA-SFO,7,300.75203239627,239.5274623199118,1,True,0.2276180370955343
LGA-SFO,8,303.66019965606984,246.44175094504948,1,True,0.2087836508766907
LGA-SFO,9,421.3359353542328,246.698526876113,1,True,0.5352634095015869
LGA-SFO,10,274.97143587384903,235.50794731831513,1,True,0.1549225632604596
LGA-SFO,11,294.5119342999247,240.02149677673424,1,True,0.2045910369752857
LGA-SFO,12,296.5492973864918,273.38461412849375,1,True,0.08133382233168973
LGA-SFO,13,277.8780467956047,271.08038641237744,1,True,0.024766931128778147
LGA-SFO,14,321.13062540690106,255.89128417239536,1,True,0.22709529000749562
LGA-SFO,15,241.93318713215783,263.34062350469424,1,True,-0.08478673879768461
LGA-SFO,16,215.1884028116862,255.47500029669868,1,True,-0.17161062210440647
LGA-SFO,17,256.5566037735849,232.2022978683998,1,True,0.09974035245609603
LGA-SFO,18,230.45487728187754,221.7762361942278,1,True,0.038386154624790336
LGA-SFO,19,260.65993851438276,229.6626501489356,1,True,0.12660514649173482
LGA-SFO,20,220.8347831394361,230.1105302828031,1,True,-0.041144925604664095
LGA-SFO,21,275.0546963214874,207.85589159819716,1,True,0.28012496287426814
LGA-SFO,22,258.171063071803,246.6716968433277,1,True,0.04556411044267872
LGA-SFO,23,296.6121826171875,229.93448781507783,1,True,0.2546310703290118
LGA-SFO,24,312.201171875,251.57405882001422,1,True,0.21591034701604084
LGA-SLC,1,152.7098176177501,162.65766735510394,1,True,-0.0631082883581584
LGA-SLC,2,134.72478513958075,152.18489605579416,1,True,-0.12186213401391921
LGA-SLC,3,161.5417379970232,158.35162678059336,1,True,0.019945502628774925
LGA-SLC,4,177.9943818938866,170.35516188306832,1,True,0.04386654211986141
LGA-SLC,5,180.84701556966328,181.91561087018493,1,True,-0.0058914469874871145
LGA-SLC,6,195.26746561808025,176.4819249532309,1,True,0.10115177437626865
LGA-SLC,7,212.54048332801233,190.87484850332194,1,True,0.10751451015594782
LGA-SLC,8,213.49337899921747,212.64222344292534,1,True,0.003994769192349423
LGA-SLC,9,203.52684410146418,183.1948599808916,1,True,0.1052475132559616
LGA-SLC,10,204.75167350000984,185.18640601844118,1,True,0.10043497819223735
LGA-SLC,11,217.52961236508466,206.71211835109827,1,True,0.051007897370484834
LGA-SLC,12,219.99028629932587,195.23934386206454,1,True,0.11935718185311028
LGA-SLC,13,211.89931461849255,213.33641303268686,1,True,-0.00675909286043197
LGA-SLC,14,222.29850814591595,206.0503083235063,1,True,0.07590075581653721
LGA-SLC,15,233.05306309291294,230.9228704330769,1,True,0.009182405695795204
LGA-SLC,16,220.79365418449277,222.93258135506275,1,True,-0.009640826104950762
LGA-SLC,17,206.37618960425968,210.66048077246867,1,True,-0.020547075117407054
LGA-SLC,18,224.73275940993736,183.30078357458115,1,True,0.20378353067428545
LGA-SLC,19,268.7299932861328,178.57102932305722,1,True,0.40872068763667446
LGA-SLC,20,291.3714294433594,196.19753147643289,1,True,0.39547687773563744
LGA-SLC,21,306.3571459089007,207.31272982510654,1,True,0.3905231395637889
LGA-SLC,22,286.0465089664903,226.97992023023735,1,True,0.23129285992948567
LGA-SLC,23,247.40678509211136,238.6492857729654,1,True,0.0360388345098821
LGA-SLC,24,276.9047570607019,228.81481328086247,1,True,0.19076060896545055
LGA-SMF,1,159.76190645732578,176.8522997644847,1,True,-0.10163029731246631
LGA-SMF,2,172.28476740350786,211.42166555468893,1,True,-0.20470582203521648
LGA-SMF,3,183.74352853409366,230.67832251061927,1,True,-0.22748327817763592
LGA-SMF,4,198.01052663702714,206.28993589670065,1,True,-0.04096244094645218
LGA-SMF,5,149.37931508031386,200.52354760100877,1,True,-0.2944428744091372
LGA-SMF,6,180.60222600206566,225.60129756245556,1,True,-0.22247230471423407
LGA-SMF,7,180.665429040845,232.00147553620516,1,True,-0.2500968692952883
LGA-SMF,8,211.29333577473957,222.32469102305248,1,True,-0.050891500570155124
LGA-SMF,9,183.1614580154419,211.45492269008164,1,True,-0.1436437961867636
LGA-SMF,10,195.86363686805913,232.0026387653175,1,True,-0.169330058757164
LGA-SMF,11,190.15693374967924,237.26133340795235,1,True,-0.2213125079046776
LGA-SMF,12,190.27801463020293,232.8035451302398,1,True,-0.2017087063927585
LGA-SMF,13,205.7967929126107,230.06477161361138,1,True,-0.11147164522477482
LGA-SMF,14,203.71782321741085,245.92697670153652,1,True,-0.18829883239866252
LGA-SMF,15,190.59671077021846,256.05760716149183,1,True,-0.29524271330709695
LGA-SMF,16,185.67045864914402,236.32943669071904,1,True,-0.24125337516395717
LGA-SMF,17,158.16071953092302,201.40041835952854,1,True,-0.24168332930092618
LGA-SMF,18,181.31481311939382,214.95625579051483,1,True,-0.17019972654801663
LGA-SMF,19,207.9948729686248,215.4218729933103,1,True,-0.035084875288577066
LGA-SMF,20,180.9096725956086,214.6302764981421,1,True,-0.1709190433800014
LGA-SMF,21,185.6258522085592,219.81680902941474,1,True,-0.1690614126777108
LGA-SMF,22,201.8520119158142,232.1942552809187,1,True,-0.14003951393541492
LGA-SMF,23,209.394287109375,241.82179093972232,1,True,-0.14398203793061537
LGA-SMF,24,201.3230743408203,241.8823501508864,1,True,-0.18354049883543677
LGA-SNA,1,252.2272745768229,216.35991810679678,1,True,0.15338725580166201
LGA-SNA,2,281.2747294667003,247.8739984741211,1,True,0.12641133026151152
LGA-SNA,3,241.49565323539403,246.1515721178221,1,True,-0.019096019106901174
LGA-SNA,4,233.36633814443456,227.91270168243892,1,True,0.02364681728609952
LGA-SNA,5,263.07406729239005,234.81431080801573,1,True,0.11364058219142592
LGA-SNA,6,276.09638738057697,231.01535981748535,1,True,0.17826583336280688
LGA-SNA,7,256.7692297631568,240.9887164160294,1,True,0.06342763029796927
LGA-SNA,8,236.04838020570816,235.69689082454119,1,True,0.001490166273176996
LGA-SNA,9,211.06666508427372,213.5282493533069,1,True,-0.011595107546299666
LGA-SNA,10,184.63135528564453,198.01429858756657,1,True,-0.06997808024571306
LGA-SNA,11,172.89556291146937,200.98872838657644,1,True,-0.1505610991925268
LGA-SNA,12,174.06439139626244,204.9912046702577,1,True,-0.163541777917537
LGA-SNA,13,181.7615925870984,184.99071442472126,1,True,-0.017609733992553167
LGA-SNA,14,169.40140974017936,185.54339491044104,1,True,-0.09101768537193689
LGA-SNA,15,189.0957587944282,189.00923734318295,1,True,0.00045765834167355024
LGA-SNA,16,164.02246779538274,186.6560871050261,1,True,-0.12926440003879325
LGA-SNA,17,155.85580777900162,168.68666955566405,1,True,-0.07911169708766153
LGA-SNA,18,174.63934040292924,171.7174129433923,1,True,0.016872757648055625
LGA-SNA,19,191.73226457329582,188.827208664838,1,True,0.015267586503818542
LGA-SNA,20,224.81159589831955,196.24629646396963,1,True,0.13589221490347292
LGA-SNA,21,171.75676273655247,178.83541706403096,1,True,-0.040386619342537955
LGA-SNA,22,185.80537676761855,181.95565766404474,1,True,0.020936746247054216
LGA-SNA,23,196.9864196777344,193.26912723256373,1,True,0.019051131522256348
LGA-SNA,24,298.2909240722656,225.4710148613234,1,True,0.27987765207342363
LIT-MCO,1,184.4006216392754,168.5366989275731,1,True,0.08995715839488394
LIT-MCO,2,168.62570735386439,167.47266876122575,1,True,0.006861342976590024
LIT-MCO,3,163.5702467568978,160.40663925740728,1,True,0.019530455385034173
LIT-MCO,4,162.07213324875127,151.87657845831038,1,True,0.064973295916122
LIT-MCO,5,182.70100613694694,181.03987570920606,1,True,0.009133655625544357
LIT-MCO,6,187.27727584838868,193.12982622113145,1,True,-0.03077236028043373
LIT-MCO,7,173.3204554124312,182.54704178334944,1,True,-0.051865678553967065
LIT-MCO,8,200.359158851731,193.98270540336424,1,True,0.0323425426118682
LIT-MCO,9,222.8943124166349,214.5748992796369,1,True,0.03803886555635483
LIT-MCO,10,184.0239734910939,191.57553770216248,1,True,-0.040216143763117884
LIT-MCO,11,183.54877595979025,173.1525084742248,1,True,0.05830768318557045
LIT-MCO,12,207.73451583997337,189.4752480384147,1,True,0.09200249951850825
LIT-MCO,13,236.1162756986396,184.5463883704746,1,True,0.24642351797001805
LIT-MCO,14,210.89084173927844,191.08943130782626,1,True,0.09859911667695531
LIT-MCO,15,215.30769230769232,200.00921848842077,1,True,0.07370467412600057
LIT-MCO,16,203.3938252217061,213.10323210685485,1,True,-0.04663258073450827
LIT-MCO,17,194.217389314071,194.23809087844123,1,True,-0.00010658397394536223
LIT-MCO,18,192.65322051509733,165.34798400655333,1,True,0.15283954078103879
LIT-MCO,19,212.10465577591296,185.10798473089514,1,True,0.13614045614358616
LIT-MCO,20,212.0919505152209,199.93529052734374,1,True,0.059026142652212954
LIT-MCO,21,253.88421582673726,225.90860264275665,1,True,0.11674781549850533
LIT-MCO,22,234.21774611934538,225.67889782266883,1,True,0.03713803877042654
LIT-MCO,23,227.2897186279297,234.31067331554817,1,True,-0.030422401306889668
LIT-MCO,24,231.17620849609375,224.1434783935547,1,True,0.030893851727694432
LIT-TPA,1,181.8803414456186,209.53846153846155,1,True,-0.1415583035402026
LIT-TPA,2,183.9573799508517,170.98230007475456,1,True,0.07314405726602491
LIT-TPA,3,172.90353825314637,189.9814878393103,1,True,-0.09419277834978068
LIT-TPA,4,207.79211223424548,201.785710471017,1,True,0.02933182443484661
LIT-TPA,5,230.9817034558552,233.82927275866996,1,True,-0.012252743906000063
LIT-TPA,6,218.5491789103857,209.74712871683056,1,True,0.04110840813467842
LIT-TPA,7,203.25294548483456,135.28057861328125,1,True,0.40710025851886744
LIT-TPA,8,182.1903446800907,162.46602356549604,1,True,0.11458309628990015
LIT-TPA,9,205.1033108924046,210.71831308284277,1,True,-0.027008424703330647
LIT-TPA,10,157.03361043208787,186.2500039206611,1,True,-0.17063001668829614
LIT-TPA,11,182.33457203691333,210.29245369389375,1,True,-0.1426558911841349
LIT-TPA,12,163.4210457048918,184.54545610601252,1,True,-0.12156583487807548
LIT-TPA,13,148.84967656852373,176.81308967376424,1,True,-0.17215626948835716
LIT-TPA,14,142.7897486760066,191.96428298950192,1,True,-0.29593606928098115
LIT-TPA,15,139.98805942820078,175.7968785762787,1,True,-0.22777210038128715
LIT-TPA,16,144.04893302334193,168.16949605133573,1,True,-0.15481932135322385
LIT-TPA,17,121.15104126930235,151.96551079585635,1,True,-0.22661555033891645
LIT-TPA,18,145.2311363939969,173.62068860284214,1,True,-0.1785464517277564
LIT-TPA,19,131.7887350807727,162.32743875959278,1,True,-0.20841537359386297
LIT-TPA,20,165.34126499720983,175.36799609375,1,True,-0.05887499020287823
LIT-TPA,21,164.94681094555145,179.1896498230682,1,True,-0.08282167716266642
LIT-TPA,22,170.03163861624802,204.0655785232294,1,True,-0.18245687629373109
LIT-TPA,23,187.8373248816677,193.3647754597214,1,True,-0.02900213827238307
LIT-TPA,24,205.09352704603896,229.6203761630588,1,True,-0.11296130227222356
MCI-MIA,1,152.07167324882022,152.07826186470365,1,True,-4.332478901947212e-05
MCI-MIA,2,147.02209624401112,140.20000400543213,1,True,0.047512886897835394
MCI-MIA,3,135.13357395213433,145.11293830422795,1,True,-0.07124859815284967
MCI-MIA,4,144.9961079400801,153.36218134562174,1,True,-0.056095422061869904
MCI-MIA,5,174.55601552116426,163.07308049265853,1,True,0.06804724907287785
MCI-MIA,6,201.50154165414662,174.40833237965902,1,True,0.14439774450665865
MCI-MIA,7,184.07172635235364,166.89345903373516,1,True,0.09796985981286532
MCI-MIA,8,195.75384104802058,164.59291940874758,1,True,0.1733826865305872
MCI-MIA,9,214.4909764369042,187.89617873330153,1,True,0.1323781000814357
MCI-MIA,10,189.9317305231669,175.1981805419922,1,True,0.08074690114205119
MCI-MIA,11,189.80303477277658,172.67061734312517,1,True,0.0946010416719476
MCI-MIA,12,216.61931991577148,169.62261501317857,1,True,0.24456546916970723
MCI-MIA,13,220.2307704735665,181.59375047683716,1,True,0.19290390137851254
MCI-MIA,14,185.10423890154215,165.90999713897705,1,True,0.10947366450900464
MCI-MIA,15,157.1735782129159,162.26061450963837,1,True,-0.03185298580839735
MCI-MIA,16,175.18720760616645,180.41204878106174,1,True,-0.029388234760267196
MCI-MIA,17,176.11002336795872,180.3984255217001,1,True,-0.024058947387127105
MCI-MIA,18,136.45833599206173,151.34254104305148,1,True,-0.10352641421392139
MCI-MIA,19,124.38343056915812,139.44352713760924,1,True,-0.11429071925981926
MCI-MIA,20,153.71368559512345,168.55521811736872,1,True,-0.09217171253199563
MCI-MIA,21,171.1277751240251,171.96263185005594,1,True,-0.004866696105980672
MCI-MIA,22,170.1361554009574,169.1940325836637,1,True,0.0055528524808599045
MCI-MIA,23,164.24226694008738,172.75345291629915,1,True,-0.05052287516418108
MCI-MIA,24,185.53347778320312,176.9444488949246,1,True,0.047399503727022285
MCI-MSY,1,122.82160038175442,123.32973939633668,1,True,-0.004128677397008396
MCI-MSY,2,130.71848906188453,115.10180261629122,1,True,0.12722909554983275
MCI-MSY,3,136.54255375963575,106.75640033767195,1,True,0.24608670855996273
MCI-MSY,4,182.73999603271486,157.1683975773154,1,True,0.15074652929844046
MCI-MSY,5,141.95486972111138,151.61124616030668,1,True,-0.06581046535159008
MCI-MSY,6,169.02228208239032,162.7883117097249,1,True,0.037579897277215224
MCI-MSY,7,144.5401272714874,160.80871326927078,1,True,-0.10665837589251481
MCI-MSY,8,157.35960764015837,153.66707145561605,1,True,0.023745292161275522
MCI-MSY,9,165.25402361020397,159.52961675344133,1,True,0.03525423709777353
MCI-MSY,10,160.01086696680042,164.04523025923078,1,True,-0.024900452593583644
MCI-MSY,11,141.6363593823982,149.79838928099602,1,True,-0.056027394964092814
MCI-MSY,12,141.50810860298776,163.47149321907446,1,True,-0.1442816016796309
MCI-MSY,13,153.70967692713583,175.55268481919154,1,True,-0.1328735878544567
MCI-MSY,14,152.08759391394844,178.45097644826308,1,True,-0.15985729113948555
MCI-MSY,15,145.37013006829596,180.3837672441208,1,True,-0.21580351038539458
MCI-MSY,16,132.21724474676725,176.7440576088928,1,True,-0.29025632060564366
MCI-MSY,17,114.84939896916768,158.12902870066355,1,True,-0.3197896411656247
MCI-MSY,18,145.93785560737223,157.19901972965175,1,True,-0.07433175958890637
MCI-MSY,19,126.44493781942629,153.57626660880396,1,True,-0.194390355255865
MCI-MSY,20,139.01200213623048,150.5970690940326,1,True,-0.08004757794252626
MCI-MSY,21,141.31148199696358,155.04987933454413,1,True,-0.09278032121171709
MCI-MSY,22,175.65697208670682,156.04522919132515,1,True,0.1183871750468013
MCI-MSY,23,148.7266223276262,136.72770261821225,1,True,0.08411849539637117
MCI-MSY,24,120.3625482809971,137.06289416793553,1,True,-0.1299314783040053
MCI-ORF,1,162.55958612471665,140.91379284036572,1,True,0.14289631329937613
MCI-ORF,2,127.73053838916405,127.40073727158939,1,True,0.0025853459198215134
MCI-ORF,3,112.78394345471459,115.5511668974022,1,True,-0.0242394516332185
MCI-ORF,4,117.60510709571462,126.22397291021016,1,True,-0.07072542952970018
MCI-ORF,5,123.5535202259682,142.24093446089196,1,True,-0.14084791700359833
MCI-ORF,6,140.9121085776286,159.8665416402028,1,True,-0.12620299982001093
MCI-ORF,7,176.87500340229755,190.6734731635269,1,True,-0.07511911285151474
MCI-ORF,8,154.22222544899122,188.18749777475992,1,True,-0.1990442097639784
MCI-ORF,9,153.63386028019463,166.1313541218386,1,True,-0.07820652439058318
MCI-ORF,10,154.7194678681125,204.87870016605896,1,True,-0.28080450512684774
MCI-ORF,11,170.3223411923363,205.38643351417025,1,True,-0.1872004798739173
MCI-ORF,12,173.303188892121,202.80597527347393,1,True,-0.15720713761066119
MCI-ORF,13,162.92307927058295,170.63043505903605,1,True,-0.0462218361492619
MCI-ORF,14,157.81678719556967,203.46130507332938,1,True,-0.25404105425415135
MCI-ORF,15,161.32442561724713,222.24927412392438,1,True,-0.3203822049466094
MCI-ORF,16,155.74222364637586,176.33235691294948,1,True,-0.1241683778322713
MCI-ORF,17,106.21212121212122,161.8111870238831,1,True,-0.4209919052943665
MCI-ORF,18,137.3544322146645,170.95999747828432,1,True,-0.21886491474838188
MCI-ORF,19,148.1655119797279,176.88247677403638,1,True,-0.1771555659252817
MCI-ORF,20,168.05673423388325,184.92698805067275,1,True,-0.09565946182705076
MCI-ORF,21,161.2941131591797,180.4395974946502,1,True,-0.11216659360782089
MCI-ORF,22,193.28985617817312,191.4421264822162,1,True,0.009605356381145569
MCI-ORF,23,171.86709053908723,193.54218740137946,1,True,-0.11877406277220892
MCI-ORF,24,165.1149444580078,185.68367724515954,1,True,-0.11740270153387566
MCI-VPS,1,163.85185114542642,156.6999984741211,1,True,0.0446295332620803
MCI-VPS,2,145.19938463082343,176.7058823529412,1,True,-0.19637880452582213
MCI-VPS,3,164.2822931463068,133.0,1,True,0.21123711953657143
MCI-VPS,4,184.07947312917142,207.4999942779541,1,True,-0.11976372855560236
MCI-VPS,5,185.21893346662353,293.55556233723956,1,True,-0.46052838132007423
MCI-VPS,6,188.68016120200215,192.13636363636363,1,True,-0.018152034425583885
MCI-VPS,7,202.92208208356584,203.9333282470703,1,True,-0.004971044849150452
MCI-VPS,8,169.95050086597405,185.64285278320312,1,True,-0.08831745826711579
MCI-VPS,9,188.72221989101834,221.0,1,True,-0.1578865036059005
MCI-VPS,10,185.78422742661598,185.7,1,True,0.00045346435644244565
MCI-VPS,11,166.93665745247543,207.83333587646484,1,True,-0.219122044914573
MCI-VPS,12,171.77777485788604,250.0,1,True,-0.3752592830491741
MCI-VPS,13,178.7088630772844,141.33333333333334,1,True,0.23463685189419436
MCI-VPS,14,180.61643807746503,163.2,1,True,0.10139921356594428
MCI-VPS,15,169.14685357367242,212.0,1,True,-0.2258189810154514
MCI-VPS,16,201.73912844450578,204.5,1,True,-0.013592556057301586
MCI-VPS,17,297.0,196.76922959547775,1,True,0.411700520090573
MCI-VPS,18,130.85714176722936,178.65079583062067,1,True,-0.3113268318611242
MCI-VPS,19,164.22222222222223,169.16216339936128,1,True,-0.02963727742223643
MCI-VPS,20,305.0,175.24000244140626,1,True,0.5541552997299277
MCI-VPS,21,249.60000610351557,192.34090874411842,1,True,0.2605902969996148
MCI-VPS,22,192.95652770996097,203.58461139385517,1,True,-0.053616780767642425
MCI-VPS,23,155.6666717529297,201.26315869783102,1,True,-0.2568962973202673
MEM-MIA,1,203.93763647950306,158.78069907740542,1,True,0.2502902444830699
MEM-MIA,2,182.16666847551372,140.0929361222845,1,True,0.2626159970612214
MEM-MIA,3,161.30356540485303,141.51775327308155,1,True,0.13086291503003622
MEM-MIA,4,193.67618676010443,162.623975478336,1,True,0.17474698717440074
MEM-MIA,5,217.34930027030896,178.6144800453806,1,True,0.19627599762329861
MEM-MIA,6,203.41114844345466,172.58143077305385,1,True,0.16436010501474563
MEM-MIA,7,191.4332652285666,157.90690162132103,1,True,0.1925336343219577
MEM-MIA,8,204.65337470995078,165.47222407380042,1,True,0.21251434259389335
MEM-MIA,9,212.9786728328225,188.96538570105267,1,True,0.11962817930311687
MEM-MIA,10,200.3308278019267,178.78911772228423,1,True,0.11376314094010542
MEM-MIA,11,166.8002887676854,160.82296628815135,1,True,0.03649304942289078
MEM-MIA,12,190.63937649464043,177.21546417573538,1,True,0.07301725821673877
MEM-MIA,13,215.50164983768272,184.68524645195632,1,True,0.15431555980002187
MEM-MIA,14,211.5778867418521,198.347513906781,1,True,0.06457257651115533
MEM-MIA,15,195.43082901423156,203.04664189196885,1,True,-0.03822921463106699
MEM-MIA,16,213.65564718877295,191.9871520603837,1,True,0.10693714026653023
MEM-MIA,17,231.8699524883732,185.7380184380772,1,True,0.2218394870612439
MEM-MIA,18,214.12520608401744,187.0690864146839,1,True,0.13508292439705016
MEM-MIA,19,196.50396434844487,172.08860923670514,1,True,0.13267309176725295
MEM-MIA,20,200.5305107763258,192.56250005960467,1,True,0.0405456319510078
MEM-MIA,21,226.038626887646,200.77258776132933,1,True,0.11853303673425675
MEM-MIA,22,196.79999593098958,197.51873080118932,1,True,-0.0036454554016014384
MEM-MIA,23,203.2669094999268,204.7314556151095,1,True,-0.0071792072260583595
MEM-MIA,24,208.0018624798516,185.54367425243927,1,True,0.114256738841652
MEM-ORF,1,253.71429353601795,168.89130235754925,1,True,0.40695347864874076
MEM-ORF,2,247.21172360100266,180.3076931460873,1,True,0.31558035214420954
MEM-ORF,3,258.3835653366019,187.58064384870633,1,True,0.32023631477705905
MEM-ORF,4,246.71560619949202,245.03225855673514,1,True,0.006846411906363592
MEM-ORF,5,286.2663169529127,218.5238080705915,1,True,0.2700275856782097
MEM-ORF,6,284.3387168145949,248.41463284376192,1,True,0.13506693562858718
MEM-ORF,7,283.2671806976085,298.15385163136017,1,True,-0.05121908025576882
MEM-ORF,8,281.2459011390561,253.8679274073187,1,True,0.10241521873513815
MEM-ORF,9,310.4761953202505,306.57142545739,1,True,0.012656468821607092
MEM-ORF,10,326.203115940094,330.4193572998047,1,True,-0.012842385020316982
MEM-ORF,11,277.9821376800537,320.5869578485904,1,True,-0.14259670022378312
MEM-ORF,12,261.7228831095868,297.11111789279516,1,True,-0.12681995720232297
MEM-ORF,13,348.8636405251243,308.0000016645952,1,True,0.12458134264767295
MEM-ORF,14,403.17856325422014,316.0389521214869,1,True,0.24351407661408242
MEM-ORF,15,281.49333536783854,304.96969327059657,1,True,-0.08010363346994609
MEM-ORF,16,325.3924004277097,278.3739103897758,1,True,0.15606662856837517
MEM-ORF,17,352.0833435058594,247.9298275060821,1,True,0.3507221663741049
MEM-ORF,18,256.60465258221296,257.52100917271207,1,True,-0.00356472212546155
MEM-ORF,19,244.29463686261857,259.83941694941836,1,True,-0.06168878814472922
MEM-ORF,20,189.30968066800028,250.80645678120274,1,True,-0.2812973569691746
MEM-ORF,21,201.09473218415914,288.3260736880095,1,True,-0.3603159385572958
MEM-ORF,22,183.9878816546816,270.66102212162343,1,True,-0.3859973021779606
MEM-ORF,23,183.31884632939878,243.69118050967947,1,True,-0.2846748036136182
MEM-ORF,24,177.56724548339844,219.64285670689173,1,True,-0.21265346367591764
MIA-MKE,1,161.5602681141026,142.75935796237886,1,True,0.12371784893621296
MIA-MKE,2,162.1546661376953,138.76522110648776,1,True,0.1557671607351887
MIA-MKE,3,143.6270079781388,138.97183356486576,1,True,0.03294844039868483
MIA-MKE,4,161.30853712854307,147.54023251588316,1,True,0.08921800934551705
MIA-MKE,5,170.54562205293752,135.94444115956625,1,True,0.22675655757093072
MIA-MKE,6,180.54838488178868,148.07476792380075,1,True,0.19828146726450768
MIA-MKE,7,157.0705071473733,130.21428480602447,1,True,0.18751335655990609
MIA-MKE,8,167.43535199658623,142.3636342828924,1,True,0.16221272939805775
MIA-MKE,9,187.7590697637879,142.3214269365583,1,True,0.27707152757884135
MIA-MKE,10,178.90350823653372,163.69306824939085,1,True,0.08885346111492964
MIA-MKE,11,168.79200659179688,132.30526267603824,1,True,0.2435553780443156
MIA-MKE,12,167.8358924278846,152.96721686691535,1,True,0.0927630416168439
MIA-MKE,13,199.188361001477,169.02803396064544,1,True,0.164186332145821
MIA-MKE,14,174.98816369412214,178.00000190734863,1,True,-0.017065225405020534
MIA-MKE,15,197.80645616592903,198.97014356015333,1,True,-0.005865722583335398
MIA-MKE,16,196.80544853952608,208.4246623418103,1,True,-0.057361974345639055
MIA-MKE,17,208.05774793074124,182.69166208903,1,True,0.13001585027796914
MIA-MKE,18,191.73891911248268,152.8367328254544,1,True,0.22676440446291135
MIA-MKE,19,122.08370185213467,100.78160656457659,1,True,0.19175102581366144
MIA-MKE,20,124.65087072510374,133.06383027421666,1,True,-0.0653121446624878
MIA-MKE,21,128.22794085857916,142.5000020460649,1,True,-0.10553254591275962
MIA-MKE,22,154.04129613465616,145.31067650063525,1,True,0.05834667629448376
MIA-MKE,23,149.2570401849881,152.89999809265137,1,True,-0.024114178881629478
MIA-MKE,24,172.73617553710938,143.18181679465553,1,True,0.18765016483791008
MKE-PBI,1,136.70799028380844,125.55633969374107,1,True,0.08509261355753495
MKE-PBI,2,141.8391200886916,136.88659966852248,1,True,0.03554061478160442
MKE-PBI,3,133.3296661376953,145.94317973743784,1,True,-0.09039261198328319
MKE-PBI,4,145.73105355465052,141.17073524289015,1,True,0.03179277792510682
MKE-PBI,5,167.99999683461292,150.05881824368745,1,True,0.11293662170042307
MKE-PBI,6,159.4261333292181,149.22017984652737,1,True,0.0661577687443673
MKE-PBI,7,142.22115296583908,131.73033896456943,1,True,0.07662631492509142
MKE-PBI,8,153.6729553510558,147.50000653948103,1,True,0.040998457569250135
MKE-PBI,9,178.60155987739563,142.75410136238474,1,True,0.22403382311185105
MKE-PBI,10,167.4532369709701,143.75324873490766,1,True,0.15260585070653754
MKE-PBI,11,145.18182155064173,142.62887227166559,1,True,0.01774094078668398
MKE-PBI,12,166.36296160662616,145.47190839788888,1,True,0.1341889185714873
MKE-PBI,13,179.16154033954328,146.19318372553045,1,True,0.20335893558160567
MKE-PBI,14,159.08064516129033,155.65854005891134,1,True,0.021746513459858896
MKE-PBI,15,176.8076887864333,142.81290440713207,1,True,0.21352722504963317
MKE-PBI,16,152.82352959127988,146.06480859827113,1,True,0.04523343662396506
MKE-PBI,17,147.17307985745944,149.02702785182643,1,True,-0.012518376307276036
MKE-PBI,18,144.04917795150007,131.0000022681984,1,True,0.09495741430996141
MKE-PBI,19,130.13514239336993,111.49618320610686,1,True,0.1545831083836937
MKE-PBI,20,143.56439313021573,128.7545494773171,1,True,0.10887579249834367
MKE-PBI,21,145.03791527047542,126.98369333018427,1,True,0.13293651362358627
MKE-PBI,22,166.0585756182172,145.9595390716729,1,True,0.12901113762950978
MKE-PBI,23,143.6234130859375,154.8367335520634,1,True,-0.0751765427552673
MKE-PBI,24,171.78846740722656,150.4718003493089,1,True,0.13248818574504817
MKE-VPS,1,150.0112960729222,156.0,1,True,-0.03914540883590778
MKE-VPS,4,182.7599991861979,217.83333206176758,1,True,-0.17555642631660895
MKE-VPS,5,177.03960924809522,219.33332994249133,1,True,-0.21421913859617447
MKE-VPS,6,203.08396387464217,195.21428898402624,1,True,0.03952163561033917
MKE-VPS,7,189.6718776226044,246.13333740234376,1,True,-0.26057779168707373
MKE-VPS,8,151.96938931212134,149.28571428571428,1,True,0.017817099117309
MKE-VPS,9,175.65151815703422,146.75,1,True,0.17977156304646247
MKE-VPS,10,178.39415969291744,238.12499237060547,1,True,-0.28880023137879984
MKE-VPS,11,156.49618856415495,182.1,1,True,-0.1515243312725758
MKE-VPS,12,169.6184236626876,204.2727286598899,1,True,-0.18590465863311323
MKE-VPS,13,181.5603458799165,244.23076805701623,1,True,-0.2965254664281831
MKE-VPS,14,166.53333522251674,191.81818320534447,1,True,-0.14135245997590662
MKE-VPS,15,180.77049530529584,231.8333282470703,1,True,-0.24879045579798653
MKE-VPS,16,136.21428658621653,203.7647031896255,1,True,-0.4027366300248918
MKE-VPS,17,128.0,186.5833371480306,1,True,-0.3768477233361427
MKE-VPS,18,146.82051438551682,185.93750381469724,1,True,-0.23619976606825244
MKE-VPS,19,123.0,167.78947890432258,1,True,-0.3105257364823295
MKE-VPS,21,146.33333333333334,173.1458387374878,1,True,-0.1682471134496497
MKE-VPS,22,182.24999872843424,160.65454822887074,1,True,0.12612296733530215
MKE-VPS,23,139.0,136.0833339691162,1,True,0.021206485276215048
MKE-VPS,24,135.0,179.9999968210856,1,True,-0.28768205479114517
MSP-PBI,1,184.83455966500674,155.42753413103628,1,True,0.17328154834843623
MSP-PBI,2,189.47938474674814,168.76271289890096,1,True,0.11578656837633616
MSP-PBI,3,180.92526179955098,161.29203823393425,1,True,0.1148674038321813
MSP-PBI,4,199.01887385530293,170.58878369197666,1,True,0.154143777061865
MSP-PBI,5,204.65233308525498,170.23599700927736,1,True,0.1841269111726147
MSP-PBI,6,223.92670420701592,209.681160894569,1,True,0.06573068944174931
MSP-PBI,7,204.2576644991073,177.75376731067448,1,True,0.13898299523056679
MSP-PBI,8,199.24427807058086,167.04593698885753,1,True,0.17626275353985132
MSP-PBI,9,205.88317699967143,172.88144384954393,1,True,0.174702842075118
MSP-PBI,10,193.22925094182312,174.6707827721113,1,True,0.10097435184416437
MSP-PBI,11,184.72935996799293,154.11711484891873,1,True,0.18117903545291103
MSP-PBI,12,191.54330684631827,175.5654951101675,1,True,0.08710176366705102
MSP-PBI,13,195.26736195882162,145.53604341671132,1,True,0.2939459294398006
MSP-PBI,14,215.05419200277095,160.37310548262164,1,True,0.2933870423745315
MSP-PBI,15,195.53543186938668,185.64646318223743,1,True,0.05189747074380602
MSP-PBI,16,181.59796102095623,168.52747481908554,1,True,0.07469644643949902
MSP-PBI,17,158.5320884143736,149.06162593211113,1,True,0.061597206093195744
MSP-PBI,18,166.49006322730193,141.92134700017922,1,True,0.15966261754287903
MSP-PBI,19,162.19786691868558,135.57295490414222,1,True,0.17930708265754536
MSP-PBI,20,168.59204819810938,138.02563536754963,1,True,0.2000424493049664
MSP-PBI,21,161.55244895739432,152.086149364467,1,True,0.060382718858990714
MSP-PBI,22,185.11254252190963,169.09897970258172,1,True,0.09047975587833434
MSP-PBI,23,174.49800564575196,173.12903362533953,1,True,0.007876137023882457
MSP-PBI,24,167.23663330078125,150.7651251524793,1,True,0.10368661208013386
ORF-SAT,1,197.53367614746094,162.81780415094664,1,True,0.1932772722492846
ORF-SAT,2,189.76712313090286,182.50258057375987,1,True,0.039033339630612396
ORF-SAT,3,168.3597816184715,174.4506809374811,1,True,-0.0355388241731216
ORF-SAT,4,162.74999905420728,182.71499919891357,1,True,-0.1157122821583263
ORF-SAT,5,179.36818161010743,175.59500754680377,1,True,0.021260323891704402
ORF-SAT,6,212.07511651124193,195.12380843389602,1,True,0.08330626294453491
ORF-SAT,7,204.7127018712502,211.70897152022147,1,True,-0.033605013807728845
ORF-SAT,8,198.73899702592328,196.69247226509998,1,True,0.010350936595092897
ORF-SAT,9,185.519775390625,200.97931069560434,1,True,-0.08004048865369562
ORF-SAT,10,203.12465200661953,220.6978688016851,1,True,-0.08297481679199858
ORF-SAT,11,196.98904527638055,208.24462099317935,1,True,-0.05556533169108668
ORF-SAT,12,196.91723690690665,199.6162176596152,1,True,-0.013613088136172458
ORF-SAT,13,198.16872446821554,193.94778342782362,1,True,0.02152984635963584
ORF-SAT,14,168.0437687832097,210.50704070615097,1,True,-0.22529462615514273
ORF-SAT,15,147.60077294637992,202.18978514288463,1,True,-0.3146956378123287
ORF-SAT,16,157.06785294669015,186.81038546938927,1,True,-0.17341622462314366
ORF-SAT,17,156.25000038146973,161.44475327802627,1,True,-0.03270570811460338
ORF-SAT,18,165.2043841285427,178.31868173787882,1,True,-0.07638889733040699
ORF-SAT,19,168.3774491852405,180.3201518085717,1,True,-0.0685257115358553
ORF-SAT,20,185.58690130200134,189.18924658990676,1,True,-0.019224575816854994
ORF-SAT,21,192.8676528930664,170.3175698873159,1,True,0.12433946481464009
ORF-SAT,22,192.64238161335456,185.32075721212902,1,True,0.038747378559158996
ORF-SAT,23,192.563720703125,192.62246974987931,1,True,-0.0003050423336352637
ORF-SAT,24,192.60902003238076,196.81733684716949,1,True,-0.021613743224103033
ORF-SDF,1,119.7764705882353,114.03125195069747,1,True,0.04915470987346637
ORF-SDF,2,103.48850517711422,113.8370207205145,1,True,-0.09530723723066892
ORF-SDF,3,97.49350530450995,112.2964630464537,1,True,-0.14135660214551216
ORF-SDF,4,107.60526335866828,113.7241395573631,1,True,-0.05530612492962561
ORF-SDF,5,120.95652085456295,122.61661344290542,1,True,-0.013631374402646834
ORF-SDF,6,137.83673983204122,134.9166670032576,1,True,0.021412633727616814
ORF-SDF,7,128.11570550587552,132.8534004650815,1,True,-0.03631246328467075
ORF-SDF,8,123.78461321317232,128.98045920704396,1,True,-0.04111784880041558
ORF-SDF,9,108.8260846345321,123.62080690524722,1,True,-0.12746781734730828
ORF-SDF,10,131.9999978508748,134.8956707282224,1,True,-0.021699763941596117
ORF-SDF,11,128.6111117892795,131.65952270344178,1,True,-0.023426002915267752
ORF-SDF,12,119.89041064536735,135.15333638509114,1,True,-0.11983187805372797
ORF-SDF,13,116.35294274722828,135.4179651737213,1,True,-0.15173785227865544
ORF-SDF,14,118.63461582477277,140.10104004459677,1,True,-0.16631556256441637
ORF-SDF,15,115.11236117930895,142.650158223722,1,True,-0.2144864817431955
ORF-SDF,16,124.21874594688416,135.57425639338226,1,True,-0.08747541621640398
ORF-SDF,17,117.47058823529412,133.77169228471033,1,True,-0.12994656857214704
ORF-SDF,18,123.15384674072266,141.22222230295657,1,True,-0.13690033412434577
ORF-SDF,19,179.26315950092516,158.27160573888708,1,True,0.1245423101554266
ORF-SDF,20,119.33333237965901,159.3372526879404,1,True,-0.2891023522397793
ORF-SDF,21,144.34782708209494,159.48587562000685,1,True,-0.0997295113217973
ORF-SDF,22,173.6923100398137,182.6212100982666,1,True,-0.05012871672125829
ORF-SDF,23,179.11110517713757,185.76956481933593,1,True,-0.03650069422261559
ORF-SDF,24,193.0909063165838,195.2764721141142,1,True,-0.011255264944150412
ORF-SEA,1,183.16727063295653,195.31451711347026,1,True,-0.06421138496904799
ORF-SEA,2,198.8608093261719,208.58781394821767,1,True,-0.047754993214563335
ORF-SEA,3,208.21358385535217,203.82650418568807,1,True,0.021295236002870865
ORF-SEA,4,187.7644956284675,187.01734359829413,1,True,0.003987135670820763
ORF-SEA,5,195.11604715288703,185.06369193496218,1,True,0.0528944486015801
ORF-SEA,6,240.0704239106514,221.00238976672043,1,True,0.0827587983766449
ORF-SEA,7,239.3563841150162,235.51223932383013,1,True,0.0161907044435754
ORF-SEA,8,212.03089193279823,216.1209659576416,1,True,-0.019106297788401783
ORF-SEA,9,193.58041637927502,185.97605238132135,1,True,0.040075099874161246
ORF-SEA,10,229.16422493227066,264.92327553049074,1,True,-0.14500137179050387
ORF-SEA,11,307.46328287070753,265.95913893176663,1,True,0.14501299087514408
ORF-SEA,12,243.2918523698406,253.53947582579497,1,True,-0.04125777285659016
ORF-SEA,13,260.71591533314097,224.2047621954055,1,True,0.1508716162862518
ORF-SEA,14,257.79392500181456,279.54838239334816,1,True,-0.08101485553404686
ORF-SEA,15,271.5386998793658,310.0924870485515,1,True,-0.1327659280928577
ORF-SEA,16,273.67532626065343,265.749999219721,1,True,0.029386448850345914
ORF-SEA,17,204.9999957685711,216.3241417194235,1,True,-0.05376798043614883
ORF-SEA,18,255.97036223234954,239.58309627049405,1,True,0.06616135128423739
ORF-SEA,19,305.191188139074,282.0494186490081,1,True,0.07885612755794291
ORF-SEA,20,298.8609360448572,246.95238058907645,1,True,0.1907828414556274
ORF-SEA,21,271.9128267728365,242.5161323137181,1,True,0.11441329195254468
ORF-SEA,22,242.86561584472656,243.74726012512878,1,True,-0.0036236001496909864
ORF-SEA,23,288.66943359375,284.84220404668685,1,True,0.01334684812095066
ORF-SEA,24,312.6587219238281,264.87320979360186,1,True,0.16586099250827946
PDX-PHL,1,193.7492341207802,202.33804657975213,1,True,-0.043375081282793104
PDX-PHL,2,189.95193912978533,216.7226071597793,1,True,-0.13184713957411542
PDX-PHL,3,224.58890395618943,218.75902772960333,1,True,0.02630084349789108
PDX-PHL,4,191.50460742367346,212.44371891465298,1,True,-0.10376523313368402
PDX-PHL,5,173.7850879200718,208.09429212243623,1,True,-0.18017189557065283
PDX-PHL,6,223.1939546599496,232.64005478024907,1,True,-0.04145128453381375
PDX-PHL,7,183.44849764124007,219.7593037716178,1,True,-0.18059891235629877
PDX-PHL,8,171.6988520830527,214.48931659875586,1,True,-0.22251784877688507
PDX-PHL,9,150.33586162588855,215.26658176889225,1,True,-0.3590053066680614
PDX-PHL,10,194.81428565979004,211.56577088016792,1,True,-0.08248920004406468
PDX-PHL,11,205.1410866927428,228.92864297792408,1,True,-0.1097123820917778
PDX-PHL,12,169.328667113831,239.97915156907692,1,True,-0.3487104489902251
PDX-PHL,13,178.4258047124391,245.99999811099127,1,True,-0.32115867331857384
PDX-PHL,14,199.78715297591734,258.7193530371881,1,True,-0.2584913304690488
PDX-PHL,15,221.37274564387565,281.6520965642014,1,True,-0.24082469655241123
PDX-PHL,16,215.99687385559082,268.28996621979695,1,True,-0.2168044244282541
PDX-PHL,17,182.86080423990884,220.22272128480853,1,True,-0.18591417288348921
PDX-PHL,18,185.64406107239805,216.1010772275253,1,True,-0.15191505816004547
PDX-PHL,19,208.49330182923413,255.0881971011429,1,True,-0.20170244114015912
PDX-PHL,20,203.08724763942777,249.87826039779588,1,True,-0.20733816281549888
PDX-PHL,21,237.10393800359472,254.2372079302174,1,True,-0.06976911872977976
PDX-PHL,22,217.85227723555133,271.9869145903476,1,True,-0.22193675127899937
PDX-PHL,23,233.06121826171875,299.9058219961924,1,True,-0.25216734031509613
PDX-PHL,24,204.99783702527623,282.29154258947403,1,True,-0.3199409478778854
PDX-PIT,1,234.28169379435795,252.18078096034162,1,True,-0.07362200409538655
PDX-PIT,2,194.78788578974735,229.65781413840685,1,True,-0.1646792351498343
PDX-PIT,3,198.9826789624763,217.91183337147442,1,True,-0.09087276636107422
PDX-PIT,4,200.77907083200853,213.5267874399821,1,True,-0.06155713944007335
PDX-PIT,5,193.69411962172563,207.40170914087543,1,True,-0.06837732477815184
PDX-PIT,6,249.100005868765,242.29047546386718,1,True,0.027717127635480843
PDX-PIT,7,247.26011269630035,238.52450987871956,1,True,0.035968798523898116
PDX-PIT,8,196.6063841150162,248.11728234938633,1,True,-0.23269786728086927
PDX-PIT,9,190.94166247049967,193.71111436631944,1,True,-0.014399998744580422
PDX-PIT,10,239.85795870694247,234.46034835613773,1,True,0.02276042599199446
PDX-PIT,11,194.65909308891793,266.37185707283976,1,True,-0.3136435034291596
PDX-PIT,12,180.41765055936926,257.32975507229963,1,True,-0.35508391201996137
PDX-PIT,13,177.5778935878121,217.55095672607422,1,True,-0.20302375711755793
PDX-PIT,14,221.775733498966,256.46330576205474,1,True,-0.14531893511658023
PDX-PIT,15,230.38021183013916,267.99838886291604,1,True,-0.15124992980785024
PDX-PIT,16,215.39999961853027,250.33077056102263,1,True,-0.15028636265299244
PDX-PIT,17,208.90000183105468,209.98880807677313,1,True,-0.005198557096996126
PDX-PIT,18,189.6868642171224,201.34800576264004,1,True,-0.05966015340605946
PDX-PIT,19,256.4479152361552,230.34421907801206,1,True,0.10735078966974942
PDX-PIT,20,233.99999830457898,248.42596803862472,1,True,-0.05982377770125513
PDX-PIT,21,223.1999969482422,234.04482800713902,1,True,-0.047444452855674335
PDX-PIT,22,256.0538330078125,244.97854604186006,1,True,0.044217068025082185
PDX-PIT,23,242.01234436035156,267.7669093551267,1,True,-0.10112812624505452
PDX-PIT,24,265.20001220703125,254.60126570206654,1,True,0.04078564689459707
PDX-RDU,1,189.82671904305687,208.42791024141533,1,True,-0.09348157621993991
PDX-RDU,2,210.2819840154822,204.52323262252415,1,True,0.027767835033175814
PDX-RDU,3,211.44901892937187,188.93303943617374,1,True,0.11259126059197921
PDX-RDU,4,176.67184981559086,177.82459652229846,1,True,-0.006503595631119019
PDX-RDU,5,169.02744479295683,180.3743681021072,1,True,-0.06497341687948488
PDX-RDU,6,231.657505645752,195.80721459673114,1,True,0.16812943595630614
PDX-RDU,7,233.9485036958524,221.24163790531796,1,True,0.05584553306739792
PDX-RDU,8,227.7222205797831,219.54043545995708,1,True,0.03659012362771996
PDX-RDU,9,203.60384427584134,202.5673088660607,1,True,0.005103945230621854
PDX-RDU,10,229.2754828502981,222.73949677283022,1,True,0.0289213497261418
PDX-RDU,11,232.62025908779998,242.11326860841424,1,True,-0.03999833406380837
PDX-RDU,12,193.025205083254,216.69921579957008,1,True,-0.11568951304168529
PDX-RDU,13,189.40797527289828,213.1032597500345,1,True,-0.11787354783784743
PDX-RDU,14,202.01548780593197,223.8485816209474,1,True,-0.10262548160587759
PDX-RDU,15,214.21016264952908,225.29736583107396,1,True,-0.05046355397764657
PDX-RDU,16,203.54976570888718,212.80197862681777,1,True,-0.04445153155916426
PDX-RDU,17,192.79787542464885,181.43730508880148,1,True,0.06073219501058613
PDX-RDU,18,216.8776242449567,185.74410653676247,1,True,0.15496329572961098
PDX-RDU,19,238.16838582356772,214.56653007852688,1,True,0.10435807315569523
PDX-RDU,20,259.09523010253906,233.9599234785489,1,True,0.10204584440988995
PDX-RDU,21,240.48648463068787,232.39747629255902,1,True,0.03421472541245496
PDX-RDU,22,244.552001953125,253.55180045968635,1,True,-0.03614016999518199
PDX-RDU,23,258.71551513671875,274.2522649159964,1,True,-0.05831929683904935
PDX-RDU,24,287.4527158994932,256.369791454739,1,True,0.11443748020858724
PDX-SDF,1,212.51898541027987,191.39473724365234,1,True,0.10469334495465343
PDX-SDF,2,224.999998031124,186.96808413241772,1,True,0.1851624642542573
PDX-SDF,3,217.52795078443444,187.2792194911412,1,True,0.1497266960557715
PDX-SDF,4,204.503810271052,188.41496878902927,1,True,0.08193979628438974
PDX-SDF,5,181.50704719650912,194.0275216758798,1,True,-0.06670553283008473
PDX-SDF,6,253.9666778564453,218.46629059180785,1,True,0.15057134270477412
PDX-SDF,7,228.7454553777521,225.09183587833323,1,True,0.016101358367926366
PDX-SDF,8,209.3671885728836,227.56172604031033,1,True,-0.08333193126887561
PDX-SDF,9,183.5940532117787,197.1052604273746,1,True,-0.07101081518400765
PDX-SDF,10,253.4253692626953,239.4759017760495,1,True,0.05661658545666448
PDX-SDF,11,218.35651762589166,246.2598873504811,1,True,-0.12025830199408016
PDX-SDF,12,198.97000259399414,221.32044182034488,1,True,-0.10645754169616417
PDX-SDF,13,270.7358427227668,204.22563938238682,1,True,0.2819181374040305
PDX-SDF,14,189.36296680591724,245.3171855909709,1,True,-0.2588863756666804
PDX-SDF,15,197.95744729549327,265.0727274808017,1,True,-0.29195213670884357
PDX-SDF,16,215.53488017237459,240.94339507480836,1,True,-0.11143927730013559
PDX-SDF,17,210.8,168.66422722809506,1,True,0.22299989922697794
PDX-SDF,18,219.00000610351563,214.76441823519193,1,True,0.019530059447466996
PDX-SDF,19,230.3333282470703,241.62325027820677,1,True,-0.047852183008259
PDX-SDF,20,186.54546009410512,235.08333055178323,1,True,-0.2312650861452914
PDX-SDF,21,269.3333435058594,241.539683387393,1,True,0.1089160275840717
PDX-SDF,22,247.95237731933588,236.86637963919804,1,True,0.04574051763729603
PDX-SDF,23,255.8235321044922,252.4427184113777,1,True,0.013303513864570071
PDX-SDF,24,225.26666259765625,236.3893458256956,1,True,-0.04819534854811103
PHL-SEA,1,203.28803817085597,182.85039341302564,1,True,0.10595558443510811
PHL-SEA,2,223.71962124833436,216.95081093197777,1,True,0.030722926867731815
PHL-SEA,3,207.16256710982725,224.0831534387006,1,True,-0.07851337028079719
PHL-SEA,4,203.04062795639035,200.4386758319746,1,True,0.012897752969666776
PHL-SEA,5,160.93103616648708,200.4229300489359,1,True,-0.2194538576411924
PHL-SEA,6,217.97618551102894,221.16249872052867,1,True,-0.014511903607127508
PHL-SEA,7,202.4210507866329,253.7621023958691,1,True,-0.22604728552169284
PHL-SEA,8,178.17586112848755,224.9760181642722,1,True,-0.23322276416201326
PHL-SEA,9,163.37782510056388,242.45016841951798,1,True,-0.39473073429013716
PHL-SEA,10,169.10652022042814,261.72043825685074,1,True,-0.43674809099423495
PHL-SEA,11,200.55422963703015,261.9756295082464,1,True,-0.26716680010983307
PHL-SEA,12,193.16868762223504,263.16955676548,1,True,-0.3092346906821133
PHL-SEA,13,185.22134749220294,265.9039315149509,1,True,-0.3615835010237536
PHL-SEA,14,219.26161850460585,288.52631054412154,1,True,-0.2745206576289707
PHL-SEA,15,222.32396221697263,293.6838807787083,1,True,-0.2783683460016997
PHL-SEA,16,170.24725886355364,271.48560582427467,1,True,-0.4666572765013024
PHL-SEA,17,160.48118468253844,228.48159943617785,1,True,-0.3532789731542447
PHL-SEA,18,174.46078002530766,225.2830430242248,1,True,-0.25565762054188657
PHL-SEA,19,206.11363474527994,254.091160076362,1,True,-0.2092654588909708
PHL-SEA,20,175.59552140876428,257.16962780290555,1,True,-0.3815527211626062
PHL-SEA,21,196.86744086686957,266.31644435789207,1,True,-0.30215462891750544
PHL-SEA,22,203.37147521972656,268.86655332400966,1,True,-0.279180938258369
PHL-SEA,23,218.6528778076172,285.64515780429053,1,True,-0.2672648940466624
PHL-SEA,24,207.36294555664065,284.27354545087474,1,True,-0.3154663446995638
PHL-SJC,1,200.49074144716616,189.14755905445804,1,True,0.05824062217764325
PHL-SJC,2,162.69729902937607,196.0848264345399,1,True,-0.18665594037474076
PHL-SJC,3,181.53495106798536,200.45815981515116,1,True,-0.09915734271012422
PHL-SJC,4,178.09716290307912,187.00739121921842,1,True,-0.048818880938633846
PHL-SJC,5,180.03954741914393,200.5606674057923,1,True,-0.10794024691377047
PHL-SJC,6,228.53413452393562,220.88731116802745,1,True,0.034032917147180264
PHL-SJC,7,179.5729730554529,211.4670276452317,1,True,-0.16348742823136142
PHL-SJC,8,169.785718136742,209.97557859688598,1,True,-0.21245407113257375
PHL-SJC,9,188.9315024598004,194.39502989964456,1,True,-0.028507796817942577
PHL-SJC,10,175.82410169968,208.61494806508145,1,True,-0.17100612586626518
PHL-SJC,11,170.74207730530614,215.64811731655396,1,True,-0.23349389479125993
PHL-SJC,12,183.72683168736899,213.7155707924666,1,True,-0.15119597843908839
PHL-SJC,13,171.40558816336252,202.32955730895708,1,True,-0.16586523113762386
PHL-SJC,14,158.1494839855076,217.72811662667164,1,True,-0.31970642605683164
PHL-SJC,15,166.53000244140625,224.50194843782606,1,True,-0.29870889812436907
PHL-SJC,16,157.44032595285174,210.63496542008866,1,True,-0.29108010992214783
PHL-SJC,17,137.21739618526482,166.06082408252232,1,True,-0.19078762977311658
PHL-SJC,18,141.24758817911913,188.88321033575326,1,True,-0.29061459428514524
PHL-SJC,19,170.3695592465608,204.3111820576354,1,True,-0.18167427832587713
PHL-SJC,20,154.75397128150576,205.37490822467205,1,True,-0.28300055569258387
PHL-SJC,21,165.616821146457,195.31379616836023,1,True,-0.16493066252677746
PHL-SJC,22,185.31801828984237,229.1460548802426,1,True,-0.21228622744554926
PHL-SJC,23,212.5017649512409,238.97218400725725,1,True,-0.11739686626851054
PHL-SJC,24,171.06863178926355,231.89266233135606,1,True,-0.30420977076635225
PIT-SAT,1,253.1111137753441,206.07894843921326,1,True,0.2055692369762694
PIT-SAT,2,259.8468462969806,224.8435050903644,1,True,0.1446877774744424
PIT-SAT,3,222.04761880541605,214.81773519281097,1,True,0.03310193269326955
PIT-SAT,4,157.24590163934425,187.0189553934251,1,True,-0.1733991449236294
PIT-SAT,5,161.97727272727272,197.25685239817997,1,True,-0.19705066520020864
PIT-SAT,6,172.11644190958103,192.69696850246854,1,True,-0.11294760799511572
PIT-SAT,7,168.78994792781464,172.8979610910221,1,True,-0.024046570004256473
PIT-SAT,8,158.14567638006736,177.2122156075726,1,True,-0.11383136198294341
PIT-SAT,9,170.59821564810616,183.16566292636367,1,True,-0.0710798295013424
PIT-SAT,10,159.47928777389978,186.63158086587114,1,True,-0.15722246117154626
PIT-SAT,11,178.17619040352957,189.9819797366947,1,True,-0.0641563297140717
PIT-SAT,12,155.9666658528646,194.67966378299639,1,True,-0.22171315395364388
PIT-SAT,13,196.9999984741211,199.9020297076251,1,True,-0.01462367407732934
PIT-SAT,14,159.7474237815621,182.50827635997294,1,True,-0.13320155534731093
PIT-SAT,15,146.0366492146597,179.12655204223935,1,True,-0.20423493846135354
PIT-SAT,16,135.93181291060014,175.65217688003025,1,True,-0.25635238756941003
PIT-SAT,17,111.13461274367113,120.41666569533172,1,True,-0.0802157487192039
PIT-SAT,18,124.29629704981674,147.3071905647228,1,True,-0.16985193041430602
PIT-SAT,19,127.48119681222099,157.1236536169565,1,True,-0.20906422026762073
PIT-SAT,20,150.4280836549524,167.01918010972952,1,True,-0.10462353626461862
PIT-SAT,21,148.30927614821601,157.5989775934317,1,True,-0.06075389297686584
PIT-SAT,22,165.8468925804613,169.8438273316967,1,True,-0.02381432317398957
PIT-SAT,23,167.03763457267516,172.44632975593288,1,True,-0.03186691245984452
PIT-SAT,24,163.2593994140625,173.22511476197394,1,True,-0.05925164670758232
PIT-SEA,1,258.24741418582875,225.57325883542492,1,True,0.13527311604909809
PIT-SEA,2,275.5895470007142,202.29471854380498,1,True,0.3091869734830519
PIT-SEA,3,211.57751819699308,197.98123848214638,1,True,0.06641917656917329
PIT-SEA,4,197.6537331196799,203.70329600862655,1,True,-0.030147826710865466
PIT-SEA,5,157.5193336444665,232.23136007509993,1,True,-0.38818591242383693
PIT-SEA,6,207.30516353123625,251.3005695626395,1,True,-0.19245778338432196
PIT-SEA,7,238.83798797436933,247.3988607011456,1,True,-0.03521640737302523
PIT-SEA,8,192.78448854643722,241.13512995068172,1,True,-0.22378455620122306
PIT-SEA,9,182.35017609854467,199.38196201476242,1,True,-0.08929350915425349
PIT-SEA,10,235.92268434504874,225.6094146417904,1,True,0.04469889232134783
PIT-SEA,11,208.32727097020006,232.03926126951433,1,True,-0.10779632565671182
PIT-SEA,12,181.17425831649004,226.6271421813965,1,True,-0.22384680032216586
PIT-SEA,13,152.96490960372122,224.2904649214311,1,True,-0.3827333841484313
PIT-SEA,14,187.21428783183194,232.03492194281685,1,True,-0.2146340009350931
PIT-SEA,15,218.069066337459,244.622032400795,1,True,-0.11490246375006574
PIT-SEA,16,176.14286004929315,224.94036274947888,1,True,-0.24453994201504248
PIT-SEA,17,185.26804328210574,172.63446566828236,1,True,0.07062721513576609
PIT-SEA,18,179.75591031772885,185.77610053042525,1,True,-0.03294231119553359
PIT-SEA,19,236.32820559770633,202.07757183324512,1,True,0.15656989791959575
PIT-SEA,20,182.275233417476,208.2629542770781,1,True,-0.13328366825407745
PIT-SEA,21,202.24210622687093,190.91868323022192,1,True,0.057617930253786476
PIT-SEA,22,191.55723571777344,229.5740981808635,1,True,-0.18103920028302944
PIT-SEA,23,211.274917602539,240.16381732719938,1,True,-0.12816105026273306
PIT-SEA,24,205.23387145996097,235.8573044013329,1,True,-0.1390768145193224
RDU-SEA,1,202.58295895700502,202.03465747006845,1,True,0.0027102221964447892
RDU-SEA,2,186.1095705835327,207.98728053745725,1,True,-0.11114133714220475
RDU-SEA,3,202.8671973030359,190.03700634120318,1,True,0.06533274106953701
RDU-SEA,4,188.7101866449824,179.98316839113247,1,True,0.047349096617882225
RDU-SEA,5,198.6212078441273,172.88153536283053,1,True,0.13879293938836224
RDU-SEA,6,246.83141290333646,211.611413978377,1,True,0.15395392491335969
RDU-SEA,7,238.0748401325979,223.54010191701505,1,True,0.06299425369941236
RDU-SEA,8,207.13093575580749,206.06965172231494,1,True,0.0051369063810646765
RDU-SEA,9,177.53098839373627,184.69542519475374,1,True,-0.03956294187810094
RDU-SEA,10,236.24085005639304,216.36242414900795,1,True,0.08789694452499752
RDU-SEA,11,230.5157629305178,223.81345757067385,1,True,0.029506319714324825
RDU-SEA,12,208.55291921606562,204.42525623147978,1,True,0.019990404751897728
RDU-SEA,13,199.2864808323544,198.23111343813855,1,True,0.0053098020767459175
RDU-SEA,14,234.28215809844505,212.23164210809725,1,True,0.09884786318345018
RDU-SEA,15,230.7350986505976,226.2398644785693,1,True,0.01967450971034701
RDU-SEA,16,202.08591909903066,220.3002955547291,1,True,-0.08629864636521223
RDU-SEA,17,177.84759585195394,168.83464869701956,1,True,0.052007154571269254
RDU-SEA,18,199.05151096690784,183.1854247305557,1,True,0.08306475056479723
RDU-SEA,19,215.3518257192733,210.58702049142843,1,True,0.02237412267470429
RDU-SEA,20,203.74520985102745,197.09195167916198,1,True,0.03319986227878058
RDU-SEA,21,182.55498213902155,178.50132804081358,1,True,0.022455358447315277
RDU-SEA,22,216.38596900076007,208.9929575043047,1,True,0.03476315136584063
RDU-SEA,23,232.44625854492188,242.59724158589066,1,True,-0.04274357396481232
RDU-SEA,24,209.26117876838236,223.45004465313266,1,True,-0.06560474424490703
ROC-SAN,1,203.46153259277344,194.5036006351169,1,True,0.04502628283630816
ROC-SAN,2,211.23214667184013,200.8173057115995,1,True,0.05056218194318429
ROC-SAN,3,209.72500438690184,212.99999927339098,1,True,-0.015494992648356742
ROC-SAN,4,183.11538050724909,213.88484913219105,1,True,-0.1553213332947747
ROC-SAN,5,216.0,218.16875228881835,1,True,-0.00999044871738608
ROC-SAN,6,213.1320757595998,233.93970056275023,1,True,-0.09315134471546216
ROC-SAN,7,206.5959586711845,241.150219307437,1,True,-0.15465506057057432
ROC-SAN,8,196.65217391304347,217.85083134266554,1,True,-0.10237401513171562
ROC-SAN,9,188.3939444802024,194.04065214327682,1,True,-0.02953246444081259
ROC-SAN,10,193.5106344020113,231.7944458855523,1,True,-0.1805185007046175
ROC-SAN,11,209.13861658077428,227.0753130413997,1,True,-0.082284468620065
ROC-SAN,12,204.3369546973187,219.25543204597804,1,True,-0.07046703658923903
ROC-SAN,13,238.20512351011618,239.20689405243974,1,True,-0.004196676982330949
ROC-SAN,14,221.93220287258342,263.5703695791739,1,True,-0.17194844678978694
ROC-SAN,15,225.0533251953125,249.01351695017772,1,True,-0.10116980493959993
ROC-SAN,16,214.73333740234375,220.47090011677415,1,True,-0.026368746740146776
ROC-SAN,17,203.39474166067023,244.47872307960023,1,True,-0.18397965188776233
ROC-SAN,18,174.8269260113056,202.76296070240164,1,True,-0.1482411251769582
ROC-SAN,19,172.48351413601048,197.1909076343883,1,True,-0.13387067209660852
ROC-SAN,20,192.8076934814453,213.79577174656828,1,True,-0.10332793638919302
ROC-SAN,21,172.9799938964844,190.0459785899897,1,True,-0.09409008987004963
ROC-SAN,22,179.42591857910156,228.74603138272724,1,True,-0.24284994198413656
ROC-SAN,23,206.09756469726557,250.5833369524051,1,True,-0.1954418759384673
ROC-SAN,24,212.0909118652344,243.59055166169415,1,True,-0.13847373649760097
ROC-SAT,1,199.40740966796875,231.34090666337445,1,True,-0.14854239238412603
ROC-SAT,2,226.0,234.14893876745344,1,True,-0.035422404070476254
ROC-SAT,3,191.6842041015625,234.16215886296453,1,True,-0.2001646143435023
ROC-SAT,4,209.73333740234375,232.2368392944336,1,True,-0.10192080805493386
ROC-SAT,5,249.05882352941177,251.46808510638297,1,True,-0.009626975663587167
ROC-SAT,6,247.2499974568685,234.73530040067786,1,True,0.051941462190854715
ROC-SAT,7,224.3599987792969,235.96774291992188,1,True,-0.050443213941683496
ROC-SAT,8,250.9000040690104,245.7027035275021,1,True,0.020932186755500126
ROC-SAT,9,292.7407452618634,235.06666937934028,1,True,0.2194182154718698
ROC-SAT,10,221.41176111557905,262.499993218316,1,True,-0.1702269157631413
ROC-SAT,11,240.51999816894534,232.6562466621399,1,True,0.03324121058683094
ROC-SAT,12,276.24999237060547,292.9090916026722,1,True,-0.058556068092211255
ROC-SAT,13,316.2999954223633,313.18181402033025,1,True,0.009907218477532176
ROC-SAT,14,243.76364135742188,262.85714939662387,1,True,-0.07541165357090929
ROC-SAT,15,201.88888380262586,194.2179500873272,1,True,0.038736483347110884
ROC-SAT,16,207.09524536132812,224.48101748695856,1,True,-0.08061233902361664
ROC-SAT,17,147.39999389648438,147.11429029192243,1,True,0.0019401686744737745
ROC-SAT,18,158.69767938658248,141.26865512221607,1,True,0.11633757181505633
ROC-SAT,19,166.36000061035156,141.8811914425085,1,True,0.15916409113669783
ROC-SAT,20,155.14865112304688,149.83333055178323,1,True,0.034860150158936065
ROC-SAT,21,154.6229528208248,154.99137996805126,1,True,-0.002379911277393454
ROC-SAT,22,174.02984619140625,157.89564912215522,1,True,0.09729244809987225
ROC-SAT,23,175.76596069335938,165.87096757786247,1,True,0.05794315897179203
ROC-SAT,24,173.2888946533203,173.79999593098958,1,True,-0.002945076382176559
SDF-SEA,1,207.2648963170336,187.39285496303015,1,True,0.10079042563068974
SDF-SEA,2,225.62140037002877,203.55803060531616,1,True,0.10290724801003837
SDF-SEA,3,230.68358204400363,175.52367233233863,1,True,0.2732730779272723
SDF-SEA,4,187.47287519588028,178.45333231608072,1,True,0.04930704589344881
SDF-SEA,5,196.52173631087592,196.80924881951657,1,True,-0.0014619369981883068
SDF-SEA,6,245.22313772154246,216.49845660869892,1,True,0.12458514367025852
SDF-SEA,7,244.9099520281028,240.32126448273118,1,True,0.018913970017476522
SDF-SEA,8,209.7918439592634,220.69863097308433,1,True,-0.050682290237808125
SDF-SEA,9,187.08743086017546,203.12230314625253,1,True,-0.08223222388097806
SDF-SEA,10,210.4858735510185,235.43968657853537,1,True,-0.11203623085922576
SDF-SEA,11,235.46188231327073,232.4551226787078,1,True,0.012851856153819341
SDF-SEA,12,205.61273971258424,212.32155099605924,1,True,-0.03210738030600435
SDF-SEA,13,229.44210397820723,195.6678432828546,1,True,0.159232182915102
SDF-SEA,14,232.30729484558105,244.96860651578305,1,True,-0.053069023687951855
SDF-SEA,15,253.7171015488474,258.9492823282878,1,True,-0.02041234851552698
SDF-SEA,16,263.21332885742186,242.7830191558262,1,True,0.0807967205638489
SDF-SEA,17,205.99999886971932,178.43452608017694,1,True,0.14365443004218648
SDF-SEA,18,186.60563337299186,185.24929057437367,1,True,0.00729504291259353
SDF-SEA,19,231.810809161212,226.13842148430604,1,True,0.024774265005980567
SDF-SEA,20,280.47620282854353,243.41025393233338,1,True,0.14174057539073104
SDF-SEA,21,246.2307645357572,225.10637875820728,1,True,0.08969607848755157
SDF-SEA,22,236.51612854003903,236.84654626090204,1,True,-0.0013960449022123456
SDF-SEA,23,247.36585998535156,254.99045184186397,1,True,-0.030357645472586903
SDF-SEA,24,299.1600036621094,214.53209041656658,1,True,0.3325192267148749
SDF-SFO,1,215.35164617182133,191.38888465033637,1,True,0.11796485223471809
SDF-SFO,2,207.48404028060588,187.7741935483871,1,True,0.0998142796157735
SDF-SFO,3,209.7839968261719,159.16536033810593,1,True,0.2761347508981311
SDF-SFO,4,193.2036994651512,169.66101319911115,1,True,0.12994266366503293
SDF-SFO,5,182.0254198494604,176.0625057220459,1,True,0.03330726868977418
SDF-SFO,6,204.6120710701778,205.88541475931802,1,True,-0.006203924833667607
SDF-SFO,7,227.71667035420737,219.03296753600404,1,True,0.03887992712886312
SDF-SFO,8,254.8207575959979,258.70454597473145,1,True,-0.015126274805543183
SDF-SFO,9,282.0400054931641,236.94366240165604,1,True,0.17422652283549844
SDF-SFO,10,269.98412649972096,264.24676236239344,1,True,0.021479794029441557
SDF-SFO,11,246.0472985344964,207.4962432402417,1,True,0.17041055327564525
SDF-SFO,12,205.54074288827402,214.87878484024114,1,True,-0.04442980118179385
SDF-SFO,13,185.65305655343192,197.13061180893257,1,True,-0.05998686860282998
SDF-SFO,14,229.12396744657153,238.5745545772084,1,True,-0.04041865964522007
SDF-SFO,15,215.45454426554892,254.7016791335675,1,True,-0.16734301874493518
SDF-SFO,16,184.46087646484375,249.14136349343505,1,True,-0.3005830709297621
SDF-SFO,17,211.5200067138672,198.43228888511658,1,True,0.06387166039860137
SDF-SFO,18,182.32000122070312,199.93055523766412,1,True,-0.09220669080739441
SDF-SFO,19,211.62068649818158,211.3443116056705,1,True,0.0013068454036799793
SDF-SFO,20,212.0000005868765,237.25670632548716,1,True,-0.11255642656483111
SDF-SFO,21,193.3333282470703,223.98170313021032,1,True,-0.14714857750032984
SDF-SFO,22,211.07142639160156,212.43646130640863,1,True,-0.0064463481389758215
SDF-SFO,23,190.81817626953125,230.44185775934264,1,True,-0.18867756867960583
SDF-SFO,24,181.3157958984375,214.79250198364258,1,True,-0.16943221534379393
SDF-SJC,1,171.18918506519213,182.56976424816042,1,True,-0.06436307946490416
SDF-SJC,2,189.0547901310333,195.15740542941623,1,True,-0.03176957235602984
SDF-SJC,3,167.3152147376019,169.264149359937,1,True,-0.011580961951665358
SDF-SJC,4,157.3888871934679,173.84393169425127,1,True,-0.09943822127122104
SDF-SJC,5,146.00000132242837,166.6965494090113,1,True,-0.13256845937039685
SDF-SJC,6,170.02500114440917,217.82155986346277,1,True,-0.247730703079311
SDF-SJC,7,199.3076934814453,207.71759238066497,1,True,-0.0413295992234044
SDF-SJC,8,206.74725039974675,206.4566475752461,1,True,0.0014065834027086055
SDF-SJC,9,157.1999948354868,208.77857055664063,1,True,-0.28375537216583613
SDF-SJC,10,214.35,245.45454488336082,1,True,-0.13550158382301536
SDF-SJC,11,204.5454531582919,229.78645873069763,1,True,-0.11636022173581484
SDF-SJC,12,205.35294656192556,202.34112620130878,1,True,0.01477517262624417
SDF-SJC,13,181.71428843906946,186.99517210439782,1,True,-0.02864718905813124
SDF-SJC,14,201.06154151329628,236.29607578058616,1,True,-0.16147453923748945
SDF-SJC,15,204.6296341507523,232.07562787993615,1,True,-0.12586161831094866
SDF-SJC,16,337.8125,262.0781141122182,1,True,0.25384840304247636
SDF-SJC,17,142.5,187.4768241225489,1,True,-0.27431323338233327
SDF-SJC,18,253.00000762939453,221.10565859236806,1,True,0.13474883843747065
SDF-SJC,20,268.3333333333333,253.12500228881837,1,True,0.05834654184740451
SDF-SJC,21,199.0,245.9041113657494,1,True,-0.21163684402339467
SDF-SJC,22,262.3333435058594,257.9585203531151,1,True,0.016817200355407458
SDF-SJC,23,194.5,289.92360962761774,1,True,-0.3991853101449925
SDF-SJC,24,440.0,259.1243480623077,1,True,0.529466672079228
SDF-SLC,1,153.97344714139416,163.82978333818153,1,True,-0.06204781596417153
SDF-SLC,2,183.26562011241913,159.0707051440923,1,True,0.1415877866751014
SDF-SLC,3,164.6190439860026,165.87137265027312,1,True,-0.007578644313246841
SDF-SLC,4,171.02726634632458,180.37640500872322,1,True,-0.05322281033067089
SDF-SLC,5,175.42168785003292,180.68636148626155,1,True,-0.029569998504705097
SDF-SLC,6,216.85964644582648,211.44202295939127,1,True,0.025299515924697147
SDF-SLC,7,188.21260323111466,206.46126491922726,1,True,-0.09254062359156023
SDF-SLC,8,175.51948012314833,212.4969708066998,1,True,-0.1911776986367606
SDF-SLC,9,170.5118151086522,205.12973030708932,1,True,-0.1848380186041485
SDF-SLC,10,203.03539809505497,218.46890441310464,1,True,-0.07326335181647892
SDF-SLC,11,230.09090754961727,204.98780338938644,1,True,0.11552399934119073
SDF-SLC,12,200.89655067180766,208.41224819884008,1,True,-0.03672797840465414
SDF-SLC,13,221.7951843997082,193.02702924367543,1,True,0.13892413623370992
SDF-SLC,14,205.6875,200.55518144588407,1,True,0.02526859864131925
SDF-SLC,15,195.24590389064105,208.8605712743906,1,True,-0.0674070965435396
SDF-SLC,16,179.31034430142105,198.23046565055847,1,True,-0.10031225009251088
SDF-SLC,17,186.52381388346353,196.3124972123366,1,True,-0.051148843783148656
SDF-SLC,18,160.000001173753,174.59111185709637,1,True,-0.08727291379597002
SDF-SLC,19,166.11999328613283,166.98451856489152,1,True,-0.005190726568519821
SDF-SLC,20,165.3333312988281,177.1107406616211,1,True,-0.0688115646384464
SDF-SLC,21,170.31818528608844,176.98475437629514,1,True,-0.038395229600157066
SDF-SLC,22,196.3125033378601,177.41935459260017,1,True,0.10119162895340139
SDF-SLC,23,194.3913116455078,208.78571286882672,1,True,-0.07143523086363857
SDF-SLC,24,198.8000030517578,185.149683180888,1,True,0.07113471336353339
STL-VPS,1,225.91361811945208,238.44000244140622,1,True,-0.053965011093863424
STL-VPS,2,219.82332053032866,211.26190258207777,1,True,0.039725526971689185
STL-VPS,3,262.8114371163504,228.57377374367636,1,True,0.13957778664461262
STL-VPS,4,287.30525978489925,215.24324200604414,1,True,0.2887765266654565
STL-VPS,5,292.00718743852576,241.75676129315352,1,True,0.18884631441795197
STL-VPS,6,251.19834458532412,275.27906905773074,1,True,-0.0915425351364263
STL-VPS,7,249.9570530616433,299.7777811686198,1,True,-0.18175235539105383
STL-VPS,8,272.68749872843426,248.41666539510092,1,True,0.09321900744935085
STL-VPS,9,278.18666463216147,312.33333914620533,1,True,-0.1157786683048121
STL-VPS,10,249.75151478160512,368.0,1,True,-0.38761645546704937
STL-VPS,11,205.88660021909735,326.4545593261719,1,True,-0.4609652310753498
STL-VPS,12,209.20740356445313,324.5,1,True,-0.4389594146921416
STL-VPS,13,225.28099261827705,266.20001220703125,1,True,-0.1668994727040829
STL-VPS,14,226.92308095785287,290.18182373046875,1,True,-0.24589659523992058
STL-VPS,15,210.31092731892562,260.6315660978618,1,True,-0.21452074391525766
STL-VPS,16,261.63999959309893,270.566677347819,1,True,-0.033549053038172794
STL-VPS,17,182.3125,235.75861911115976,1,True,-0.2570862336039923
STL-VPS,18,188.07142421177454,229.5833339691162,1,True,-0.19944426786809633
STL-VPS,19,161.08333587646484,209.62105728952508,1,True,-0.2633795663602747
STL-VPS,20,242.0,257.10526168555543,1,True,-0.06054785342715441
STL-VPS,21,146.0,219.93269861661472,1,True,-0.4097149624633465
STL-VPS,22,173.5,222.48000061035157,1,True,-0.24865961328219566
STL-VPS,23,121.0,238.09090446703362,1,True,-0.6768620066919695
STL-VPS,24,108.66666412353516,147.02040847466915,1,True,-0.30228634100777274
