route,t,DL_NW_single,Rival_single,treated,both,gap
ABQ-BDL,1,178.15253952802237,171.2741946148616,1,True,0.039374397363503455
ABQ-BDL,2,191.21429196312315,178.43749868302118,1,True,0.06915635411514298
ABQ-BDL,3,172.75964169827697,185.22051074688252,1,True,-0.06964579114815539
ABQ-BDL,4,173.85541672304453,186.51910696819328,1,True,-0.07030966864723354
ABQ-BDL,5,155.9209533208915,198.7514441164932,1,True,-0.2427058501555388
ABQ-BDL,6,185.38576967617993,210.14099583239843,1,True,-0.12533981867637412
ABQ-BDL,7,189.84313296648412,211.94608086230707,1,True,-0.11013379158204106
ABQ-BDL,8,195.71154044224664,222.50126440398938,1,True,-0.1282909415736544
ABQ-BDL,9,217.088235653148,176.0830031082093,1,True,0.2093483943725829
ABQ-BDL,10,212.06667130081743,215.16216661607896,1,True,-0.014491294645369024
ABQ-BDL,11,208.12787095366932,215.93850954913785,1,True,-0.03684103413088469
ABQ-BDL,12,213.15844984457527,209.13086502640337,1,True,0.019075580672520687
ABQ-BDL,13,178.09497172606058,193.86666836208767,1,True,-0.0848536892682672
ABQ-BDL,14,217.77083121405707,218.72917221210622,1,True,-0.004391031066910855
ABQ-BDL,15,216.09187581092647,222.49450961940892,1,True,-0.029198757209422332
ABQ-BDL,16,223.7803461152005,240.90453640885457,1,True,-0.07373576747592558
ABQ-BDL,17,165.24576038425252,185.8951959068598,1,True,-0.11774922940783483
ABQ-BDL,18,205.10965246903268,187.96008902536312,1,True,0.08731507835409325
ABQ-BDL,19,239.28749904632568,208.08657536362156,1,True,0.13971153306478712
ABQ-BDL,20,215.28148735894098,226.9378530642407,1,True,-0.05272978960513264
ABQ-BDL,21,230.46249389648443,226.82790392498637,1,True,0.015896535448151283
ABQ-BDL,22,220.5229949951172,245.41280470878627,1,True,-0.10693973470128082
ABQ-BDL,23,268.4591064453125,249.6786614838069,1,True,0.07252386158627822
ABQ-BDL,24,226.84210205078125,234.9279490534098,1,True,-0.03502467759005068
ABQ-CMH,1,174.90511049145329,167.8764021798466,1,True,0.04101559377103392
ABQ-CMH,2,173.99052790781897,164.19819819819818,1,True,0.05792663667764142
ABQ-CMH,3,160.7777794731988,156.03989952639154,1,True,0.029911419098628045
ABQ-CMH,4,163.85427028330128,175.87212373777425,1,True,-0.07077972433139124
ABQ-CMH,5,156.56488235124195,171.59813105502974,1,True,-0.09168478792871415
ABQ-CMH,6,181.98824085908777,198.04203901777754,1,True,-0.08453725210472118
ABQ-CMH,7,160.12396372645355,199.57142713274274,1,True,-0.22022391445050005
ABQ-CMH,8,161.89473925138773,184.65847545876844,1,True,-0.13156167403303698
ABQ-CMH,9,155.01382375972062,177.75789484392132,1,True,-0.13690818464494647
ABQ-CMH,10,160.1691594669475,193.92377765004227,1,True,-0.19123467973668618
ABQ-CMH,11,175.4717978453025,184.20884487142726,1,True,-0.04859180647381578
ABQ-CMH,12,181.54736360248768,183.61497428200462,1,True,-0.011324457981572777
ABQ-CMH,13,164.53921778061812,171.65724300748468,1,True,-0.04235076763435863
ABQ-CMH,14,200.89535345033158,183.98893109986702,1,True,0.08790854415055005
ABQ-CMH,15,234.06014796665735,212.26419933931328,1,True,0.09774640284150582
ABQ-CMH,16,213.7473701878598,228.65649472302152,1,True,-0.06742604982328793
ABQ-CMH,17,124.83999694824219,170.1182440164927,1,True,-0.30946085534632406
ABQ-CMH,18,198.7027043523015,183.95604056054418,1,True,0.07711294062473861
ABQ-CMH,19,199.37735445994252,206.4888226812778,1,True,-0.03504700081185064
ABQ-CMH,20,181.2469116964458,188.803974238309,1,True,-0.040849048807436006
ABQ-CMH,21,153.5,188.657038939989,1,True,-0.2062301908523141
ABQ-CMH,22,204.3333282470703,195.62039508765548,1,True,0.043576600846776614
ABQ-CMH,23,176.0,192.2792222324388,1,True,-0.08846460300563308
ABQ-CMH,24,193.91378784179688,204.94642950564014,1,True,-0.05533495778020914
ABQ-IND,1,161.60294117647058,162.71544051751857,1,True,-0.006860565218456571
ABQ-IND,2,163.0533282470703,159.46707953935788,1,True,0.02223981140963538
ABQ-IND,3,167.580883250517,166.4720927038858,1,True,0.006638435807287735
ABQ-IND,4,165.97794184965247,161.47708600362142,1,True,0.027491648837433935
ABQ-IND,5,157.98412528870597,172.52924642323782,1,True,-0.08807221145997168
ABQ-IND,6,187.3934416223745,187.94866702583806,1,True,-0.0029585052977001425
ABQ-IND,7,182.83333215958032,186.312992696687,1,True,-0.01885303127135174
ABQ-IND,8,188.39361767058676,187.34268136492713,1,True,0.005594024580242163
ABQ-IND,9,142.3365421295166,180.81911278421967,1,True,-0.23930288613114659
ABQ-IND,10,155.93295577917684,172.04909068714488,1,True,-0.09835370283790024
ABQ-IND,11,158.78658629626761,166.30066872917465,1,True,-0.04623633133429905
ABQ-IND,12,149.04724769892655,172.8040304218893,1,True,-0.14789482596787717
ABQ-IND,13,143.55999603271485,170.4485501412666,1,True,-0.17168045383863006
ABQ-IND,14,159.2561992298473,168.64296377676504,1,True,-0.0572696184215955
ABQ-IND,15,152.0776761249431,165.77159161099928,1,True,-0.08621946925762547
ABQ-IND,16,170.19684955266516,170.9466223394319,1,True,-0.004395652010292572
ABQ-IND,17,131.55128224690756,150.13507289796078,1,True,-0.1321386202287007
ABQ-IND,18,164.4705857220818,164.06463918939744,1,True,0.002471252447220351
ABQ-IND,19,150.22352977079504,163.27153640918516,1,True,-0.08329029900517337
ABQ-IND,20,182.73255849439045,176.89885075010102,1,True,0.03244555038314534
ABQ-IND,21,143.5454559326172,180.31999669392903,1,True,-0.2280812808361512
ABQ-IND,22,226.53750610351557,206.14541271754675,1,True,0.09432871432866641
ABQ-IND,23,199.6716461181641,200.64837361095553,1,True,-0.00487974311949646
ABQ-IND,24,185.63999938964844,194.12967180524552,1,True,-0.044717036058036896
ABQ-JFK,1,197.75555725097655,189.36169844823527,1,True,0.043372774080355114
ABQ-JFK,2,192.4545451077548,177.32247681260498,1,True,0.08189001871665624
ABQ-JFK,3,220.95161979429184,185.3701245196454,1,True,0.17558926311795542
ABQ-JFK,4,175.07792703207437,170.141790817033,1,True,0.02859901909213569
ABQ-JFK,5,171.89999908447265,184.9503113172069,1,True,-0.07317429446481771
ABQ-JFK,6,227.84210285387542,201.00000317065746,1,True,0.1253479338676975
ABQ-JFK,7,205.5714242117745,206.86486692686336,1,True,-0.0062722266847110575
ABQ-JFK,8,205.85185072157117,200.69444147745767,1,True,0.025373179066451534
ABQ-JFK,9,185.29999796549478,186.02758389176992,1,True,-0.0039188408993631185
ABQ-JFK,10,240.18571384974888,204.36420186360678,1,True,0.16150872647687908
ABQ-JFK,11,202.64285901128028,208.2118192024419,1,True,-0.02711080865929283
ABQ-JFK,12,183.8450691330601,216.46666501363117,1,True,-0.16334317603064008
ABQ-JFK,13,173.51020252461336,207.59348936003397,1,True,-0.17934538750130002
ABQ-JFK,14,225.70192747849686,248.37012987012986,1,True,-0.09570486891922236
ABQ-JFK,15,211.31645086747181,228.27742171748991,1,True,-0.07720487412544941
ABQ-JFK,16,190.73417914668215,210.674423572629,1,True,-0.09943319908550219
ABQ-JFK,17,143.78823870490578,178.27777325665508,1,True,-0.21500120516824506
ABQ-JFK,18,152.51388846503363,181.47311434181788,1,True,-0.17385184858187852
ABQ-JFK,19,185.4851492702371,169.57142300075955,1,True,0.08970060829740767
ABQ-JFK,20,181.8333292643229,178.18604509220566,1,True,0.020262292626247458
ABQ-JFK,21,186.56197741800105,172.21738599694294,1,True,0.0800059515987428
ABQ-JFK,22,210.19737243652344,240.10416984558105,1,True,-0.13302591213394876
ABQ-JFK,23,186.86734008789065,188.34285932268415,1,True,-0.007865067864989861
ABQ-JFK,24,204.25,220.3269277719351,1,True,-0.07576774488138405
ANC-ATL,1,331.66840390220204,328.75714590890067,1,True,0.008816366512093055
ANC-ATL,2,309.02642418949614,270.70056842006534,1,True,0.13241349198430807
ANC-ATL,3,296.69833823450955,275.88934332425475,1,True,0.07271607111503808
ANC-ATL,4,293.97409010180536,321.00000957414215,1,True,-0.08794951840632592
ANC-ATL,5,293.6914202008929,356.13206625884436,1,True,-0.19277200971716457
ANC-ATL,6,351.32141549246654,313.8978530719716,1,True,0.11263389381372946
ANC-ATL,7,334.4725680451856,334.68965938173494,1,True,-0.000648845183627067
ANC-ATL,8,384.25580969522167,327.499992007301,1,True,0.15982047120545673
ANC-ATL,9,383.8478240966797,347.57970041468525,1,True,0.09925219021000586
ANC-ATL,10,381.90336916627,335.41803103587665,1,True,0.12979000856800837
ANC-ATL,11,404.02490525621596,331.72395928700763,1,True,0.1971733475936297
ANC-ATL,12,448.82608187025875,395.47058249080885,1,True,0.12655906331694577
ANC-ATL,13,416.00705235440967,363.50000963712995,1,True,0.13492288940696628
ANC-ATL,14,417.9431856328791,358.2297425141206,1,True,0.15417098430766618
ANC-ATL,15,467.81248924948954,394.8172039729293,1,True,0.1696446685978028
ANC-ATL,16,508.60147271640056,408.0315789473684,1,True,0.22032017782203717
ANC-ATL,17,466.0,455.18182373046875,1,True,0.023488682404106065
ANC-ATL,18,402.9347839355469,378.05216409434445,1,True,0.0637425360406878
ANC-ATL,19,444.2429969288478,379.0923109788161,1,True,0.1585919630904593
ANC-ATL,20,497.5833435058594,370.0782659115999,1,True,0.29604855444298384
ANC-ATL,21,497.8360595703125,478.9870038713728,1,True,0.03859735992693647
ANC-ATL,22,452.8638916015625,379.0352484749277,1,True,0.1779624156457098
ANC-ATL,23,485.0955810546875,378.96069162693607,1,True,0.24691346218081556
ANC-ATL,24,529.75,370.1616709817669,1,True,0.3584653383450087
ANC-BOS,1,286.9696941953717,243.29999324253626,1,True,0.1650813930307109
ANC-BOS,2,334.7530924479167,277.52097859415977,1,True,0.1874966937439364
ANC-BOS,3,353.4212557574895,291.3513025333447,1,True,0.19313094027111344
ANC-BOS,4,341.1882417566636,268.95714220319473,1,True,0.23788230933975907
ANC-BOS,5,412.69230299729566,253.76315441466215,1,True,0.48630091715658885
ANC-BOS,6,290.1629266631737,296.3260817228308,1,True,-0.02101789411895627
ANC-BOS,7,291.21262914714623,308.7693666400331,1,True,-0.05854092722851689
ANC-BOS,8,244.55952508108956,289.60130499546824,1,True,-0.16904643105262007
ANC-BOS,9,338.21849329331343,314.8160937079068,1,True,0.07170347766698804
ANC-BOS,10,338.5110220888113,312.8658984659712,1,True,0.07878199405650843
ANC-BOS,11,342.5071891949331,332.68761798479494,1,True,0.029088682257738974
ANC-BOS,12,392.58509859125667,322.0540553737331,1,True,0.1980339201330299
ANC-BOS,13,386.53487591410794,379.43877426458863,1,True,0.018528847996561737
ANC-BOS,14,414.1485794503348,365.9600056675502,1,True,0.12370074370363593
ANC-BOS,15,451.0452210699494,400.1813507870689,1,True,0.11964978159254525
ANC-BOS,16,416.8225860595703,420.64001139322914,1,True,-0.009116709893634223
ANC-BOS,17,457.21875381469727,427.1764683442957,1,True,0.06796474725659252
ANC-BOS,18,439.58016035939,358.8108207084037,1,True,0.2030248026103667
ANC-BOS,19,448.66486338022594,385.233733950282,1,True,0.1524259510705228
ANC-BOS,20,469.41462298137384,381.51784569876537,1,True,0.20732880808040477
ANC-BOS,21,474.5384521484375,413.13748931884766,1,True,0.13856221047985695
ANC-BOS,22,405.3375854492187,349.15986674821295,1,True,0.14919037598869878
ANC-BOS,23,415.6071472167969,365.91999704461347,1,True,0.12732573422483817
ANC-BOS,24,430.058837890625,378.6229389795189,1,True,0.1273812057328625
ANC-BWI,1,379.5848941443102,288.5861984779095,1,True,0.2740844489291998
ANC-BWI,2,349.6162139067779,321.7479037757681,1,True,0.0830676897742304
ANC-BWI,3,360.63025338309154,321.0614494451597,1,True,0.11622066849365886
ANC-BWI,4,338.41974027657216,407.63829787234044,1,True,-0.1860932962046089
ANC-BWI,5,425.4459451211465,377.3666595458984,1,True,0.11992061490383588
ANC-BWI,6,428.41818181818184,371.46107674787146,1,True,0.14265569344560447
ANC-BWI,7,395.65999908447264,427.51363677978514,1,True,-0.07743093248211697
ANC-BWI,8,502.3750144958496,458.631576805784,1,True,0.09109965878256698
ANC-BWI,9,412.2096843104209,407.48571341378346,1,True,0.011526289424185876
ANC-BWI,10,468.42017960748757,372.110469197118,1,True,0.23017494239625957
ANC-BWI,11,402.6437561035156,391.4060946237012,1,True,0.028306564930157485
ANC-BWI,12,509.11999938964834,484.41304745881456,1,True,0.049745797335440045
ANC-BWI,13,567.7733317057292,455.93548190209174,1,True,0.2193709627282674
ANC-BWI,14,506.6012836531097,475.5675626187711,1,True,0.06321531200534025
ANC-BWI,15,536.9052512721012,523.5359921875,1,True,0.025215857175341583
ANC-BWI,16,564.9491597838321,662.9999912806919,1,True,-0.16003923262029485
ANC-BWI,17,512.0909118652345,436.49999237060547,1,True,0.15971381371289617
ANC-BWI,18,526.7083374023438,420.7499936421712,1,True,0.22460813791275847
ANC-BWI,19,480.1157997532895,383.2857142857143,1,True,0.2252466229216683
ANC-BWI,20,536.7457502979344,608.4166768391927,1,True,-0.12533545173028848
ANC-BWI,21,552.3599853515625,452.1428527832031,1,True,0.20020180521666298
ANC-BWI,22,483.8709716796875,475.70587936102174,1,True,0.01701852098704748
ANC-BWI,23,428.4588317871094,448.8888871934679,1,True,-0.04658073159566989
ANC-BWI,24,503.7907104492187,507.4705918255974,1,True,-0.007277837312177127
ANC-MCO,1,271.4525525169651,247.13780363372695,1,True,0.09384127307210832
ANC-MCO,2,272.692643466966,263.7259526377864,1,True,0.033434807034981695
ANC-MCO,3,306.35391034412777,269.09448041940925,1,True,0.12967845713233483
ANC-MCO,4,307.21333353678386,255.16627006071158,1,True,0.18562703164483274
ANC-MCO,5,378.88157332570927,274.49728177941364,1,True,0.3222823263593133
ANC-MCO,6,384.458062547253,297.23076101449817,1,True,0.25732590267081346
ANC-MCO,7,372.18239550320607,326.85255387129797,1,True,0.1298748809863266
ANC-MCO,8,358.8730289519779,319.8102092510882,1,True,0.1152409223769606
ANC-MCO,9,378.89771513505417,311.40113770220916,1,True,0.19618437484723383
ANC-MCO,10,380.1488058907645,333.6076823894794,1,True,0.13059707155183986
ANC-MCO,11,418.50000226056136,346.12938869095876,1,True,0.18986423442319644
ANC-MCO,12,389.0694325764974,309.38053511447964,1,True,0.22918579316285737
ANC-MCO,13,429.59224219461083,344.4328344544368,1,True,0.22093737867904917
ANC-MCO,14,369.7556684667414,348.4248705453823,1,True,0.05941980454902396
ANC-MCO,15,419.1954887218045,379.9755336098049,1,True,0.09823050590175164
ANC-MCO,16,390.29090381969104,392.2395905388726,1,True,-0.00498048513473659
ANC-MCO,17,371.0714335538903,367.6501752897458,1,True,0.009262711918887945
ANC-MCO,18,384.97739992303366,308.56175723318324,1,True,0.22126262223432214
ANC-MCO,19,410.31209899513584,327.8781748350502,1,True,0.22427596597539612
ANC-MCO,20,386.87378818549,347.33007670731297,1,True,0.10782295359992755
ANC-MCO,21,394.9230867399203,316.24221294891464,1,True,0.22218261217501656
ANC-MCO,22,387.3537005961722,334.8819725462295,1,True,0.145560081668056
ANC-MCO,23,356.5423583984375,324.78946685791016,1,True,0.0932758720460356
ANC-MCO,24,407.3026428222656,372.2631679545479,1,True,0.0899554583784008
ANC-PHL,1,323.37681645932406,268.0769254244291,1,True,0.18754428319206262
ANC-PHL,2,328.8020866711934,289.5847930015876,1,True,0.12700786070625725
ANC-PHL,3,317.8797594892664,322.23333769298733,1,True,-0.013602737868826154
ANC-PHL,4,291.743125705544,290.4814780906395,1,True,0.004333893076426953
ANC-PHL,5,294.7745002297794,352.4594594594595,1,True,-0.17872494898084312
ANC-PHL,6,366.3548519011467,307.7729338933287,1,True,0.1742401209452611
ANC-PHL,7,313.7406346213921,318.59091223870126,1,True,-0.015341232834184204
ANC-PHL,8,277.24427189717767,431.1714303152902,1,True,-0.4416067955815315
ANC-PHL,9,288.6301240267819,321.97222391764325,1,True,-0.10931925994862102
ANC-PHL,10,324.21379120925377,329.6159936523438,1,True,-0.016525173689996286
ANC-PHL,11,332.51031250314617,351.5338611374813,1,True,-0.05563516519926459
ANC-PHL,12,372.8207460799307,405.4545389811198,1,True,-0.08391102563078601
ANC-PHL,13,372.9901014271349,335.45763772220937,1,True,0.10605619922701948
ANC-PHL,14,380.082092626771,337.6610198802194,1,True,0.11834477013706568
ANC-PHL,15,426.1967680900328,410.8528196656859,1,True,0.03666608919393699
ANC-PHL,16,358.61616315745346,432.0833346048991,1,True,-0.18636584071995976
ANC-PHL,17,455.24998569488525,406.5,1,True,0.1132627581973038
ANC-PHL,18,380.5263173956619,364.36066574346825,1,True,0.043411123173902055
ANC-PHL,19,388.70989573612144,362.0958883207138,1,True,0.07092423446447071
ANC-PHL,20,439.31632403938136,384.4864889608847,1,True,0.13331106041294216
ANC-PHL,21,564.1129150390625,481.7692213792067,1,True,0.1577892298567214
ANC-PHL,22,467.2376098632813,436.4814758300781,1,True,0.06809199241928532
ANC-PHL,23,349.6210632324219,377.65934401292066,1,True,-0.0771426914869
ANC-PHL,24,423.7454528808594,488.5833214653863,1,True,-0.1423770949132388
ATL-DTW,1,191.47999572753903,125.86363542234743,1,True,0.4195842798774718
ATL-DTW,2,110.83333587646484,113.0748881201387,1,True,-0.020022731559504514
ATL-DTW,3,143.52631659256784,133.34545516967773,1,True,0.07357524119454872
ATL-DTW,4,124.14286041259766,133.99999922412937,1,True,-0.07640679161222241
ATL-DTW,5,218.88888888888889,150.2926844154916,1,True,0.37597962203842084
ATL-DTW,6,170.36842426500823,157.81294821320677,1,True,0.0765528339867334
ATL-DTW,7,155.4285670689174,149.7371771396735,1,True,0.03730464543168832
ATL-DTW,8,160.36842346191406,125.64566959170844,1,True,0.24400801550024376
ATL-DTW,9,191.8000030517578,133.78448164051977,1,True,0.36022301915270205
ATL-DTW,10,193.03846740722656,174.37500031789145,1,True,0.10168132763683779
ATL-DTW,11,181.26315307617188,171.829787071715,1,True,0.053445483019954665
ATL-DTW,12,212.0,149.81818520902382,1,True,0.347163814367919
ATL-DTW,13,166.1904754638672,147.83916286655239,1,True,0.11700962765218481
ATL-DTW,14,267.0,173.88960959694603,1,True,0.42882798812383083
ATL-DTW,15,162.57142639160156,149.69736862182617,1,True,0.08250173862795496
ATL-DTW,16,191.8999938964844,134.75555674235025,1,True,0.3535119248490384
ATL-DTW,18,212.0,152.5000005385455,1,True,0.3294216750931005
ATL-DTW,21,303.4444580078125,177.23999566650392,1,True,0.5376938669540996
ATL-DTW,22,292.00750732421875,190.3521163295692,1,True,0.4279039110895546
ATL-DTW,23,311.0810852050781,219.52760689390217,1,True,0.34857560599585646
ATL-DTW,24,295.5637512207031,232.2721072346175,1,True,0.24097499335330408
ATL-GEG,1,215.74193827311197,228.38168125298188,1,True,-0.05693530668558999
ATL-GEG,2,242.10232316837755,268.87411989865603,1,True,-0.10488285450724
ATL-GEG,3,260.2513656199304,247.25974471847732,1,True,0.05120857268354406
ATL-GEG,4,312.1440087890625,242.36956671009892,1,True,0.25300095151469737
ATL-GEG,5,292.49998743393843,262.27082602183026,1,True,0.10908696673033091
ATL-GEG,6,291.71428298950195,274.877105627646,1,True,0.059450731173359195
ATL-GEG,7,300.4205673075168,290.4018277381653,1,True,0.033917807154407065
ATL-GEG,8,324.91177517760036,288.7554022699809,1,True,0.11797371366443787
ATL-GEG,9,258.57798165137615,297.907418568929,1,True,-0.141585444005913
ATL-GEG,10,391.9881054106213,279.9823814089603,1,True,0.3365048183397894
ATL-GEG,11,343.2519149197877,284.0545455932617,1,True,0.18929834175509264
ATL-GEG,12,308.0620266226835,270.4924553339206,1,True,0.13005694149600266
ATL-GEG,13,336.7118563894498,299.0594086599822,1,True,0.11858529423420805
ATL-GEG,14,343.2196925770153,297.4499994913737,1,True,0.14312460334737676
ATL-GEG,15,291.6927821147873,277.51063331982766,1,True,0.04984188163841541
ATL-GEG,16,281.83635808771305,286.69753896454233,1,True,-0.017101176807878815
ATL-GEG,17,285.00000932481555,303.53659094833745,1,True,-0.06301295350155289
ATL-GEG,18,320.8852461517834,278.2038837914328,1,True,0.14272933077079575
ATL-GEG,19,292.1688232421875,232.5149274228224,1,True,0.2283773700499081
ATL-GEG,20,272.43334503173827,242.26495661287225,1,True,0.11736198952537613
ATL-GEG,21,241.55484008789068,219.5211297693387,1,True,0.09564803735461691
ATL-GEG,22,235.1199951171875,222.92948434291742,1,True,0.05324049359820915
ATL-GEG,23,242.36630249023443,247.12120842211175,1,True,-0.019428710217739287
ATL-GEG,24,199.87136840820312,199.180788115593,1,True,0.0034611063777338913
ATL-MSP,1,205.5483870967742,139.5104161898295,1,True,0.3875422000434394
ATL-MSP,2,208.57894094366776,126.64238061968065,1,True,0.4989503695019808
ATL-MSP,3,199.30357033865792,139.73958233992258,1,True,0.35504857716908234
ATL-MSP,4,207.4565197488536,135.54961593278492,1,True,0.42558403179265003
ATL-MSP,5,212.59036254882812,144.23923755262456,1,True,0.38789384058377685
ATL-MSP,6,256.586669921875,148.75757552638197,1,True,0.5451485309322104
ATL-MSP,7,282.0263157894737,145.36455025561278,1,True,0.6627556580341167
ATL-MSP,8,229.09524136497856,132.46464646464648,1,True,0.5478220275594632
ATL-MSP,9,205.7096710205078,132.32246515025264,1,True,0.4412239494055399
ATL-MSP,10,249.4561462402344,168.22026398108395,1,True,0.39400891737656085
ATL-MSP,11,200.53334045410156,183.26483586280858,1,True,0.09004822229906218
ATL-MSP,12,210.9574432373047,155.07936499863075,1,True,0.3077194041905811
ATL-MSP,13,254.38157653808588,164.35627734226736,1,True,0.4367989152306171
ATL-MSP,14,248.59524536132812,181.02537931645583,1,True,0.31718881458103976
ATL-MSP,15,232.051284790039,183.79121281550482,1,True,0.2331580019911037
ATL-MSP,16,177.27777099609375,142.36220424381767,1,True,0.21934328601577668
ATL-MSP,17,156.96969604492188,158.6231908015007,1,True,-0.010478752567190774
ATL-MSP,19,110.0,144.25242422159437,1,True,-0.2710843451502063
ATL-MSP,20,506.0,168.48905226435974,1,True,1.0996658933306716
ATL-MSP,21,340.6198425292969,159.64957423631282,1,True,0.7577857718040448
ATL-MSP,22,337.7480163574219,166.82792066598867,1,True,0.7053372377136675
ATL-MSP,23,289.8988037109375,198.29587772097926,1,True,0.37977166214567326
ATL-MSP,24,297.8655090332031,177.80666910807292,1,True,0.5159452412437515
BDL-COS,1,231.94595336914062,198.6153799203726,1,True,0.15513419460489253
BDL-COS,2,241.65956862429354,233.15385143573468,1,True,0.03583145229504492
BDL-COS,3,215.87058949190026,235.44117467543657,1,True,-0.08678198777427859
BDL-COS,4,241.5942059945369,228.7142813546317,1,True,0.054785939082571566
BDL-COS,5,215.10638882251496,146.55555809868707,1,True,0.3837281447376677
BDL-COS,6,173.20588594324448,193.1153822678786,1,True,-0.10880686680030838
BDL-COS,7,199.175,188.17142639160156,1,True,0.05683044540379534
BDL-COS,8,215.58227249338657,229.11764855478324,1,True,-0.06089300918024243
BDL-COS,9,192.82353434843176,217.4883759964344,1,True,-0.12036996455646598
BDL-COS,10,178.6635556800343,200.47414292960332,1,True,-0.11518081547308245
BDL-COS,11,212.70454094626686,218.5499967956543,1,True,-0.027110735603512737
BDL-COS,12,173.8125,233.14285520523313,1,True,-0.29367424616366833
BDL-COS,13,161.8369598388672,198.37930613550645,1,True,-0.2035914779550323
BDL-COS,14,191.5462962962963,194.9782571101534,1,True,-0.0177585148288939
BDL-COS,15,171.04166984558105,190.54285845075336,1,True,-0.10796993788274811
BDL-COS,16,161.1904754638672,198.65000101725263,1,True,-0.20895774426625024
BDL-COS,17,161.45833778381348,181.74193499165196,1,True,-0.11834060223906562
BDL-COS,18,155.53488088208576,194.05127676939352,1,True,-0.22125241656419803
BDL-COS,19,179.73529411764707,167.41509448357348,1,True,0.07100885613569385
BDL-COS,20,186.84848484848484,225.32758936388743,1,True,-0.1872572490816733
BDL-COS,21,210.03846740722656,225.02857099260606,1,True,-0.06893668426017108
BDL-COS,22,266.75,203.4883699638899,1,True,0.27070303698693454
BDL-COS,23,174.2954559326172,191.24675602107854,1,True,-0.09281262877621721
BDL-COS,24,190.3529357910156,214.35,1,True,-0.11873028721376588
BDL-HNL,1,318.19851976282456,336.28024564123456,1,True,-0.05526941274850028
BDL-HNL,2,333.089423947218,356.76974005448193,1,True,-0.06867959353303554
BDL-HNL,3,315.8206578130307,389.2865402489378,1,True,-0.20914116587058995
BDL-HNL,4,339.43312412917993,347.50640380076874,1,True,-0.023506148862937337
BDL-HNL,5,384.0652165067369,384.90728901237844,1,True,-0.002190124708469021
BDL-HNL,6,349.90769653320314,406.976001953125,1,True,-0.15108482493278697
BDL-HNL,7,362.40140372262874,399.0632930707328,1,True,-0.09636758599139572
BDL-HNL,8,339.81730446448694,380.123970977531,1,True,-0.11208930554937879
BDL-HNL,9,317.3636454432464,357.4553555079869,1,True,-0.11896221172185495
BDL-HNL,10,374.9640390958717,420.9838680144279,1,True,-0.1157643890649247
BDL-HNL,11,445.0258631212958,453.4822692871094,1,True,-0.018823771447197934
BDL-HNL,12,412.8611030578613,437.93517586036967,1,True,-0.0589596749176966
BDL-HNL,13,405.363637750799,485.51471261417163,1,True,-0.1804250560667624
BDL-HNL,14,402.8725448309207,458.81818058514835,1,True,-0.13003376485864937
BDL-HNL,15,463.5802408854167,517.3451319331616,1,True,-0.10973072887047497
BDL-HNL,16,459.21794363168567,466.4680847817279,1,True,-0.01566468366507401
BDL-HNL,17,423.93650599888394,418.5730398799596,1,True,0.012732291524718775
BDL-HNL,18,480.3500061035156,371.6428698585147,1,True,0.2565816516723718
BDL-HNL,19,532.5263061523438,485.34850149443656,1,True,0.09276510490908851
BDL-HNL,20,429.6000061035156,455.5901679367316,1,True,-0.058739093465577596
BDL-HNL,21,492.2972841005068,429.4067853507349,1,True,0.13667808273741944
BDL-HNL,22,483.38180541992193,479.9999996185303,1,True,0.007020725686590623
BDL-HNL,23,510.3333435058594,512.9857038225447,1,True,-0.005183850067469464
BDL-HNL,24,491.8148193359375,431.45122100085746,1,True,0.13094780323454547
BDL-MEM,1,283.8750035903033,296.23077157827527,1,True,-0.04260477120475592
BDL-MEM,2,256.4144740857576,201.5454522335168,1,True,0.24078024929881714
BDL-MEM,3,321.1709500826322,271.2045412930575,1,True,0.16910023504067162
BDL-MEM,4,283.47726162997157,278.6521752398947,1,True,0.017167593723636188
BDL-MEM,5,300.4713467154533,321.92307927058295,1,True,-0.0689602353536456
BDL-MEM,6,287.1224583217076,301.42104700991985,1,True,-0.04859930577326743
BDL-MEM,7,314.32061557915375,244.75862068965517,1,True,0.2501410304756142
BDL-MEM,8,283.34575896567486,321.91836236447705,1,True,-0.1276300653422897
BDL-MEM,9,274.68918588999156,276.3478310626486,1,True,-0.0060201043884999805
BDL-MEM,10,293.20325972394244,291.08108190588047,1,True,0.00726422735969301
BDL-MEM,11,303.2017559921532,376.5128283378405,1,True,-0.21655367398766234
BDL-MEM,12,289.09375,245.3043451723845,1,True,0.16425136515680006
BDL-MEM,13,374.1346236008864,330.9259281864873,1,True,0.12272112037774274
BDL-MEM,14,413.6575334104773,398.1923076923077,1,True,0.038103343766040965
BDL-MEM,15,429.8478247601053,310.87498982747394,1,True,0.32404038074361274
BDL-MEM,16,326.34211690802323,197.07142857142858,1,True,0.5043800248573582
BDL-MEM,17,211.36000244140624,226.0454566261985,1,True,-0.06717326223644982
BDL-MEM,18,256.2626231800426,209.06666768391926,1,True,0.20354960519596244
BDL-MEM,19,322.74998692103793,320.84999389648436,1,True,0.005904284029676354
BDL-MEM,20,245.42999969482423,463.2499923706054,1,True,-0.6352550757459046
BDL-MEM,21,349.3143005371094,309.79999389648435,1,True,0.12004518325201996
BDL-MEM,22,245.78787231445312,207.99999872843424,1,True,0.1669307826783939
BDL-MEM,23,240.94937133789068,222.4461526724008,1,True,0.07990177212924365
BDL-MEM,24,207.79617309570312,219.28169293470785,1,True,-0.053799510180108534
BDL-PDX,1,209.30625286102295,215.8724307464474,1,True,-0.03088913069806587
BDL-PDX,2,227.66666209546827,231.98319584181328,1,True,-0.018782386502475212
BDL-PDX,3,231.89352595383042,214.6565651941781,1,True,0.07723894668681286
BDL-PDX,4,196.16039557206003,191.56153810941257,1,True,0.023723564495046645
BDL-PDX,5,182.99638178728628,183.8566475714837,1,True,-0.0046899836840053055
BDL-PDX,6,224.38518819926696,236.35205272567453,1,True,-0.05195827708331002
BDL-PDX,7,240.38960939877992,245.08540040958002,1,True,-0.01934574331547445
BDL-PDX,8,221.9886384443803,243.9349927139282,1,True,-0.09427556410847071
BDL-PDX,9,204.31413780332235,208.83512872948867,1,True,-0.021886382278870187
BDL-PDX,10,256.55311114971454,247.3749962234497,1,True,0.03643031553295373
BDL-PDX,11,257.3283980758102,267.93750152587893,1,True,-0.040400667342221475
BDL-PDX,12,231.4999965199253,258.5526323820415,1,True,-0.11051942162362227
BDL-PDX,13,196.3097024035098,223.3088759492263,1,True,-0.128862380578032
BDL-PDX,14,241.68405315188542,247.21684438605058,1,True,-0.022634556306850406
BDL-PDX,15,238.80985861764827,257.83069264783643,1,True,-0.07663547480150079
BDL-PDX,16,224.32022831948956,247.79420829441236,1,True,-0.0995239747464467
BDL-PDX,17,183.46098976946894,205.52777625189887,1,True,-0.11357913396319397
BDL-PDX,18,242.90856201171874,218.98052066951604,1,True,0.10370230536286051
BDL-PDX,19,282.58333683013916,271.0880156053016,1,True,0.0415299557308666
BDL-PDX,20,232.8055525885688,286.97594475500364,1,True,-0.20919482916388077
BDL-PDX,21,261.1499938964844,247.38695546025815,1,True,0.054141199457045985
BDL-PDX,22,281.1710510253906,263.50404357910156,1,True,0.06489449313272377
BDL-PDX,23,256.6719970703125,300.2046332046332,1,True,-0.15666535903617174
BDL-PDX,24,277.7154541015625,274.167135807133,1,True,0.012859137991462433
BDL-PHX,1,156.3720223563058,161.97575987804802,1,True,-0.03520876673473605
BDL-PHX,2,145.37294647942076,176.19624501976048,1,True,-0.1922959173168337
BDL-PHX,3,157.73181318803267,170.0852040346428,1,True,-0.07540330574399867
BDL-PHX,4,155.91726676337154,177.11652261119778,1,True,-0.12748231050522563
BDL-PHX,5,144.5230496541224,181.62191470890886,1,True,-0.2284881265873855
BDL-PHX,6,186.37657550433735,203.67761562812296,1,True,-0.08876920182062964
BDL-PHX,7,173.291142749384,193.33219631919818,1,True,-0.109436847683539
BDL-PHX,8,174.21064856417163,193.40952364805514,1,True,-0.10454463414261195
BDL-PHX,9,165.95558348768157,189.59212056289266,1,True,-0.13315484754260165
BDL-PHX,10,166.7344734851684,210.57386587885856,1,True,-0.23343393042920635
BDL-PHX,11,171.43738341288213,196.4433284633642,1,True,-0.13615589630457947
BDL-PHX,12,177.07864859934602,232.92682995059627,1,True,-0.2741303934475505
BDL-PHX,13,198.5332359640778,228.5463456571772,1,True,-0.140782493702317
BDL-PHX,14,205.36118378510346,213.9058860689051,1,True,-0.040765832578609995
BDL-PHX,15,224.6711805957859,229.4897949063048,1,True,-0.021220648157735056
BDL-PHX,16,201.60964393615723,248.4552219935826,1,True,-0.20892926407719514
BDL-PHX,17,175.4678158084722,214.88507165050055,1,True,-0.20264769435984586
BDL-PHX,18,158.51913769510938,190.56929740236518,1,True,-0.1841405657272306
BDL-PHX,19,166.0254083858076,184.57799730223508,1,True,-0.10593128454398393
BDL-PHX,20,179.36116801920912,196.04704632354398,1,True,-0.08895319123779988
BDL-PHX,21,170.47860966847173,209.37121710632786,1,True,-0.2054990025008978
BDL-PHX,22,206.5469970703125,212.58425569309026,1,True,-0.02881043193448196
BDL-PHX,23,196.5010528564453,212.30280823417934,1,True,-0.07734580694793447
BDL-PHX,24,225.1808319091797,229.7472416314553,1,True,-0.020075978420297957
BDL-SAN,1,187.35960425766817,199.54082917884963,1,True,-0.06298908528421965
BDL-SAN,2,194.4176989896798,187.49474678106358,1,True,0.036258104217346876
BDL-SAN,3,173.3921319216036,185.07318771624404,1,True,-0.06519566811358857
BDL-SAN,4,179.71651679778768,190.64931243716617,1,True,-0.05905497714095187
BDL-SAN,5,184.93845852023952,188.49393354143416,1,True,-0.019042710477649827
BDL-SAN,6,197.97305841944674,212.86737806499292,1,True,-0.072538380749533
BDL-SAN,7,199.51215198552498,214.1646476626603,1,True,-0.07086995411777774
BDL-SAN,8,205.29923105849633,216.91824815841966,1,True,-0.05505196739539464
BDL-SAN,9,227.07717110489725,221.9594942117039,1,True,0.02279501380348048
BDL-SAN,10,225.34007899481276,228.17359894179503,1,True,-0.012496014810612799
BDL-SAN,11,216.71214078627094,235.37941596438256,1,True,-0.08262881544896761
BDL-SAN,12,222.90354066383182,237.9783956896621,1,True,-0.06544077033298112
BDL-SAN,13,211.90733708562075,203.62729275554693,1,True,0.03985776334733693
BDL-SAN,14,225.22916999230017,239.79001853768395,1,True,-0.06264520046359401
BDL-SAN,15,216.8980688487289,237.2339124981546,1,True,-0.08961911258837674
BDL-SAN,16,198.14362629696967,240.28230454634377,1,True,-0.19282234795481656
BDL-SAN,17,187.97429960019122,194.9722202512953,1,True,-0.036551838934784975
BDL-SAN,18,188.28310718275097,199.66435330002398,1,True,-0.05869100385109327
BDL-SAN,19,218.7384588623047,206.1631356516192,1,True,0.05920898833447641
BDL-SAN,20,227.67611694335938,225.92865463848855,1,True,0.007704817317043755
BDL-SAN,21,220.6370422363281,221.2021748349981,1,True,-0.00255809301217802
BDL-SAN,22,247.7014428008375,233.2080395204801,1,True,0.06029323260003494
BDL-SAN,23,251.9817657470703,240.33262388584978,1,True,0.04733283006569433
BDL-SAN,24,227.66090393066412,233.1810327873376,1,True,-0.023957858219033845
BDL-SAT,1,192.73498087636997,189.99266507398232,1,True,0.014330622639623591
BDL-SAT,2,202.12500090348092,192.93216883953605,1,True,0.04654765202767841
BDL-SAT,3,177.59272521972656,179.47071951788826,1,True,-0.010519204040917884
BDL-SAT,4,182.21395604333213,186.75089985541058,1,True,-0.024594063227937113
BDL-SAT,5,179.20725475568227,185.0111133151584,1,True,-0.031872911398844295
BDL-SAT,6,179.89108986429648,187.81564529958828,1,True,-0.04310926014842664
BDL-SAT,7,176.5841142886153,219.05494631253757,1,True,-0.21552526369330138
BDL-SAT,8,203.76954016665863,210.67930549643825,1,True,-0.033347447943217645
BDL-SAT,9,189.1801188214225,202.4704276501293,1,True,-0.06789426871517357
BDL-SAT,10,238.63333965483167,231.00241722807218,1,True,0.03250005556662128
BDL-SAT,11,178.61499938964843,217.67429866256907,1,True,-0.19776725470120748
BDL-SAT,12,198.09691912277154,222.72029276177435,1,True,-0.11716029017655316
BDL-SAT,13,192.31081287280932,193.5974324935522,1,True,-0.006668032639357335
BDL-SAT,14,209.31818225167015,223.78759091599542,1,True,-0.06684184973564644
BDL-SAT,15,206.7068986563847,235.52525170323023,1,True,-0.13051629228114336
BDL-SAT,16,219.86936771977057,234.75000762939453,1,True,-0.06548756368704112
BDL-SAT,17,175.4629669189453,172.86722900907873,1,True,0.014904168459822564
BDL-SAT,18,178.4193595640121,199.2929259020873,1,True,-0.11063899987393011
BDL-SAT,19,206.18232558445376,198.51264602836522,1,True,0.03790804694432914
BDL-SAT,20,194.71635370988113,227.41860191877498,1,True,-0.15524847735206304
BDL-SAT,21,191.8787841796875,202.55978111598802,1,True,-0.05417121811059644
BDL-SAT,22,202.2628936767578,218.9226175035749,1,True,-0.07915001755344608
BDL-SAT,23,217.0399932861328,201.16340161824277,1,True,0.07596411624296895
BDL-SAT,24,214.9344940185547,204.38461316066233,1,True,0.050329725303063455
BDL-SEA,1,204.17478785473844,204.6003728011312,1,True,-0.0020822454059041817
BDL-SEA,2,217.45331253543978,214.66144455139894,1,True,0.012922061961154085
BDL-SEA,3,216.34908959994894,215.5135389144935,1,True,0.0038695255058476263
BDL-SEA,4,204.56931754797972,207.55409381264136,1,True,-0.0144851196058573
BDL-SEA,5,215.9233203924502,190.84712447022363,1,True,0.1234506343589743
BDL-SEA,6,238.61228470883128,229.70115054777298,1,True,0.0380608763663739
BDL-SEA,7,240.14043895121154,237.6337380575967,1,True,0.010493341897977793
BDL-SEA,8,209.8973159790039,253.58412005712117,1,True,-0.18907716292783494
BDL-SEA,9,199.72632052772923,211.4812057609845,1,True,-0.0571881008116879
BDL-SEA,10,247.54098060482838,246.08832855705958,1,True,0.005885615842431413
BDL-SEA,11,249.5371241204423,273.6522320503796,1,True,-0.09225037595218843
BDL-SEA,12,225.11039515904017,245.26277400107278,1,True,-0.08573925569161389
BDL-SEA,13,200.82191450563195,209.19543608070026,1,True,-0.04085039804805746
BDL-SEA,14,251.6813472851767,260.53606697457735,1,True,-0.034577512024100976
BDL-SEA,15,235.5402647495968,266.3047887273837,1,True,-0.12275960068780112
BDL-SEA,16,226.54952383941074,242.3939346775864,1,True,-0.06760066260430087
BDL-SEA,17,180.74167056613499,186.08358835509685,1,True,-0.029127195166581465
BDL-SEA,18,233.394447072347,205.36021478030844,1,True,0.1279643456711188
BDL-SEA,19,256.56756464327873,248.78320885578185,1,True,0.03081016977404527
BDL-SEA,20,232.34915109408104,235.70528935998436,1,True,-0.014341048800457834
BDL-SEA,21,211.71681280895675,220.13422977524317,1,True,-0.03898790256340323
BDL-SEA,22,268.23626708984375,247.7618368972138,1,True,0.07940023609834057
BDL-SEA,23,270.984130859375,273.89790466734667,1,True,-0.01069516479769117
BDL-SEA,24,252.02340698242188,250.7420834732631,1,True,0.005097113097884964
BDL-SFO,1,230.16346315237192,236.34253857017222,1,True,-0.0264924214848401
BDL-SFO,2,218.92639996678696,207.7917678623646,1,True,0.05219913791660247
BDL-SFO,3,186.04205830891928,196.18141904036435,1,True,-0.053067070376620507
BDL-SFO,4,166.3986348910321,178.24112203722802,1,True,-0.06875092723767207
BDL-SFO,5,178.13442813060323,202.70013590866148,1,True,-0.12918924447120173
BDL-SFO,6,227.72658451901208,221.95087486857875,1,True,0.025689645634318303
BDL-SFO,7,226.9017799014137,244.00525094412424,1,True,-0.07267250913833312
BDL-SFO,8,277.0606129039418,257.07284967263354,1,True,0.07487679490898014
BDL-SFO,9,280.10047657067696,243.65541654019742,1,True,0.13939338382896782
BDL-SFO,10,258.8487102801983,264.3160185181829,1,True,-0.02090166627021528
BDL-SFO,11,256.91062713475617,270.8129473350031,1,True,-0.05270008124911296
BDL-SFO,12,229.9879892710093,276.0460919850433,1,True,-0.18254076472119518
BDL-SFO,13,244.3094204616119,243.01759718729954,1,True,0.005301681431107319
BDL-SFO,14,292.68533455403644,293.30078756929646,1,True,-0.0021005727553147224
BDL-SFO,15,220.1850586432915,293.95454621418213,1,True,-0.28895678225875265
BDL-SFO,16,201.2530458031631,266.0822822740671,1,True,-0.27924254219605604
BDL-SFO,17,161.69811480700096,204.43413545985422,1,True,-0.23451473968300363
BDL-SFO,18,197.26386286361256,215.49160615721746,1,True,-0.08837972030486618
BDL-SFO,19,221.51852120293512,231.09180405560662,1,True,-0.0423088485669858
BDL-SFO,20,204.30930825539895,251.2248202971015,1,True,-0.2067131741420658
BDL-SFO,21,194.58720947975337,218.2914707390837,1,True,-0.11495075115518727
BDL-SFO,22,220.2941131591797,234.24626613630514,1,True,-0.06140944981569252
BDL-SFO,23,212.15704345703125,242.56999751371495,1,True,-0.13396354680705436
BDL-SFO,24,231.8249969482422,238.9196571229691,1,True,-0.03014456922854336
BDL-SJC,1,212.7596153846154,209.7826036831031,1,True,0.014091188179637726
BDL-SJC,2,206.64754285968718,210.19170364560816,1,True,-0.017005338264299397
BDL-SJC,3,198.24242074148995,198.63748160928435,1,True,-0.001990833982457474
BDL-SJC,4,172.86956246891378,196.38166233217285,1,True,-0.12752268663224697
BDL-SJC,5,160.61349955365702,187.17715973398347,1,True,-0.153054691654944
BDL-SJC,6,202.16499725341797,232.74556237094737,1,True,-0.14086166782691656
BDL-SJC,7,198.97727231112393,240.5978199834409,1,True,-0.18993613403882392
BDL-SJC,8,193.61818089340676,238.40147140578097,1,True,-0.2080680271696318
BDL-SJC,9,198.35483723302042,209.37373958292233,1,True,-0.05406334863494955
BDL-SJC,10,243.3571441027583,261.16539630453093,1,True,-0.07062381577020371
BDL-SJC,11,222.3304357777471,248.41176547523307,1,True,-0.11092298929611122
BDL-SJC,12,208.06930829038714,225.52802341877535,1,True,-0.08057318645586609
BDL-SJC,13,195.884958452883,209.50470319885446,1,True,-0.06721864850581483
BDL-SJC,14,208.35821100491196,231.31034283567533,1,True,-0.10450151758247817
BDL-SJC,15,242.40861068233366,255.18936196185172,1,True,-0.051381089318191187
BDL-SJC,16,220.66345933767465,253.06198132727758,1,True,-0.1369957117670486
BDL-SJC,17,187.34693908691406,195.3006534950406,1,True,-0.041577996819706975
BDL-SJC,18,234.62500381469727,214.0500005868765,1,True,0.09177887583264344
BDL-SJC,19,254.31944274902344,235.04089406520458,1,True,0.07883160915550924
BDL-SJC,20,253.47999938964844,251.17390522979883,1,True,0.009139373303954201
BDL-SJC,21,275.0,259.2627149678893,1,True,0.058929206560423886
BDL-SJC,22,381.8333435058594,293.4626933994578,1,True,0.2632337180491664
BDL-SJC,23,319.58929443359375,288.86431332688835,1,True,0.10107964276343218
BDL-SJC,24,325.79998779296875,288.63298132064494,1,True,0.12112773849949754
BDL-SLC,1,187.64782774552054,204.41452521951788,1,True,-0.08558296910483243
BDL-SLC,2,221.9342587480908,187.68556527993113,1,True,0.16761316875966958
BDL-SLC,3,198.25289839105096,190.13043340836992,1,True,0.04183315203138882
BDL-SLC,4,192.59687614440918,185.13235630708581,1,True,0.03952827106564882
BDL-SLC,5,203.5529811429662,220.45531953852228,1,True,-0.07976872128134982
BDL-SLC,6,238.50000408717565,229.0553374158535,1,True,0.04040570499919749
BDL-SLC,7,235.79915032019986,219.2278905855555,1,True,0.07286859965234704
BDL-SLC,8,235.94983124493754,224.2083319204825,1,True,0.05104353011682328
BDL-SLC,9,236.21488869565948,223.58802849138286,1,True,0.05493673604540383
BDL-SLC,10,284.2636695199457,224.07100433710764,1,True,0.23793923598016153
BDL-SLC,11,290.51541736079196,236.73493847215033,1,True,0.20471553450904256
BDL-SLC,12,256.1058345154254,240.73333473205565,1,True,0.06190094913705835
BDL-SLC,13,273.70205772086365,236.61329070030743,1,True,0.14561301050128872
BDL-SLC,14,262.32142216818676,243.66028591320276,1,True,0.07379556968679157
BDL-SLC,15,259.7289419073808,280.9011854088825,1,True,-0.07836439806353468
BDL-SLC,16,235.2580580352455,258.41667048136395,1,True,-0.09389025312314647
BDL-SLC,17,199.49366605734522,204.35246239333856,1,True,-0.024063773079534556
BDL-SLC,18,202.39130154102543,206.70345164331897,1,True,-0.021082205441044444
BDL-SLC,19,248.23137649835326,233.1294158935547,1,True,0.0627675485812107
BDL-SLC,20,284.83893293342334,250.1496106245386,1,True,0.12986469154543023
BDL-SLC,21,232.08597699333637,239.01974326685854,1,True,-0.029438262827662598
BDL-SLC,22,245.86477661132812,230.79446827281606,1,True,0.06325412950177345
BDL-SLC,23,238.2075958251953,229.23136806114047,1,True,0.038410710465925035
BDL-SLC,24,233.58018493652344,232.17322324016902,1,True,0.006041677640481247
BDL-SMF,1,179.3510670763381,199.81679342721256,1,True,-0.10805576022214947
BDL-SMF,2,244.58571210588727,227.29970820973864,1,True,0.07329636110856441
BDL-SMF,3,193.80092239379883,221.93055068122015,1,True,-0.13553303920073212
BDL-SMF,4,183.47368641903526,197.05186411750762,1,True,-0.07139570476991519
BDL-SMF,5,167.65790035850122,200.6436740831397,1,True,-0.17960497317413981
BDL-SMF,6,194.2675211718128,229.5835050602549,1,True,-0.1670306355298301
BDL-SMF,7,193.60587894215303,221.86013879309166,1,True,-0.1362226370807731
BDL-SMF,8,179.3794889009916,222.87931265410793,1,True,-0.21712681466588446
BDL-SMF,9,174.4814769603588,187.1412420326707,1,True,-0.07004504995891736
BDL-SMF,10,204.84397368735455,254.92887109094085,1,True,-0.21873598396240812
BDL-SMF,11,238.71033777697332,250.81896791786983,1,True,-0.04948059448928088
BDL-SMF,12,252.31249465942383,241.03590995747481,1,True,0.04572245108305495
BDL-SMF,13,222.29896891485785,221.47560487142422,1,True,0.0037107353005296773
BDL-SMF,14,268.2699978637695,259.39270743177684,1,True,0.03365076981331061
BDL-SMF,15,225.2750045776367,268.5628289027988,1,True,-0.17576298777194133
BDL-SMF,16,209.76744079589844,255.08831893006334,1,True,-0.19561034165077018
BDL-SMF,17,173.83529124540442,218.33852270697804,1,True,-0.2279384659422714
BDL-SMF,18,214.66666303362166,244.31817787010354,1,True,-0.12938496296585011
BDL-SMF,19,270.0757550326261,249.65147106655257,1,True,0.07863666439471828
BDL-SMF,20,249.4590148925781,243.01639581899173,1,True,0.026165719159806144
BDL-SMF,21,250.07843376608457,244.53588618958395,1,True,0.0224125317957915
BDL-SMF,22,266.8888854980469,266.0482346022627,1,True,0.003154787164584505
BDL-SMF,23,250.90196228027344,272.2163427059467,1,True,-0.08153485343884448
BDL-SMF,24,298.7962951660156,270.0776721250664,1,True,0.10105246197373585
BHM-IND,1,191.9303515989389,220.28302145903965,1,True,-0.13778062661917279
BHM-IND,2,216.55434334796408,215.8769240159255,1,True,0.0031330754147642637
BHM-IND,3,215.96216191472234,231.3666666666667,1,True,-0.06890053765915738
BHM-IND,4,246.47169580999412,245.29729832829656,1,True,0.004776225131134737
BHM-IND,5,278.9130453358526,261.45833174387616,1,True,0.06462514020785814
BHM-IND,6,320.7142769949777,271.12500524520874,1,True,0.16797063544075996
BHM-IND,7,283.49461709299396,271.6406252384186,1,True,0.042713173701256935
BHM-IND,8,225.45055347484546,204.37499809265137,1,True,0.09814432752339997
BHM-IND,9,252.7792132489093,258.9230769230769,1,True,-0.024014584469613354
BHM-IND,10,268.5842693200272,255.64444376627605,1,True,0.04937712938600303
BHM-IND,11,227.03157862613077,232.97435467059796,1,True,-0.025839261020045967
BHM-IND,12,186.778522875485,223.875,1,True,-0.18116431509611264
BHM-IND,13,239.3906283378601,254.08772143983003,1,True,-0.059582921495596075
BHM-IND,14,242.51666386922201,256.68235509535845,1,True,-0.056768923056672804
BHM-IND,15,246.6736795525802,274.3043498163638,1,True,-0.10617192795285302
BHM-IND,16,230.85185354727287,283.0909118652344,1,True,-0.20399191124697857
BHM-IND,17,244.43243531923036,225.34375381469727,1,True,0.08131190151846379
BHM-IND,18,237.7857208251953,235.13333282470703,1,True,0.011217208490635677
BHM-IND,19,207.02777099609375,230.19047473725817,1,True,-0.10605417355867353
BHM-IND,20,175.8666732788086,174.04053713824297,1,True,0.010437925632899692
BHM-IND,21,212.0769195556641,196.70492028408364,1,True,0.075244297722449
BHM-IND,22,241.88095092773443,192.63333791097006,1,True,0.22765708838109422
BHM-IND,23,191.1351318359375,200.76056166098152,1,True,-0.04913228804438585
BHM-IND,24,186.1290283203125,193.87878903475675,1,True,-0.040793031144345626
BHM-MCI,1,153.88372093023256,153.72631755628083,1,True,0.0010233956503116204
BHM-MCI,2,178.15294602338005,156.3292157208478,1,True,0.13067828791410552
BHM-MCI,3,160.40752728979416,152.5418270156678,1,True,0.05027878861854074
BHM-MCI,4,160.63362483320566,147.2749967302595,1,True,0.08682458446142949
BHM-MCI,5,165.07595380952085,169.1602233549508,1,True,-0.024440638878958865
BHM-MCI,6,191.2132339477539,171.6533295694987,1,True,0.10791229628065935
BHM-MCI,7,145.0187518119812,181.37956304619783,1,True,-0.22372881206444717
BHM-MCI,8,155.7160040283203,153.25925718707802,1,True,0.015902882370847138
BHM-MCI,9,147.57055186640267,145.28225831062562,1,True,0.015627919889566577
BHM-MCI,10,200.0551652579472,167.14851047024868,1,True,0.17971045331392865
BHM-MCI,11,179.34667205810547,175.2336952375329,1,True,0.02320016380835721
BHM-MCI,12,173.74627207286323,171.63529061710133,1,True,0.012224206332650311
BHM-MCI,13,187.6888888888889,169.96938791080396,1,True,0.09916739600097468
BHM-MCI,14,159.19718632227938,160.53922062294157,1,True,-0.008394678570649461
BHM-MCI,15,180.55555725097656,177.81553205471593,1,True,0.015291850665063222
BHM-MCI,16,157.68333435058594,179.5211211728378,1,True,-0.12970405877361557
BHM-MCI,17,206.0425567626953,161.4189220119167,1,True,0.2440797479632124
BHM-MCI,18,155.47170070432267,155.79052871361634,1,True,-0.002048614259399173
BHM-MCI,19,139.22413635253906,155.28528886682847,1,True,-0.10917887226746359
BHM-MCI,20,156.11538696289062,175.96998012177716,1,True,-0.11971801914555158
BHM-MCI,21,165.09524536132812,183.32293616212024,1,True,-0.10472672413414319
BHM-MCI,22,180.05404663085938,188.85901659054863,1,True,-0.047743727857848306
BHM-MCI,23,164.06666564941406,190.04690649362007,1,True,-0.14699807488515582
BHM-MCI,24,163.0877227783203,181.167119148986,1,True,-0.10513168289672414
BHM-MIA,1,193.2631636770148,186.33333587646484,1,True,0.03651560435785406
BHM-MIA,2,193.02352393655215,181.95999755859376,1,True,0.059025197874512436
BHM-MIA,3,209.7597177997495,213.58333841959634,1,True,-0.01806442572379474
BHM-MIA,4,204.9276571070894,248.35714067731584,1,True,-0.19221076891883992
BHM-MIA,5,218.31984336945692,266.3333435058594,1,True,-0.19878753632866797
BHM-MIA,6,210.4781170469342,266.42857142857144,1,True,-0.23572449232576265
BHM-MIA,7,196.50820272476946,189.37142551967077,1,True,0.03699387364261941
BHM-MIA,8,206.97864920728148,200.99999530498798,1,True,0.029310759318685875
BHM-MIA,9,214.20175612600227,167.05262756347656,1,True,0.2486094586313774
BHM-MIA,10,205.75226055963523,217.4736785888672,1,True,-0.05540499880232108
BHM-MIA,11,216.00000581613037,205.8,1,True,0.048373611210744905
BHM-MIA,12,234.99366827856142,216.46154315655048,1,True,0.0821456683830748
BHM-MIA,13,228.46456392543524,206.75,1,True,0.09987078311498898
BHM-MIA,14,247.34524536132812,307.6666666666667,1,True,-0.21823183065696217
BHM-MIA,15,225.27777574327257,278.0,1,True,-0.2102869140683845
BHM-MIA,16,242.99057208367114,525.0,1,True,-0.770375618013321
BHM-MIA,17,256.6896551724138,169.0,1,True,0.41796907285259355
BHM-MIA,20,234.97561645507812,360.0,1,True,-0.42662228245503897
BHM-MIA,21,250.11666870117188,302.0,1,True,-0.1884995335667563
BHM-MIA,22,199.9032287597656,261.00001017252606,1,True,-0.2666870530472085
BHM-MIA,23,155.8378448486328,228.0,1,True,-0.3805296184125604
BHM-SEA,1,196.72560715093846,170.40776950873217,1,True,0.14361569164473575
BHM-SEA,2,225.63320439754767,182.45957836394615,1,True,0.21238203133321765
BHM-SEA,3,224.81518156851087,182.7677171361728,1,True,0.20706260808264254
BHM-SEA,4,210.27916984558107,173.3344458130291,1,True,0.19321308705211937
BHM-SEA,5,191.38138810978379,176.15138020646683,1,True,0.0829244933240858
BHM-SEA,6,249.5473672967208,207.42334626850328,1,True,0.18488689021067461
BHM-SEA,7,237.17894897460937,227.09831190645025,1,True,0.04343189936312708
BHM-SEA,8,223.96059023100753,205.44144606948257,1,True,0.08630904054124855
BHM-SEA,9,174.76191057477678,198.1807899259578,1,True,-0.1257551579374443
BHM-SEA,10,213.18580586201435,223.16233419443105,1,True,-0.04573534921431932
BHM-SEA,11,256.4743055863814,232.044533177426,1,True,0.1000991798440527
BHM-SEA,12,227.30286071777343,210.30101846188916,1,True,0.07774339083020632
BHM-SEA,13,199.6627864394077,184.99337849395954,1,True,0.0763098432197662
BHM-SEA,14,226.84926201315488,219.64545875318123,1,True,0.03227105762648197
BHM-SEA,15,225.1218729019165,249.24528085960532,1,True,-0.10179556239816101
BHM-SEA,16,233.41289751606604,220.91165991469745,1,True,0.055046084894115666
BHM-SEA,17,179.57594395891022,181.1729760247308,1,True,-0.008854038975498746
BHM-SEA,18,177.4188028971354,198.00263214111328,1,True,-0.10976726846100338
BHM-SEA,19,232.85185524269386,208.15282239945623,1,True,0.11212990394219968
BHM-SEA,20,213.89285278320312,216.5450221057187,1,True,-0.01232327841513925
BHM-SEA,21,199.232558849246,208.83739862209413,1,True,-0.04708317231188808
BHM-SEA,22,247.64474386917917,239.7877920727397,1,True,0.03224090226991372
BHM-SEA,23,264.52874755859375,252.06909057617187,1,True,0.048246712927270785
BHM-SEA,24,256.8863525390625,236.35909160267224,1,True,0.08328155588170993
BNA-BOI,1,231.06382751464844,176.65714503696987,1,True,0.268483161534089
BNA-BOI,2,181.2857139224098,179.63793471763873,1,True,0.009130965286047399
BNA-BOI,3,198.8843009255149,178.7611878807865,1,True,0.10667248410190489
BNA-BOI,4,174.94285292852493,185.43181384693492,1,True,-0.05822786823452741
BNA-BOI,5,184.99999839381167,198.60869731073794,1,True,-0.07098072736138406
BNA-BOI,6,214.7209359102471,193.77612270526032,1,True,0.10263572651025132
BNA-BOI,7,175.91177098891313,206.9999988424367,1,True,-0.16273621952793604
BNA-BOI,8,223.43038476871538,222.45454981419948,1,True,0.004377077747265368
BNA-BOI,9,167.98245640804893,188.11666310628252,1,True,-0.11320277099915366
BNA-BOI,10,231.90666463216147,238.90804825706044,1,True,-0.02974375947688568
BNA-BOI,11,190.44444444444446,238.19548757452714,1,True,-0.2237311910685662
BNA-BOI,12,175.56249904632568,220.216663869222,1,True,-0.2266167980566145
BNA-BOI,13,180.8181804310192,214.41666768391926,1,True,-0.17042916885401027
BNA-BOI,14,195.38709185200352,233.75237848191034,1,True,-0.1792796661368996
BNA-BOI,15,196.60317193894159,205.8181804310192,1,True,-0.04580581822980356
BNA-BOI,16,222.88235294117646,217.12838147137617,1,True,0.026155268676094856
BNA-BOI,17,133.0,177.259260502568,1,True,-0.2872642812563049
BNA-BOI,18,171.7272713401101,197.21499938964843,1,True,-0.13838691446418316
BNA-BOI,19,185.11111450195312,217.10929220230852,1,True,-0.15944461374445495
BNA-BOI,20,202.0,232.02808988764045,1,True,-0.13859074403776273
BNA-BOI,21,168.0,215.14286022026,1,True,-0.24733829420526376
BNA-BOI,22,209.53334045410156,222.4177158210851,1,True,-0.059674346993550564
BNA-BOI,23,186.9729766845703,235.5902407762481,1,True,-0.23112993136436977
BNA-BOI,24,227.94000244140625,217.96617944689768,1,True,0.04474253653656479
BNA-EWR,1,217.58823589250153,157.2889689166283,1,True,0.32451977059673975
BNA-EWR,2,212.06173009048274,184.86813362876137,1,True,0.13723463223351295
BNA-EWR,3,195.21176739860982,191.4999999531939,1,True,0.01919714759006741
BNA-EWR,4,281.753614342731,225.0724605615588,1,True,0.2246105837296124
BNA-EWR,5,254.61291011687248,193.19753406665944,1,True,0.2760312342212954
BNA-EWR,6,241.1960775337967,218.14893868628968,1,True,0.10043216792931631
BNA-EWR,7,176.99999527192452,198.08928094591414,1,True,-0.11256813707014235
BNA-EWR,8,164.4670631271636,172.2076878474309,1,True,-0.045990909864907614
BNA-EWR,9,213.43478260869566,164.23255929281547,1,True,0.26204785031189193
BNA-EWR,10,208.94244176192248,192.5901616414388,1,True,0.0814943995282773
BNA-EWR,11,187.35114317449904,183.33613047880286,1,True,0.02166338043406757
BNA-EWR,12,191.69918525509718,172.56451793383528,1,True,0.10515621638651496
BNA-EWR,13,209.18182373046872,191.68293045788278,1,True,0.08736124067032414
BNA-EWR,14,212.1212158203125,215.8666739908854,1,True,-0.01750308305514725
BNA-EWR,15,240.54545974731445,240.06382605370055,1,True,0.0020042636256647484
BNA-EWR,16,240.26086724322775,213.86000221252442,1,True,0.11640367421558206
BNA-EWR,17,234.3076899601863,142.85098577761184,1,True,0.4948331365333729
BNA-EWR,18,209.50000169542102,189.4301682371001,1,True,0.10070329619231178
BNA-EWR,19,206.32000122070312,237.1263198049445,1,True,-0.13916462661170037
BNA-EWR,20,228.23076688326321,263.55209191640216,1,True,-0.14389378818161713
BNA-EWR,21,255.64286368233817,220.73585035216132,1,True,0.1468146673665558
BNA-EWR,22,270.6764831542969,231.28313087555298,1,True,0.15728168386574737
BNA-EWR,23,250.5,233.55556135568,1,True,0.07003892159021774
BNA-EWR,24,243.74073791503903,230.7394358675245,1,True,0.05481602024631815
BNA-GPT,1,153.9893684387207,90.0,1,True,0.537073893588059
BNA-GPT,2,161.26042111714682,229.0,1,True,-0.3507014228835166
BNA-GPT,3,157.54902439491423,280.5,1,True,-0.5768370491308197
BNA-GPT,4,193.015380859375,280.6666564941406,1,True,-0.3743978100286496
BNA-GPT,5,143.75788863332647,256.0,1,True,-0.5770468888585869
BNA-GPT,6,167.15887579516829,172.0,1,True,-0.02854976457838987
BNA-GPT,8,131.3131306966146,97.33333333333333,1,True,0.2994432680139001
BNA-GPT,9,138.64912735788445,271.2,1,True,-0.6709100778729109
BNA-GPT,10,173.43037839479084,277.5555589463976,1,True,-0.4702448839759139
BNA-GPT,11,136.9534894366597,238.9,1,True,-0.5564036793075573
BNA-GPT,12,159.9047604515439,177.3846212533804,1,True,-0.10374198562639858
BNA-GPT,13,152.42857469831193,213.43749618530273,1,True,-0.336647908195034
BNA-GPT,14,148.08107571988492,221.94444444444446,1,True,-0.40466716761448396
BNA-GPT,15,152.32142639160156,151.07407407407408,1,True,0.008222662126641467
BNA-GPT,16,165.04347693401834,141.23255991381268,1,True,0.15580104299444208
BNA-GPT,17,192.4705810546875,199.1785648890904,1,True,-0.034258417023229626
BNA-GPT,18,179.1999969482422,199.325004196167,1,True,-0.10643419592951275
BNA-GPT,19,191.1666717529297,179.46666463216147,1,True,0.06315619618173596
BNA-GPT,20,170.5999969482422,179.9838660455519,1,True,-0.05354559662346148
BNA-GPT,21,153.5,184.72463746001756,1,True,-0.1851657030525855
BNA-GPT,22,198.72222900390625,210.78571919032507,1,True,-0.058934053106609596
BNA-GPT,23,208.48275756835935,153.33333333333334,1,True,0.3072421394903335
BNA-GPT,24,189.9411773681641,185.3030321525805,1,True,0.024721934791593903
BOI-BOS,1,220.68131834596068,269.0559997558594,1,True,-0.19819987306409637
BOI-BOS,2,221.20175197668243,254.53278188236425,1,True,-0.1403544467180513
BOI-BOS,3,238.98611323038736,277.52344703674316,1,True,-0.14949997683830585
BOI-BOS,4,263.63248384915863,318.7307694655198,1,True,-0.18979073693039616
BOI-BOS,5,321.45455007842094,364.7452758213259,1,True,-0.1263430701492423
BOI-BOS,6,311.9108901826462,302.6567075359288,1,True,0.03011835385184547
BOI-BOS,7,339.5038790444071,300.8446477501138,1,True,0.12089136160883474
BOI-BOS,8,363.710528725072,295.008060578377,1,True,0.2093556205407916
BOI-BOS,9,372.18749237060547,319.44029850746267,1,True,0.15282734182515156
BOI-BOS,10,314.6999918619792,281.6479853515625,1,True,0.11096176591686469
BOI-BOS,11,361.4691459749952,347.6641149156876,1,True,0.038939861298630696
BOI-BOS,12,322.0900895402238,320.90757328321956,1,True,0.003678139621756671
BOI-BOS,13,387.6000122070312,334.5892769949777,1,True,0.14707017070687112
BOI-BOS,14,361.23528738582837,345.6136363636364,1,True,0.04420801841543476
BOI-BOS,15,362.78261488762456,344.28220184887846,1,True,0.05234212254080273
BOI-BOS,16,308.0181690562855,293.3571341378348,1,True,0.04876801705739364
BOI-BOS,17,254.76922372671274,266.9540159729705,1,True,-0.04671828834663749
BOI-BOS,18,223.78377883498734,253.60769301194412,1,True,-0.12510824470267323
BOI-BOS,19,233.11666819254557,245.49305280049643,1,True,-0.051729598566428336
BOI-BOS,20,224.79999651227678,263.5726387480385,1,True,-0.15911789635999352
BOI-BOS,21,283.2608642578125,289.81665598551433,1,True,-0.02288024741212169
BOI-BOS,22,306.0555419921875,291.7284675244464,1,True,0.04794313136034578
BOI-BOS,23,282.9795837402344,294.0823560527727,1,True,-0.038485097959938486
BOI-BOS,24,285.9333190917969,259.11046653570133,1,True,0.09850415111735433
BOI-BWI,1,178.02963595920139,185.25454323508524,1,True,-0.039780758174927655
BOI-BWI,2,155.41450919512022,180.88112037498635,1,True,-0.15174422163501067
BOI-BWI,3,163.190036524122,189.07602316873115,1,True,-0.14723378321492397
BOI-BWI,4,159.2062512397766,172.5681835521351,1,True,-0.08059188612202206
BOI-BWI,5,142.0530660201092,181.73245353029486,1,True,-0.24633487780848107
BOI-BWI,6,171.34576245324087,214.19149548376947,1,True,-0.22318693594427153
BOI-BWI,7,207.18928522382464,220.27651526711205,1,True,-0.061250847900216066
BOI-BWI,8,201.8173887833305,245.15356548854282,1,True,-0.19452153949311324
BOI-BWI,9,219.8414619259718,223.4912265532198,1,True,-0.016465499521439497
BOI-BWI,10,200.84126645042784,228.59493883350228,1,True,-0.12943673436513503
BOI-BWI,11,218.37888350397904,234.36245554704882,1,True,-0.07063732034961756
BOI-BWI,12,194.28358516408434,232.02500241597494,1,True,-0.17752626399355353
BOI-BWI,13,186.57894993832238,232.54585086206163,1,True,-0.2202329400197467
BOI-BWI,14,205.83077392578124,220.98316786024304,1,True,-0.07103218970081038
BOI-BWI,15,213.0304563106014,264.542547997008,1,True,-0.21656695749249888
BOI-BWI,16,216.04210189016243,247.80356761387415,1,True,-0.1371630613931858
BOI-BWI,17,218.9230798574594,224.11674801589268,1,True,-0.023446677986864728
BOI-BWI,18,197.31914374168883,211.67434004733437,1,True,-0.07022652484354808
BOI-BWI,19,237.2121158946644,233.84848885584358,1,True,0.014281322505339311
BOI-BWI,20,272.1944580078125,272.3957320432612,1,True,-0.0007391761669230945
BOI-BWI,21,311.30767822265625,270.288130679373,1,True,0.14129320150736735
BOI-BWI,22,256.68890380859375,263.0769274198092,1,True,-0.02458162846111378
BOI-BWI,23,282.04998779296875,273.8274140333766,1,True,0.029586284763934323
BOI-BWI,24,333.4166564941406,267.15668399652577,1,True,0.22155761082961334
BOI-CLE,1,271.5384521484375,229.3043451723845,1,True,0.169053618473737
BOI-CLE,2,235.2765960693359,247.6041669845581,1,True,-0.05106954360256655
BOI-CLE,3,287.4324200604413,240.0235272575827,1,True,0.18025082316971464
BOI-CLE,4,263.7142900739397,250.1159504323766,1,True,0.05294167047024079
BOI-CLE,5,287.2272644042969,271.19046819777714,1,True,0.05745235575295027
BOI-CLE,6,354.05264442845396,221.253520482023,1,True,0.47013641960720776
BOI-CLE,7,261.69491758184915,272.6499954223633,1,True,-0.041009516015225955
BOI-CLE,8,304.39681861514134,282.6216141984269,1,True,0.07422322391401703
BOI-CLE,9,231.61429377964564,284.499994913737,1,True,-0.2056597743653974
BOI-CLE,10,221.26373140104525,255.6087016230044,1,True,-0.1442924210405634
BOI-CLE,11,240.19999675750734,226.04650772449583,1,True,0.060731131654001125
BOI-CLE,12,232.62857753208706,248.9642846243722,1,True,-0.06786635712272293
BOI-CLE,13,251.44444783528647,282.41666984558105,1,True,-0.11616145129239541
BOI-CLE,14,314.04347826086956,288.1016897427834,1,True,0.0862179349224732
BOI-CLE,15,281.77612259138874,309.21568806966144,1,True,-0.09292618891880178
BOI-CLE,16,252.22222730848523,305.2083269755046,1,True,-0.19068402940118112
BOI-CLE,18,195.61905125209265,227.8775507090043,1,True,-0.15263927449607184
BOI-CLE,19,296.2142769949777,280.4375,1,True,0.054732217459108945
BOI-CLE,20,225.33333333333334,206.50847793837724,1,True,0.08723932042485938
BOI-CLE,21,183.0,254.12857251848493,1,True,-0.32835417712331694
BOI-CLE,22,205.0,258.52173714015794,1,True,-0.23196980079180207
BOI-CLE,23,199.1999969482422,252.20000249689275,1,True,-0.23591310360083817
BOI-CLE,24,176.75,250.57142442975726,1,True,-0.34900770257122726
BOI-DCA,1,274.6923102354392,182.82301452096584,1,True,0.4071330482904285
BOI-DCA,2,234.46534260664836,247.42156982421875,1,True,-0.053785857947778126
BOI-DCA,3,255.95745083423367,271.01315950092516,1,True,-0.05715615575799138
BOI-DCA,4,277.8348730244768,283.73786111479825,1,True,-0.02102383238120442
BOI-DCA,5,257.73729330806407,295.04878793111664,1,True,-0.13519990231489132
BOI-DCA,6,310.6907770257247,316.36986343174766,1,True,-0.018113851579703244
BOI-DCA,7,293.29518292898155,299.55556648160206,1,True,-0.02112037902098063
BOI-DCA,8,295.8243333971178,266.98570469447543,1,True,0.1025706934023134
BOI-DCA,9,313.1309509277344,243.94047401064913,1,True,0.24969724005974836
BOI-DCA,10,302.56666463216146,283.6944573013871,1,True,0.06440382769864517
BOI-DCA,11,259.30864687319155,298.95917869100765,1,True,-0.14228799897956979
BOI-DCA,12,261.1989783462213,346.4473595870169,1,True,-0.2824484006955359
BOI-DCA,13,265.53571701049805,355.93507365437296,1,True,-0.29299897786338747
BOI-DCA,14,282.73298365408215,324.5999944777716,1,True,-0.1380907064775938
BOI-DCA,15,289.22843522589824,359.74998946416946,1,True,-0.21819250728879158
BOI-DCA,16,242.524995803833,329.00000862453294,1,True,-0.304952996434408
BOI-DCA,17,260.8360653236264,254.4732194628034,1,True,0.024696505365811916
BOI-DCA,18,201.9999990463257,240.05848774157073,1,True,-0.17261489989539847
BOI-DCA,19,221.92857251848494,223.96992446784685,1,True,-0.009156192383154682
BOI-DCA,20,242.28571810041154,277.9652258831522,1,True,-0.13737833607422711
BOI-DCA,21,306.2258108815839,309.4868419044896,1,True,-0.010592803317475585
BOI-DCA,22,280.84375,301.8888753255208,1,True,-0.07226052230313584
BOI-DCA,23,282.4146423339844,294.61231143232703,1,True,-0.042283939589570885
BOI-DCA,24,250.25,268.4606760432211,1,True,-0.07024402708799204
BOI-EWR,1,260.4509839824602,264.0266581217448,1,True,-0.013635393589164657
BOI-EWR,2,271.99999148346654,312.75713980538507,1,True,-0.1396249432151695
BOI-EWR,3,278.89257156750386,286.591838603117,1,True,-0.02723237885086416
BOI-EWR,4,308.46511556935866,291.10525978489926,1,True,0.05792384013935248
BOI-EWR,5,325.1355973583157,308.6363691850142,1,True,0.05207853278516428
BOI-EWR,6,340.94201748613,383.44186756222746,1,True,-0.11747559925762285
BOI-EWR,7,349.61971830985914,350.20689129007275,1,True,-0.00167805313471181
BOI-EWR,8,355.40384615384613,307.01753904108415,1,True,0.14634986132202865
BOI-EWR,9,452.7931013436153,406.4318244240501,1,True,0.1080190898959632
BOI-EWR,10,307.78204658703925,349.7586275298019,1,True,-0.1278513894199209
BOI-EWR,11,363.3168298702429,353.77357799602004,1,True,0.026618164832789226
BOI-EWR,12,358.9733378092448,359.2391397227412,1,True,-0.0007401762958645364
BOI-EWR,13,315.59648266173247,371.2727207993017,1,True,-0.1624724450656041
BOI-EWR,14,320.0617167154948,360.91111043294273,1,True,-0.12011785459155622
BOI-EWR,15,325.43661026215887,321.5689570985991,1,True,0.011955690733703506
BOI-EWR,16,274.1956508470618,291.44827165274785,1,True,-0.061020628547669986
BOI-EWR,17,294.4615478515625,350.2857157389323,1,True,-0.17360072514934988
BOI-EWR,18,251.14999389648443,287.54000183105467,1,True,-0.1353116414686646
BOI-EWR,19,216.6065523741675,256.17186975479126,1,True,-0.16776600029945232
BOI-EWR,20,262.75,291.10293377147,1,True,-0.10247391916932447
BOI-EWR,21,283.4762021019345,258.1249933242798,1,True,0.09368423858838337
BOI-EWR,22,255.0666656494141,289.6538476210374,1,True,-0.12716163623539067
BOI-EWR,23,291.28570556640625,302.0464995628179,1,True,-0.036276385999426175
BOI-EWR,24,255.96153259277344,328.71738201638925,1,True,-0.25017119048900405
BOI-IAD,1,222.51042079925537,262.48446986986244,1,True,-0.1652179823185893
BOI-IAD,2,232.4259226057265,268.3269151540903,1,True,-0.14363450797279587
BOI-IAD,3,243.88439279898054,279.49031470514115,1,True,-0.13627332676667425
BOI-IAD,4,256.6404573247674,283.1105137875206,1,True,-0.09816122285140239
BOI-IAD,5,257.3030358516809,292.75001029081125,1,True,-0.12906451953250553
BOI-IAD,6,268.23931571764825,303.77180655050597,1,True,-0.12439723204382958
BOI-IAD,7,285.06409552158453,298.1383776394826,1,True,-0.044843681670956315
BOI-IAD,8,266.8333341810438,266.5212063876065,1,True,0.001170432818427436
BOI-IAD,9,252.79592926648198,280.9261728581166,1,True,-0.10550934521393618
BOI-IAD,10,244.11881429842202,261.32394394852184,1,True,-0.06810575164792088
BOI-IAD,11,236.83333133515856,298.8062902320742,1,True,-0.23243885425191912
BOI-IAD,12,234.62365739063551,275.78947345475507,1,True,-0.16165502478912064
BOI-IAD,13,229.98113092386498,277.87049810834924,1,True,-0.18915790491725826
BOI-IAD,14,254.7471308214911,279.77611925115633,1,True,-0.09371829991926983
BOI-IAD,15,258.45237731933594,304.88740994282904,1,True,-0.16523111075508545
BOI-IAD,16,252.49206058562748,294.5409836065574,1,True,-0.1540383517634325
BOI-IAD,17,266.74999237060547,270.2515241938866,1,True,-0.013041234863218953
BOI-IAD,18,242.03334045410156,279.07587448646285,1,True,-0.14240820927492415
BOI-IAD,19,201.483877858808,258.1789492155376,1,True,-0.24794357854234672
BOI-IAD,20,237.3999995640346,257.48100705690024,1,True,-0.0811994780419818
BOI-IAD,21,270.3181915283203,281.51162790697674,1,True,-0.04057400140917533
BOI-IAD,22,234.9600067138672,280.06716030747145,1,True,-0.17561411718395448
BOI-IAD,23,259.92425537109375,269.38244485406665,1,True,-0.0357418349091807
BOI-IAD,24,215.29310607910156,264.43518631546584,1,True,-0.20559579519654836
BOI-PHL,1,163.57798123140947,239.13333679199218,1,True,-0.3797314648327159
BOI-PHL,2,169.73103079960265,247.1666608324238,1,True,-0.3758478369776874
BOI-PHL,3,182.3891093925743,222.40707505487762,1,True,-0.1983670055874116
BOI-PHL,4,197.91925115170687,227.46896225501752,1,True,-0.1391546743891494
BOI-PHL,5,225.7031260728836,206.06194393191714,1,True,0.09104371200676553
BOI-PHL,6,227.37981253403885,245.25000120464125,1,True,-0.07565630111782617
BOI-PHL,7,202.69543015533293,233.62879250266334,1,True,-0.1420289905990053
BOI-PHL,8,198.7093951885517,244.44133745758228,1,True,-0.20713191980455292
BOI-PHL,9,216.75206409801137,219.49193745274698,1,True,-0.01256136185920198
BOI-PHL,10,251.37194079887576,233.2795691541446,1,True,0.0746960762343516
BOI-PHL,11,224.73223318298005,262.92034344968545,1,True,-0.1569414909233764
BOI-PHL,12,216.43548813686576,226.11723822231951,1,True,-0.043761091196809154
BOI-PHL,13,180.7416287654895,262.76316191020766,1,True,-0.3741845553227634
BOI-PHL,14,173.14285750616165,279.7664146701785,1,True,-0.47983800200995397
BOI-PHL,15,189.39406508106296,266.8983062916556,1,True,-0.3430378656449147
BOI-PHL,16,175.04419653455196,255.87378596333625,1,True,-0.3796458056590257
BOI-PHL,17,190.05263286389803,210.72276729168277,1,True,-0.10324232159024138
BOI-PHL,18,234.7708330154419,232.4285664461097,1,True,0.01002692296321328
BOI-PHL,19,252.60000122070312,241.43055174085828,1,True,0.04522535344385137
BOI-PHL,20,233.27777353922525,258.4428512573242,1,True,-0.10244468658037142
BOI-PHL,21,275.6000061035156,271.5223914758483,1,True,0.014905952104980358
BOI-PHL,22,237.69642639160156,264.4444471571181,1,True,-0.10663685944607515
BOI-PHL,23,236.5217437744141,298.2906489630638,1,True,-0.23202819971361244
BOI-PHL,24,262.9750061035156,278.14736906352795,1,True,-0.056092083945094906
BOI-RDU,1,193.9230804443359,253.81250572204584,1,True,-0.2691342401064958
BOI-RDU,2,203.60638135544798,204.83333460489908,1,True,-0.006008019750333382
BOI-RDU,3,205.68681016859117,225.8292686648485,1,True,-0.09342459247761692
BOI-RDU,4,174.06666768391926,195.70149117085472,1,True,-0.11715212060937841
BOI-RDU,5,217.83721125403116,237.00000183105467,1,True,-0.08431210238606379
BOI-RDU,6,223.55555640326605,236.069766199866,1,True,-0.05446742315437891
BOI-RDU,7,253.1586132181102,235.8059683273088,1,True,0.07100692324960978
BOI-RDU,8,220.92391503375512,225.17460026816713,1,True,-0.01905773608717176
BOI-RDU,9,200.48386653777095,229.8529447667739,1,True,-0.13670595649614814
BOI-RDU,10,252.43519083658853,240.35922448611953,1,True,0.04901997282355097
BOI-RDU,11,211.3582123713707,248.03846290784006,1,True,-0.1600294435148042
BOI-RDU,12,219.44554092860457,252.22666137695313,1,True,-0.13922403653409088
BOI-RDU,13,236.85869764245075,252.6060596812855,1,True,-0.06436744801504624
BOI-RDU,14,230.43410545171693,226.45378074325433,1,True,0.01742407942935298
BOI-RDU,15,234.4951417793348,254.56757334116344,1,True,-0.08213144454579258
BOI-RDU,16,207.6056280001788,268.580961390904,1,True,-0.25751213992764566
BOI-RDU,17,182.42000091552734,180.90909298983487,1,True,0.00831706934903309
BOI-RDU,18,186.38710169638358,220.5000015258789,1,True,-0.16807199885752588
BOI-RDU,19,228.666662145544,219.367649751551,1,True,0.04151623103332547
BOI-RDU,20,143.12500190734863,253.96739163606063,1,True,-0.5734874917566524
BOI-RDU,21,196.1999969482422,233.3428527832031,1,True,-0.17337431160845096
BOI-RDU,22,266.6666564941406,248.86273672066483,1,True,0.0690979145367141
BOI-RDU,23,240.39999389648443,277.8589669252053,1,True,-0.14480949447300961
BOS-GEG,1,224.39436189893266,248.98000366210937,1,True,-0.10396753855676355
BOS-GEG,2,238.3101321836061,255.02898008927056,1,True,-0.06780428430400143
BOS-GEG,3,237.00591074926612,277.5499935695103,1,True,-0.15791599327294925
BOS-GEG,4,238.01587083604602,296.8383883081301,1,True,-0.22085048795700857
BOS-GEG,5,269.3589782714844,290.7631609063399,1,True,-0.07646407406965317
BOS-GEG,6,349.38775697046395,304.31973494964393,1,True,0.13810344853553858
BOS-GEG,7,314.93421333714537,316.8666712443034,1,True,-0.006117319492959794
BOS-GEG,8,308.06410921536957,286.75213727380475,1,True,0.07168969869588082
BOS-GEG,9,291.3888888888889,297.67045523903585,1,True,-0.021328256759911568
BOS-GEG,10,322.35344932819237,299.235299503102,1,True,0.07441839350374035
BOS-GEG,11,335.88414466671827,296.9197115932938,1,True,0.12330452204300091
BOS-GEG,12,327.8939375443892,335.6666715988005,1,True,-0.02342842379749932
BOS-GEG,13,370.62161502322635,309.6557342029009,1,True,0.17972049100292065
BOS-GEG,14,315.0517188762796,356.21125943895794,1,True,-0.12278716797788114
BOS-GEG,15,348.69444783528644,366.7979819557884,1,True,-0.05061520752438131
BOS-GEG,16,286.0339034775556,320.8119578565288,1,True,-0.11474480298959921
BOS-GEG,17,259.85000228881836,272.6666534423828,1,True,-0.04814544917213759
BOS-GEG,18,224.44285757882255,263.1869218772817,1,True,-0.15924336645985182
BOS-GEG,19,240.48404401413939,283.4366211152413,1,True,-0.16433479720911137
BOS-GEG,20,245.00645023469002,278.6907221214058,1,True,-0.12881810640642044
BOS-GEG,21,197.64556421207476,236.7672407216039,1,True,-0.18060220504229463
BOS-GEG,22,272.2945251464844,258.82038605328904,1,True,0.05074996253307784
BOS-GEG,23,258.0860900878906,274.3093259132515,1,True,-0.060963184547029314
BOS-GEG,24,233.21665954589844,272.376616044478,1,True,-0.15521783560649904
BOS-HNL,1,322.29429182221617,346.69279624659254,1,True,-0.07297399651003111
BOS-HNL,2,311.0413925268088,355.4535412397541,1,True,-0.13346855675595215
BOS-HNL,3,326.0299628566981,396.4398162441686,1,True,-0.19553495427698397
BOS-HNL,4,341.6714403424944,369.85053432089154,1,True,-0.07924938818811356
BOS-HNL,5,349.0610328638498,376.1741304464008,1,True,-0.07480536289670514
BOS-HNL,6,342.1955565049913,387.2345830509135,1,True,-0.12364829085273765
BOS-HNL,7,358.5704457915526,393.86298868590296,1,True,-0.09387796212239863
BOS-HNL,8,347.3990915067527,376.53990302287355,1,True,-0.08054978706655103
BOS-HNL,9,377.88421020507815,364.1479980782959,1,True,0.037027453355195306
BOS-HNL,10,373.9878983036164,407.20686751441684,1,True,-0.08509789089226327
BOS-HNL,11,399.32087835864485,429.1073111048285,1,True,-0.07194172998131343
BOS-HNL,12,419.64417702142447,435.5081244193659,1,True,-0.03710629686700884
BOS-HNL,13,400.8399972098215,443.85099802585626,1,True,-0.10192657784813353
BOS-HNL,14,420.0999956632915,448.3727169180275,1,True,-0.06513207608426352
BOS-HNL,15,468.5320477607923,507.32671231062955,1,True,-0.07955069465427922
BOS-HNL,16,391.85082316530344,478.5538397764548,1,True,-0.19988750817048562
BOS-HNL,17,304.31092488264835,383.22379547205594,1,True,-0.23056918296898665
BOS-HNL,18,398.811416015625,388.2177595152472,1,True,0.026922245541415535
BOS-HNL,19,413.99219512939453,433.18467804415144,1,True,-0.045317023955685265
BOS-HNL,20,578.7619289822048,450.19390139636766,1,True,0.2512128348713478
BOS-HNL,21,620.7626953125,405.5211826965237,1,True,0.4257757650962892
BOS-HNL,22,477.8515625,422.3638795242208,1,True,0.12343292931575611
BOS-HNL,23,463.1858520507813,437.85471325808294,1,True,0.0562412314005023
BOS-HNL,24,527.0083618164062,437.7917609360639,1,True,0.18547304956962485
BUF-LAX,1,164.44056104113173,175.78550830785778,1,True,-0.06671537516704973
BUF-LAX,2,183.67910614772816,179.34615429329784,1,True,0.02387248548332277
BUF-LAX,3,188.21903076847042,179.37001411196619,1,True,0.04815555172039332
BUF-LAX,4,172.8251495361328,177.98051957960251,1,True,-0.0293937166620859
BUF-LAX,5,144.23192536687276,176.92699344601252,1,True,-0.20431458429162141
BUF-LAX,6,191.7680715537933,209.06507776653956,1,True,-0.08635889917258055
BUF-LAX,7,191.70973639898978,203.09321301659637,1,True,-0.05768261254148932
BUF-LAX,8,220.83219266917604,200.6386587447479,1,True,0.09589753136968948
BUF-LAX,9,163.08696092878074,174.2381960577054,1,True,-0.06613974475149931
BUF-LAX,10,189.15480022607574,206.1244750763153,1,True,-0.08591450561116254
BUF-LAX,11,216.21488200206073,209.81287065549589,1,True,0.03005669591605198
BUF-LAX,12,172.53943044379682,201.4328548625364,1,True,-0.1548303067324559
BUF-LAX,13,167.3487390470104,190.9986577803089,1,True,-0.13218650788991848
BUF-LAX,14,172.73266888609027,190.4687185903696,1,True,-0.09774284142098644
BUF-LAX,15,199.88915902875328,199.13894400573773,1,True,0.003760215890886265
BUF-LAX,16,162.57142949620368,197.32945489494847,1,True,-0.19375722045479105
BUF-LAX,17,146.46232793102524,162.84159996095767,1,True,-0.10600970078181948
BUF-LAX,18,158.90024479404272,169.53990769363904,1,True,-0.06481172863273432
BUF-LAX,19,161.176947054211,185.41078424025255,1,True,-0.14007100736595657
BUF-LAX,20,161.37116157204096,186.8982911695786,1,True,-0.14685750828170718
BUF-LAX,21,153.29288958306094,167.28368492860804,1,True,-0.08734068094993308
BUF-LAX,22,176.88553720497222,199.13133394298634,1,True,-0.11846173567634377
BUF-LAX,23,184.5078125,228.9501232803611,1,True,-0.21581237080518179
BUF-LAX,24,207.8318634033203,214.92089993275323,1,True,-0.033540649355075836
BUF-SAN,1,171.5352136316434,166.24657910490689,1,True,0.031316470315774225
BUF-SAN,2,185.61347209308164,177.87444007770898,1,True,0.04258849586257529
BUF-SAN,3,192.48741912841797,176.336930738412,1,True,0.08763425226994048
BUF-SAN,4,161.00980624030618,181.5727496070069,1,True,-0.12019112622283323
BUF-SAN,5,160.87255410587088,181.36690574298373,1,True,-0.1199096209085555
BUF-SAN,6,186.51555691189236,204.4990370269014,1,True,-0.09204861587466517
BUF-SAN,7,194.12210974362816,230.00371696160184,1,True,-0.16960807677274214
BUF-SAN,8,192.99999885915597,206.89605110152596,1,True,-0.06952631555105615
BUF-SAN,9,191.4639220876792,194.6572683338488,1,True,-0.016541019424820114
BUF-SAN,10,189.32757949829102,210.73504449567224,1,True,-0.10712289149940624
BUF-SAN,11,190.19117467543657,186.28380703169833,1,True,0.020758393748367077
BUF-SAN,12,205.82269157247342,185.96879684198842,1,True,0.10143617690895024
BUF-SAN,13,185.60784029493144,190.60293862398933,1,True,-0.02655634642738125
BUF-SAN,14,174.32517653245193,227.99801856752427,1,True,-0.2684145526539483
BUF-SAN,15,205.6504458537144,224.1768406015793,1,True,-0.08625734466520818
BUF-SAN,16,173.27074489010474,228.50111667828463,1,True,-0.2766857267897791
BUF-SAN,17,153.5789484009707,182.07156188160238,1,True,-0.17018505030717357
BUF-SAN,18,148.680668422154,192.27291983988746,1,True,-0.25711497908394865
BUF-SAN,19,174.62149917745145,196.09985009913365,1,True,-0.1160031990750543
BUF-SAN,20,206.16560587305932,202.30180637256518,1,True,0.018919084519423812
BUF-SAN,21,173.69307278170444,191.6716749003005,1,True,-0.09849408960929384
BUF-SAN,22,183.57936047750806,215.91847928365073,1,True,-0.1622538695555491
BUF-SAN,23,199.9640655517578,225.048262445096,1,True,-0.11817720079478367
BUF-SAN,24,224.2126007080078,219.3351215923132,1,True,0.0219939162578342
BUF-SAT,1,159.61739555027174,163.67142606462752,1,True,-0.025081244776100853
BUF-SAT,2,189.47368046275358,199.65714296613422,1,True,-0.05235148481257745
BUF-SAT,3,146.25862595130658,162.9141146888031,1,True,-0.1078466929582289
BUF-SAT,4,144.02093737537325,161.92823251240563,1,True,-0.11719454044538047
BUF-SAT,5,154.77272727272728,159.526669921875,1,True,-0.030253352563180513
BUF-SAT,6,190.3726738402562,191.07142889199136,1,True,-0.0036637390817935156
BUF-SAT,7,164.6588814993885,193.64651141499365,1,True,-0.1621584418420845
BUF-SAT,8,141.94652961282168,186.01960582359163,1,True,-0.2704016411465604
BUF-SAT,9,170.0888884367766,187.4902914102795,1,True,-0.09740589136746891
BUF-SAT,10,215.97561198909108,206.4784956080939,1,True,0.044969224364394655
BUF-SAT,11,197.63199487304686,205.69483152577575,1,True,-0.03998698049059968
BUF-SAT,12,186.76800036621094,180.47272186279298,1,True,0.03428756593263671
BUF-SAT,13,192.58510605832365,173.25520523389181,1,True,0.10577248316141574
BUF-SAT,14,163.85227047313344,212.1726585772398,1,True,-0.2584351383859316
BUF-SAT,15,159.01363442160866,192.53648330622988,1,True,-0.19129570981610655
BUF-SAT,16,155.8656666314424,175.5559731383822,1,True,-0.11896340237503544
BUF-SAT,17,135.82075932340803,128.0964471652423,1,True,0.05855259666539325
BUF-SAT,18,136.33684676320928,142.47491817410574,1,True,-0.044037333481424135
BUF-SAT,19,141.2967785250756,157.73354040642144,1,True,-0.1100446656412819
BUF-SAT,20,154.5230712890625,144.33143053327288,1,True,0.06823115804593538
BUF-SAT,21,171.02127529712433,145.6526307758532,1,True,0.16056342015068115
BUF-SAT,22,167.28758239746094,184.58659725082654,1,True,-0.09840433348550004
BUF-SAT,23,168.77206420898438,195.76678628550823,1,True,-0.1483750128142587
BUF-SAT,24,193.8378448486328,186.02361814243588,1,True,0.04114831333672342
BUF-SFO,1,182.87287747657905,185.17391304347825,1,True,-0.012504201137650384
BUF-SFO,2,193.9346753604448,177.95818825964312,1,True,0.08597275213096278
BUF-SFO,3,227.0425552043509,195.89973397368178,1,True,0.14753450079247798
BUF-SFO,4,187.24823117087072,189.3887130593805,1,True,-0.011366409834524305
BUF-SFO,5,135.94444296095105,154.9890115758875,1,True,-0.13110792671341542
BUF-SFO,6,180.4356407442502,183.36809600642854,1,True,-0.016121432948080106
BUF-SFO,7,169.26605011126318,192.5882298467609,1,True,-0.12908264750331266
BUF-SFO,8,224.83928162711007,193.147154536933,1,True,0.15193348596687084
BUF-SFO,9,203.41129302978516,179.18254301283093,1,True,0.12682492378773613
BUF-SFO,10,217.98543896721404,214.43596393603997,1,True,0.016417109461429824
BUF-SFO,11,206.91189178601235,198.56925469664134,1,True,0.041155129668979384
BUF-SFO,12,167.43194859973073,207.95380977780383,1,True,-0.21673899496882143
BUF-SFO,13,182.45613499691612,216.05655142580636,1,True,-0.16903039762276606
BUF-SFO,14,210.99999456890555,237.40445034048332,1,True,-0.11790712043242113
BUF-SFO,15,224.3609004773592,234.96189479047925,1,True,-0.04616743299874315
BUF-SFO,16,212.36686155781945,225.46108904886802,1,True,-0.059832331781978
BUF-SFO,17,180.25640999557626,198.36749240619133,1,True,-0.0957409954389341
BUF-SFO,18,147.79180845709791,178.94375761055653,1,True,-0.19126696935640908
BUF-SFO,19,161.2372895580227,193.80086583389348,1,True,-0.18395403899113383
BUF-SFO,20,187.87301847669812,209.89491421974313,1,True,-0.11084069600664659
BUF-SFO,21,181.1386813421319,184.85713842482795,1,True,-0.02032036888007749
BUF-SFO,22,177.26945870222445,230.07829446059006,1,True,-0.26074872119541403
BUF-SFO,23,173.3080291748047,235.28999974568686,1,True,-0.305748268091369
BUF-SFO,24,204.43589782714844,216.918754696846,1,True,-0.05926841282907347
BWI-COS,1,171.0000019824411,178.2620130647218,1,True,-0.041590883400109746
BWI-COS,2,179.91235333324903,163.50521171092987,1,True,0.09562494063978022
BWI-COS,3,185.1170227916528,168.09514222550487,1,True,0.09645803885599591
BWI-COS,4,187.67948952699322,176.3779316267441,1,True,0.06210663340014477
BWI-COS,5,163.44705505371093,196.78813611046743,1,True,-0.18563858321538973
BWI-COS,6,203.34400439453125,168.57384736659162,1,True,0.1875252306647095
BWI-COS,7,173.52892372824928,169.72576825643324,1,True,0.022160286205016533
BWI-COS,8,164.89617619748975,162.79782804082876,1,True,0.012806928475424861
BWI-COS,9,173.28346456692913,143.92270546143757,1,True,0.18565238925516425
BWI-COS,10,206.5182487320726,187.46153717041017,1,True,0.09681509080419648
BWI-COS,11,158.47528720174,171.75659909066567,1,True,-0.08047968856460663
BWI-COS,12,121.71947798295456,180.3596038066695,1,True,-0.3932336205212925
BWI-COS,13,135.3865984887192,166.90556115044487,1,True,-0.20929377197557564
BWI-COS,14,155.1061222621373,177.04721357484743,1,True,-0.13230689796245887
BWI-COS,15,157.6651998511495,168.56958225089755,1,True,-0.06687481908461912
BWI-COS,16,132.57534790039062,172.81372676176184,1,True,-0.265063143296004
BWI-COS,17,109.62712097167967,161.71000427246094,1,True,-0.388719835987005
BWI-COS,18,126.29474222283615,152.63257350343648,1,True,-0.18941515362684314
BWI-COS,19,162.79545454545453,150.3524202187156,1,True,0.07951252615997983
BWI-COS,20,183.9047560918899,178.42675800687948,1,True,0.030239795930471658
BWI-COS,21,169.39129771356997,199.9375025431315,1,True,-0.16579342076136427
BWI-COS,22,262.6585388183594,212.69173173259077,1,True,0.21101100858288557
BWI-COS,23,268.53570556640625,216.5315754137541,1,True,0.21524750505755552
BWI-COS,24,215.72500610351557,228.20318141496517,1,True,-0.05623190198854555
BWI-GEG,1,186.25180459880144,203.89899305863813,1,True,-0.09052519282654803
BWI-GEG,2,185.09914325845654,197.86428435189384,1,True,-0.06668977207676274
BWI-GEG,3,184.250004196167,199.34782684515721,1,True,-0.07875761872106324
BWI-GEG,4,199.16255984752635,186.31563570365793,1,True,0.0666791732708516
BWI-GEG,5,142.16822715117553,206.911214382849,1,True,-0.37527873058193606
BWI-GEG,6,155.81534138592806,232.6735234199269,1,True,-0.40096468689819265
BWI-GEG,7,175.35000628303078,237.26684301504818,1,True,-0.30240141523986086
BWI-GEG,8,176.53845942570612,228.58646782896574,1,True,-0.25837580069434196
BWI-GEG,9,183.28488842276641,229.3948468384313,1,True,-0.22440303111900572
BWI-GEG,10,221.3379360856681,223.91803262012252,1,True,-0.011589402924954584
BWI-GEG,11,221.7475682230829,263.86585100685676,1,True,-0.17390117904378322
BWI-GEG,12,192.64072322274396,238.49159856203227,1,True,-0.21350716716864238
BWI-GEG,13,188.64389849406916,283.4973732513907,1,True,-0.4073417548050129
BWI-GEG,14,217.29281506617426,246.9049273208833,1,True,-0.1277575307661829
BWI-GEG,15,227.96551555765086,280.3428503259436,1,True,-0.20681894961140745
BWI-GEG,16,179.57142169658954,247.25738589773698,1,True,-0.31985682099141055
BWI-GEG,17,207.1363661332564,242.38888772328696,1,True,-0.15716606045872616
BWI-GEG,18,188.6172841389974,234.10470780777058,1,True,-0.2160484741095532
BWI-GEG,19,246.22378017185451,251.01575175608238,1,True,-0.01927489523933268
BWI-GEG,20,268.6590805053711,271.98901518098603,1,True,-0.012318463008964109
BWI-GEG,21,220.9857177734375,282.5112765893004,1,True,-0.2456203929502161
BWI-GEG,22,243.77777099609375,265.01865489447295,1,True,-0.0835431836569196
BWI-GEG,23,272.49639892578125,276.8542339892151,1,True,-0.015865737528582002
BWI-GEG,24,271.2117614746094,253.44737384193823,1,True,0.06774372017198971
BWI-GPT,1,209.28812990350238,143.44444953070746,1,True,0.3777640655617871
BWI-GPT,2,174.45833820766873,141.6995077649948,1,True,0.20797729070309856
BWI-GPT,3,197.79166158040366,140.13084482923847,1,True,0.34463767042786575
BWI-GPT,4,186.5,167.03226354924215,1,True,0.11024425042120622
BWI-GPT,5,154.70967430196782,147.61835313879925,1,True,0.04692004331721211
BWI-GPT,6,181.4160050048828,153.37362058870085,1,True,0.16791585497193484
BWI-GPT,7,195.64583333333334,134.76543379418644,1,True,0.3727703121603989
BWI-GPT,8,189.22471447205277,142.40678237656417,1,True,0.28424764736800867
BWI-GPT,9,197.1126739072128,122.7363666187633,1,True,0.4737368197411458
BWI-GPT,10,191.20407851861447,130.99355143885458,1,True,0.37819323522216663
BWI-GPT,11,167.2361125946045,139.122139442968,1,True,0.1840544134193225
BWI-GPT,12,198.2345630033517,146.202013266207,1,True,0.30446167331817975
BWI-GPT,13,244.965523555361,158.6078431372549,1,True,0.4346827201668866
BWI-GPT,14,201.1999979654948,164.00787641870693,1,True,0.20438497449945192
BWI-GPT,15,234.36734008789065,172.4999940202043,1,True,0.30649251209299955
BWI-GPT,16,176.72093200683594,145.55434699680495,1,True,0.1940222972670993
BWI-GPT,17,171.96808640500333,143.6666627106843,1,True,0.17981314154125094
BWI-GPT,18,150.18918877678948,119.07692307692308,1,True,0.23212606120169266
BWI-GPT,19,129.34066621549837,133.11111450195312,1,True,-0.02873447992251421
BWI-GPT,20,169.6770782470703,147.23077040452225,1,True,0.14189586839007173
BWI-GPT,21,137.55555555555554,168.85714285714286,1,True,-0.20502517300240886
BWI-GPT,22,196.77049255371097,152.33333163791232,1,True,0.25596694606936055
BWI-GPT,23,222.2608642578125,147.90908882834694,1,True,0.40725393589610626
BWI-GPT,24,164.78260803222656,163.1666717529297,1,True,0.00985487364660731
BWI-PDX,1,159.3536066555705,190.9044616278063,1,True,-0.180647427849582
BWI-PDX,2,172.14567997566883,192.75293539711208,1,True,-0.11306814643177354
BWI-PDX,3,172.15085514560522,182.32883671842058,1,True,-0.057440694725127805
BWI-PDX,4,160.6608404946494,175.5316168710515,1,True,-0.0885236175481463
BWI-PDX,5,142.31721738597642,172.04487547339463,1,True,-0.1896968553455718
BWI-PDX,6,200.04144402581292,203.14959010139842,1,True,-0.015418039507712145
BWI-PDX,7,203.4860351107862,226.76939086285697,1,True,-0.10833622282967781
BWI-PDX,8,189.28344892644557,228.60168812372913,1,True,-0.1887355145940477
BWI-PDX,9,164.56164622446795,200.37240939436288,1,True,-0.19689243296999148
BWI-PDX,10,202.87499368190765,220.60848845994113,1,True,-0.08379959035332352
BWI-PDX,11,196.31656998854416,238.19125689501027,1,True,-0.19334544208027715
BWI-PDX,12,174.34625122070312,236.7554416794851,1,True,-0.3059844452887077
BWI-PDX,13,173.84494608702974,205.60419310457632,1,True,-0.1677891403568914
BWI-PDX,14,179.40762943629528,227.60137346380068,1,True,-0.23793526054892933
BWI-PDX,15,195.36142128881465,231.13561521424123,1,True,-0.16815333154262824
BWI-PDX,16,194.73189581120144,227.26745467129774,1,True,-0.15450381908765198
BWI-PDX,17,163.18726786066978,180.29118810502524,1,True,-0.09967483157168733
BWI-PDX,18,165.7008255661511,196.07221452799592,1,True,-0.16829912612767473
BWI-PDX,19,209.82382854402374,228.0361446342426,1,True,-0.08323587854858339
BWI-PDX,20,235.7164511765106,237.60716695164624,1,True,-0.007989146364919542
BWI-PDX,21,233.2582092285156,226.4595971632143,1,True,0.029579484044371718
BWI-PDX,22,238.5975646972656,234.536188258026,1,True,0.017168406068473807
BWI-PDX,23,256.8827209472656,254.77301691228698,1,True,0.008246623012474252
BWI-PDX,24,243.35922241210932,247.45241637691376,1,True,-0.01667967317264729
BWI-SEA,1,182.941359107877,172.25015648292293,1,True,0.06021784109809403
BWI-SEA,2,198.53863490711558,183.46704939472883,1,True,0.07894863144191877
BWI-SEA,3,210.3382488810064,185.3087953126066,1,True,0.1266933464497324
BWI-SEA,4,163.76031031443787,177.71267369688144,1,True,-0.08176421707966686
BWI-SEA,5,153.76271057128906,173.22135817862355,1,True,-0.11915972999273716
BWI-SEA,6,198.1107281205992,210.3023724278908,1,True,-0.05972025649035828
BWI-SEA,7,192.52867501641668,233.49152235858207,1,True,-0.1929006658758743
BWI-SEA,8,183.5750280600916,208.96306925760965,1,True,-0.1295340780432337
BWI-SEA,9,165.76868447310605,196.77180014612622,1,True,-0.17145133286145153
BWI-SEA,10,202.28729764876826,221.7923465092179,1,True,-0.09205261552302968
BWI-SEA,11,200.79901308132327,231.51307944620095,1,True,-0.14233189774614452
BWI-SEA,12,167.55823775014738,212.8336372118842,1,True,-0.23917983568430934
BWI-SEA,13,161.5749599970179,207.16990750603233,1,True,-0.24857008222617694
BWI-SEA,14,164.9767955865784,225.64358785411613,1,True,-0.3131518783324969
BWI-SEA,15,176.34818784131744,229.85165172681351,1,True,-0.26497372762575466
BWI-SEA,16,165.36313611352426,214.07346555642914,1,True,-0.2581753725382656
BWI-SEA,17,141.47239969125823,176.53039453481463,1,True,-0.221388425671444
BWI-SEA,18,137.77772118063535,191.425119943102,1,True,-0.32885504310205693
BWI-SEA,19,171.77159127588678,202.64392568786815,1,True,-0.16528474162730245
BWI-SEA,20,168.59700962654986,196.32676637327515,1,True,-0.15226913749707105
BWI-SEA,21,158.00537380095452,187.04227907681815,1,True,-0.1687056387726411
BWI-SEA,22,177.57211303710938,206.00852478634226,1,True,-0.14854075334981776
BWI-SEA,23,204.8879852294922,223.42014370913682,1,True,-0.08659063508116471
BWI-SEA,24,179.4322967529297,218.58175770231367,1,True,-0.19736216176078702
CLE-PDX,1,214.56129061791205,233.72649937817175,1,True,-0.085556190995554
CLE-PDX,2,258.1103820800781,228.79175340896575,1,True,0.12057511488182104
CLE-PDX,3,210.151038646698,214.9816071118001,1,True,-0.022725972305709163
CLE-PDX,4,203.13636169433593,196.66526495682567,1,True,0.032374365146837114
CLE-PDX,5,204.409089383212,192.48829400818482,1,True,0.060087984415839735
CLE-PDX,6,220.25127618251702,247.00676815127682,1,True,-0.1146466786299829
CLE-PDX,7,207.30311398679112,245.06004488295403,1,True,-0.1673212206992991
CLE-PDX,8,237.6859854730431,231.5727855827235,1,True,0.02605618106808283
CLE-PDX,9,237.9032282675466,232.65671362805722,1,True,0.02229995199146817
CLE-PDX,10,264.5024234937585,246.27160842330366,1,True,0.07141538765892186
CLE-PDX,11,245.0807830895554,243.81298016838534,1,True,0.005186426411366796
CLE-PDX,12,223.2155122428105,252.84988067109705,1,True,-0.12465822820239669
CLE-PDX,13,265.62294431592596,237.8345848599771,1,True,0.11050239016754837
CLE-PDX,14,257.04494141996577,262.8219858693553,1,True,-0.02222600424665888
CLE-PDX,15,253.22806972927518,293.2366927680619,1,True,-0.1466895640131547
CLE-PDX,16,267.03389675334347,287.1831711117584,1,True,-0.07274463457507796
CLE-PDX,17,184.9142913818359,220.8989214294654,1,True,-0.17781279989664167
CLE-PDX,18,203.93749268849692,220.57369680253285,1,True,-0.07841832640585356
CLE-PDX,19,236.50746792465893,243.2417544809578,1,True,-0.028076038906326595
CLE-PDX,20,225.07692072941705,261.27764361213235,1,True,-0.14914139686190175
CLE-PDX,21,276.1666564941406,243.43981269553856,1,True,0.12613477518243954
CLE-PDX,22,193.49999364217126,232.94924654279436,1,True,-0.18554312422874109
CLE-PDX,23,176.42857360839844,251.67655868530272,1,True,-0.35522865348070987
CLE-PDX,24,201.23077392578125,244.37787435447996,1,True,-0.19426331428779164
CLT-COS,1,236.83870524744833,235.37288342492056,1,True,0.006208346283124833
CLT-COS,2,204.42856788635254,242.78125476837158,1,True,-0.1719422386175813
CLT-COS,3,191.51514920321378,201.98077099139877,1,True,-0.053205586155569584
CLT-COS,4,194.13725101246553,193.0851093048745,1,True,0.005434315807741896
CLT-COS,5,162.74561323199356,181.91304878566575,1,True,-0.11134049229339027
CLT-COS,6,140.2222166142912,167.5065337098921,1,True,-0.1777939319558266
CLT-COS,7,152.82758357607085,151.5086758122968,1,True,0.008667491828756368
CLT-COS,8,164.28813740358515,151.7729500664605,1,True,0.07923616707894077
CLT-COS,9,151.4959952392578,159.56756344357052,1,True,-0.05190823725551841
CLT-COS,10,162.00719578146078,156.01865534995918,1,True,0.03766516697358213
CLT-COS,11,159.8582673560916,159.14347806184188,1,True,0.004481420561383231
CLT-COS,12,161.37691673865686,160.8940340762107,1,True,0.00299675178667691
CLT-COS,13,176.13043743631115,170.08163529999402,1,True,0.03494631290573835
CLT-COS,14,186.3043467203776,172.4798029119318,1,True,0.07710146411979757
CLT-COS,15,236.8108099860114,251.00000664739326,1,True,-0.05819141336874889
CLT-COS,16,196.87499618530273,227.15384145883414,1,True,-0.14305851340986386
CLT-COS,17,144.4285670689174,204.86666598849826,1,True,-0.34957431793836236
CLT-COS,18,197.21951480028105,180.97036912706164,1,True,0.0859840853217122
CLT-COS,19,184.3111145019531,182.4416628519694,1,True,0.01019470311723314
CLT-COS,20,180.7096710205078,175.15266674711503,1,True,0.03123374089326436
CLT-COS,21,155.8000030517578,151.8205104730068,1,True,0.025874182084557162
CLT-COS,22,181.48648071289065,167.62373248601364,1,True,0.07945938453173618
CLT-COS,23,177.5454559326172,174.63200555419922,1,True,0.016545731414084663
CLT-COS,24,182.47999572753903,192.4136123257782,1,True,-0.053006731300094145
CLT-LAX,1,302.0466203442509,181.75757719097714,1,True,0.5079075717327584
CLT-LAX,2,251.02520969935827,177.02508998857178,1,True,0.3492618972616386
CLT-LAX,3,254.04736328125,200.26766627963147,1,True,0.23786591606749052
CLT-LAX,4,194.46032151721772,164.17319268603342,1,True,0.16930621620883102
CLT-LAX,5,178.25943799288768,161.4632134097746,1,True,0.09896266998708914
CLT-LAX,6,172.16396853798315,163.95374627470446,1,True,0.048862975025243394
CLT-LAX,7,180.73695254118547,166.05234546503746,1,True,0.08473960054647822
CLT-LAX,8,138.83683857164885,158.9670140478346,1,True,-0.1353973014439589
CLT-LAX,9,138.49393899701002,185.62007485666584,1,True,-0.292875413530882
CLT-LAX,10,154.22939289517592,208.9619882148609,1,True,-0.3037113024859446
CLT-LAX,11,178.31030248340807,216.691731617863,1,True,-0.19495044698566932
CLT-LAX,12,173.06809260595642,218.70103143121779,1,True,-0.23402052792730554
CLT-LAX,13,170.49205695258246,204.8907896699352,1,True,-0.18378839501820643
CLT-LAX,14,210.20139514075385,191.66409099976528,1,True,0.09232178185022288
CLT-LAX,15,220.3700779792205,234.15090233351657,1,True,-0.06065748356048939
CLT-LAX,16,171.2981067260357,210.54754523605598,1,True,-0.20630614284127446
CLT-LAX,17,169.04687173025948,169.42496866910827,1,True,-0.0022341421116260918
CLT-LAX,18,186.34197239060475,164.47448286333344,1,True,0.12482810806673772
CLT-LAX,19,199.32538348216556,184.357143838065,1,True,0.07806370686658592
CLT-LAX,20,175.5988256525387,194.1947432080229,1,True,-0.10065949298039456
CLT-LAX,21,166.85200122070313,174.76436772839776,1,True,-0.0463313972385162
CLT-LAX,22,177.017327637565,180.4881323345637,1,True,-0.019417402732671007
CLT-LAX,23,199.2560577392578,217.54322592875457,1,True,-0.08780685077029027
CLT-LAX,24,211.28265380859375,206.12802717127468,1,True,0.0246993616671336
CLT-PDX,1,262.4408641528058,272.21817543723364,1,True,-0.03657808311670685
CLT-PDX,2,296.9548304403982,289.5914536452875,1,True,0.025108891994414684
CLT-PDX,3,303.9302446232286,298.9532832921108,1,True,0.01651089858712318
CLT-PDX,4,230.21978843605126,267.37499504089357,1,True,-0.1496176943329388
CLT-PDX,5,275.1028023122627,264.9916577657064,1,True,0.03744650903956348
CLT-PDX,6,226.96202756986335,254.0044104622324,1,True,-0.11256890683159693
CLT-PDX,7,247.54228240814967,252.1636982982269,1,True,-0.018497067606210393
CLT-PDX,8,229.5873042515346,220.25391310453415,1,True,0.04150233653698798
CLT-PDX,9,213.4904796055385,204.33155504522477,1,True,0.04384829531084744
CLT-PDX,10,230.38320298082246,218.3333316747693,1,True,0.053721083064395714
CLT-PDX,11,208.07205343454686,283.82411140173525,1,True,-0.3104702897913967
CLT-PDX,12,212.4238185301382,233.00818448369,1,True,-0.09249015643525116
CLT-PDX,13,217.733907347585,235.36132210690252,1,True,-0.07784816547634232
CLT-PDX,14,223.92567278887773,235.54967638162466,1,True,-0.050607652376609025
CLT-PDX,15,237.77516978219052,265.25970614535134,1,True,-0.1093838068532369
CLT-PDX,16,193.7212539832351,253.2408791052454,1,True,-0.2679208364132224
CLT-PDX,17,175.6639719356892,196.47368051629317,1,True,-0.11195556121440298
CLT-PDX,18,169.8832799388031,187.52839776201625,1,True,-0.09881867602801542
CLT-PDX,19,184.3859699316192,211.72520847162926,1,True,-0.1382580241827993
CLT-PDX,20,178.40909212285823,232.35177383121294,1,True,-0.26417330614729106
CLT-PDX,21,208.80540689004434,214.03767766038033,1,True,-0.02474931261751223
CLT-PDX,22,194.53424072265625,225.1772144172765,1,True,-0.14627951941619965
CLT-PDX,23,205.11680603027344,267.2361460490399,1,True,-0.26455310725719894
CLT-PDX,24,225.53192138671875,247.39393975724388,1,True,-0.09252025675151376
CLT-PHX,1,320.95369805230035,236.95678588490426,1,True,0.3034190834271424
CLT-PHX,2,304.7123187339469,177.0252099985502,1,True,0.5430759624302768
CLT-PHX,3,214.0,237.8342906842913,1,True,-0.10559815852068422
CLT-PHX,4,178.5029776436942,199.39935471175554,1,True,-0.1107043388149922
CLT-PHX,5,186.06666892722802,159.3928571847769,1,True,0.15473308986625156
CLT-PHX,6,201.06771159172058,163.56199322509767,1,True,0.20644964299129231
CLT-PHX,7,146.41304670061385,165.1897459763747,1,True,-0.1206630744354884
CLT-PHX,8,147.8145035538338,160.26131828527883,1,True,-0.08084758893934207
CLT-PHX,9,167.95587876263787,182.953563772857,1,True,-0.08553105226834212
CLT-PHX,10,168.73829719636015,179.04485753846987,1,True,-0.05928739781887593
CLT-PHX,11,179.6293067932129,187.18733941573132,1,True,-0.04121460973824398
CLT-PHX,12,168.42408033440876,223.23720178321366,1,True,-0.28174980482910783
CLT-PHX,13,177.77523873294993,206.37344107093654,1,True,-0.14916729968341258
CLT-PHX,14,226.81817924202264,215.34899300184827,1,True,0.051888788640323646
CLT-PHX,15,204.32258224487305,228.05234692845534,1,True,-0.10987516395096719
CLT-PHX,16,174.5566378596531,213.1996737691042,1,True,-0.19997990088492035
CLT-PHX,17,144.2952404688275,203.61324549943973,1,True,-0.34436085738898914
CLT-PHX,18,147.16630493229974,168.0134023916945,1,True,-0.13248047898063486
CLT-PHX,19,143.1674743948631,204.35349034154137,1,True,-0.3558361954638922
CLT-PHX,20,153.0559589915032,193.75083298188787,1,True,-0.2357693679190458
CLT-PHX,21,171.3645852804184,212.34259760821308,1,True,-0.2144076322463473
CLT-PHX,22,158.9512199587938,181.291899739697,1,True,-0.13151107555879893
CLT-PHX,23,167.78073120117188,179.57393048260664,1,True,-0.06792903661385807
CLT-PHX,24,144.0365447998047,169.64420223341463,1,True,-0.16363626506647933
CLT-SEA,1,290.3090897993608,274.6121461814809,1,True,0.05558645765849057
CLT-SEA,2,231.62441250080235,226.96694361999343,1,True,0.02031276412039862
CLT-SEA,3,219.86530562420282,224.03970794126874,1,True,-0.018808192050127737
CLT-SEA,4,204.04818835890435,224.6565713593454,1,True,-0.09621670323740972
CLT-SEA,5,171.5870812233914,200.79816457765912,1,True,-0.15720934725240276
CLT-SEA,6,229.52785350989737,198.4779225535207,1,True,0.1453465156436895
CLT-SEA,7,238.3161782657399,223.28450558084836,1,True,0.06515150404471814
CLT-SEA,8,200.387095163295,201.73683996367873,1,True,-0.006713103853884128
CLT-SEA,9,171.43648763396723,204.33333481920792,1,True,-0.17553979102049588
CLT-SEA,10,202.5888904147678,206.68724336349425,1,True,-0.020027993836026603
CLT-SEA,11,217.02218875299135,225.4309342526599,1,True,-0.038014233140273745
CLT-SEA,12,199.0079360235305,260.7107002690153,1,True,-0.2700666610293414
CLT-SEA,13,185.42932899933402,337.4627673372309,1,True,-0.5987813515132343
CLT-SEA,14,230.83333073105922,280.4420805946873,1,True,-0.1946712792280767
CLT-SEA,15,231.37865929923657,259.3732382904196,1,True,-0.11421251261216714
CLT-SEA,16,194.37059779196792,266.18181439864736,1,True,-0.31441295340867104
CLT-SEA,17,171.5420019878605,221.31250190734863,1,True,-0.25474759231971955
CLT-SEA,18,175.82452308703174,194.6968005049251,1,True,-0.10195700953401055
CLT-SEA,19,210.42350206218782,189.2514747364816,1,True,0.10604549162371057
CLT-SEA,20,191.47535071574467,231.9408446405975,1,True,-0.1917232757090499
CLT-SEA,21,180.44710387142038,270.4780255831205,1,True,-0.4047531772146016
CLT-SEA,22,191.6560821533203,226.4803934284285,1,True,-0.16695585088990939
CLT-SEA,23,206.0516815185547,243.57655451286354,1,True,-0.16730426687951194
CLT-SEA,24,197.6022796630859,240.23675717743015,1,True,-0.19536860331779948
CMH-HNL,1,341.9230696999815,365.0350930732593,1,True,-0.06540772500545344
CMH-HNL,2,319.2307704045222,328.1794871794872,1,True,-0.027646416286121855
CMH-HNL,3,346.6923114483173,337.32653372628346,1,True,0.027386272024700453
CMH-HNL,4,324.4793292589424,333.6767667519926,1,True,-0.027950926340388982
CMH-HNL,5,349.53333841959636,354.5428595842634,1,True,-0.014230294149368383
CMH-HNL,6,353.8,398.21678748497595,1,True,-0.11826476744112391
CMH-HNL,7,353.71999298095704,372.0579745527627,1,True,-0.05054406783839571
CMH-HNL,8,319.41406059265137,337.9715818925337,1,True,-0.056473558002242186
CMH-HNL,9,348.13009271389103,337.86525168993796,1,True,0.02992908719889531
CMH-HNL,10,355.0258586488921,396.68874030713215,1,True,-0.11096131563518341
CMH-HNL,11,407.98275862068965,407.56961407238924,1,True,0.0010131650583700136
CMH-HNL,12,405.6545393510298,400.4809248829616,1,True,0.012835771975969301
CMH-HNL,13,376.241368787042,389.0757529518821,1,True,-0.03354318662596256
CMH-HNL,14,404.3110995822483,390.93283604863865,1,True,0.0336488596781388
CMH-HNL,15,451.5074626865671,491.0116282618323,1,True,-0.0838759089555472
CMH-HNL,16,430.70369805230035,430.3220344155522,1,True,0.0008865325328919482
CMH-HNL,17,384.65117272665333,397.19549376982496,1,True,-0.03209170840109099
CMH-HNL,18,382.52777099609375,363.2429943619487,1,True,0.05172923827400666
CMH-HNL,19,571.5172119140625,416.96479432011995,1,True,0.31529280772245016
CMH-HNL,20,513.7272810502486,452.426669514974,1,True,0.12706684934569168
CMH-HNL,21,523.5714111328125,423.89907948905176,1,True,0.21117802513070139
CMH-HNL,22,425.9230651855469,439.41220698465827,1,True,-0.03117920879123126
CMH-HNL,23,463.6388854980469,451.9480523443841,1,True,0.025538740422943462
CMH-HNL,24,424.7826232910156,422.3157985084935,1,True,0.0058241915984629244
CMH-PDX,1,184.4683567481705,216.22593893266622,1,True,-0.1588459339389381
CMH-PDX,2,208.38709661012055,211.93704408363914,1,True,-0.01689187719632379
CMH-PDX,3,211.6774218159337,203.18537661494042,1,True,0.04094477302549837
CMH-PDX,4,183.07047333173304,192.80103272430657,1,True,-0.05178755973318605
CMH-PDX,5,175.1085697719029,195.5533974656781,1,True,-0.11042729469582113
CMH-PDX,6,212.4481642094743,221.64573915763822,1,True,-0.0423823122396314
CMH-PDX,7,206.54676182149984,228.3480461651684,1,True,-0.10034414701402383
CMH-PDX,8,202.87265843309268,223.69169924287456,1,True,-0.09769027731105595
CMH-PDX,9,167.26086462638227,199.10508340092028,1,True,-0.17427808534695277
CMH-PDX,10,179.09930942483143,213.809347619743,1,True,-0.17714426571085884
CMH-PDX,11,206.50847824010472,208.3825413284008,1,True,-0.009034063143085191
CMH-PDX,12,155.174532620412,199.94230865265106,1,True,-0.2534783678560544
CMH-PDX,13,168.3938200961669,211.47380364837298,1,True,-0.22779572762788725
CMH-PDX,14,178.69578625782427,224.40971024892863,1,True,-0.22778860285761127
CMH-PDX,15,193.61020898306242,219.9191888586267,1,True,-0.12741324970002488
CMH-PDX,16,167.61439776972205,209.7004816543653,1,True,-0.2240141448731201
CMH-PDX,17,159.18857631138394,192.66666584818756,1,True,-0.19087206175850913
CMH-PDX,18,193.0855993723591,202.32945585620496,1,True,-0.046763727756906626
CMH-PDX,19,266.27273178100586,233.09139866982736,1,True,0.13309044534286052
CMH-PDX,20,232.156461131816,243.7569433318244,1,True,-0.04876004914605048
CMH-PDX,21,274.2618945893787,249.24324076884503,1,True,0.09565417935780118
CMH-PDX,22,253.5465087890625,270.56443448410823,1,True,-0.06496300221023787
CMH-PDX,23,245.58653259277344,267.9266945688348,1,True,-0.08706405531756456
CMH-PDX,24,316.0,257.04338814601425,1,True,0.2064973174702356
CMH-SEA,1,172.95381807993692,197.8774391110561,1,True,-0.13462323330367632
CMH-SEA,2,185.77250289916992,203.88064257581507,1,True,-0.09301191478228699
CMH-SEA,3,205.06106263035187,200.19917678049703,1,True,0.023995046387377705
CMH-SEA,4,179.9002227783203,187.56419282346158,1,True,-0.04171876924216544
CMH-SEA,5,183.73590196558558,178.51748130816125,1,True,0.028812880228770155
CMH-SEA,6,215.8303061437125,216.20802917851728,1,True,-0.0017485630332449986
CMH-SEA,7,227.83536957531442,230.56440702440887,1,True,-0.011906941629688639
CMH-SEA,8,202.96746498488557,222.73498427320285,1,True,-0.09293695822187154
CMH-SEA,9,189.47044259808922,214.32142907446558,1,True,-0.12324385654009973
CMH-SEA,10,214.80129599519734,231.1559191565106,1,True,-0.07337906141862671
CMH-SEA,11,207.60991654829544,233.49763418427597,1,True,-0.11751102735992358
CMH-SEA,12,183.04877996677305,200.3656879074652,1,True,-0.09039146200776393
CMH-SEA,13,155.76373441926725,199.75235672716823,1,True,-0.24873804671368216
CMH-SEA,14,202.1426275367675,222.8111683054173,1,True,-0.09735110868000785
CMH-SEA,15,216.97019753866638,222.97405741349706,1,True,-0.02729542464694834
CMH-SEA,16,173.44517207418838,200.35478462244419,1,True,-0.14422817977180458
CMH-SEA,17,139.62529466972975,157.5695520436044,1,True,-0.12090459324195812
CMH-SEA,18,156.7707017060298,165.76257981982744,1,True,-0.055772283442062864
CMH-SEA,19,188.68893537740368,196.95956850009037,1,True,-0.04289865702849127
CMH-SEA,20,174.69210815429688,185.65411290730515,1,True,-0.06086029205251009
CMH-SEA,21,169.1618267391727,186.38503977598577,1,True,-0.09695882888834984
CMH-SEA,22,185.88135003558656,220.11490863302478,1,True,-0.16904115483122517
CMH-SEA,23,201.92727661132812,237.3429527494407,1,True,-0.16159853736613705
CMH-SEA,24,170.1086883544922,213.99560750176582,1,True,-0.22951791309936542
CMH-SFO,1,233.90797733236676,238.2492105381722,1,True,-0.018389450195367196
CMH-SFO,2,202.36686516936714,213.23611397213406,1,True,-0.052317853686091986
CMH-SFO,3,213.6993024065778,211.5733540681321,1,True,0.009998131860425197
CMH-SFO,4,193.3171526961342,214.86775326383287,1,True,-0.10569061935804491
CMH-SFO,5,178.572089971498,247.60174223434095,1,True,-0.32682919219876716
CMH-SFO,6,202.1493887552401,234.3252997953729,1,True,-0.14770334766820792
CMH-SFO,7,202.29473823413514,251.50456223858,1,True,-0.21773539537103304
CMH-SFO,8,220.72986288206272,245.6704035532314,1,True,-0.10705120066188378
CMH-SFO,9,250.62987399410892,270.82396329386853,1,True,-0.07749178263872114
CMH-SFO,10,232.3347617873818,269.87499141693115,1,True,-0.149779586661829
CMH-SFO,11,229.095477923676,253.62107849121094,1,True,-0.10170248536207893
CMH-SFO,12,199.02222391764323,257.26325709974367,1,True,-0.2566834108346816
CMH-SFO,13,249.91070801871166,231.50422240309575,1,True,0.07650557345525577
CMH-SFO,14,195.49070666004735,241.1418642301387,1,True,-0.2098725665332717
CMH-SFO,15,216.91700890252204,239.02625693455516,1,True,-0.09705857461305456
CMH-SFO,16,184.6339861801247,234.2109802995803,1,True,-0.23784692207534341
CMH-SFO,17,160.87059326171874,200.38551665689343,1,True,-0.21964282119919432
CMH-SFO,18,183.15736009626823,185.10840234047893,1,True,-0.010595937485610385
CMH-SFO,19,200.61481628417968,193.49320880248132,1,True,0.03614431741577384
CMH-SFO,20,180.12451243122266,218.8193163530106,1,True,-0.1945980023198013
CMH-SFO,21,194.51366528787247,213.05345714543603,1,True,-0.09104068759491835
CMH-SFO,22,188.7459259033203,231.4538358589853,1,True,-0.20397863722670095
CMH-SFO,23,178.90847778320312,223.81684622535093,1,True,-0.223953688833455
CMH-SFO,24,194.1242218017578,212.59462519122857,1,True,-0.09088891155498668
CMH-SJC,1,202.4845308913398,206.40725923353625,1,True,-0.019187710725422136
CMH-SJC,2,189.10219367925268,221.43828988255422,1,True,-0.15785637345927217
CMH-SJC,3,180.18934378539316,194.01972236106616,1,True,-0.0739516076116109
CMH-SJC,4,177.49593297446646,196.0530488598568,1,True,-0.09943758422458604
CMH-SJC,5,187.2395782470703,196.72874586591837,1,True,-0.0494368914108847
CMH-SJC,6,187.96609962592692,214.98677325374865,1,True,-0.13431488105378797
CMH-SJC,7,177.35861721696526,215.29549919308124,1,True,-0.1938377305342769
CMH-SJC,8,190.14999694824218,207.98056115959943,1,True,-0.08963140104551748
CMH-SJC,9,164.52830577346515,233.20666676839193,1,True,-0.34884241529432547
CMH-SJC,10,165.21176668054918,242.2161510404102,1,True,-0.38260242819052515
CMH-SJC,11,172.6600015258789,218.38085468237853,1,True,-0.2349162266726621
CMH-SJC,12,182.27586417362608,207.2331849170907,1,True,-0.12832337970320573
CMH-SJC,13,170.61224894620935,211.88122394897928,1,True,-0.21663242157776263
CMH-SJC,14,182.01315849705747,225.17991465803968,1,True,-0.21282071948280734
CMH-SJC,15,242.66070883614677,231.20206080397514,1,True,0.048372157457287734
CMH-SJC,16,186.12698533799914,215.32692180535733,1,True,-0.14572828213447142
CMH-SJC,17,157.79364619179378,174.52613362701098,1,True,-0.10078635067779818
CMH-SJC,18,197.6052599455181,191.8515982431908,1,True,0.02954925676706477
CMH-SJC,19,171.6140316076446,209.9626401703933,1,True,-0.20168165795392134
CMH-SJC,20,189.17856924874442,218.02663028875045,1,True,-0.14192583276960757
CMH-SJC,21,174.37254423253677,202.69803664263557,1,True,-0.1505232981633755
CMH-SJC,22,205.94285583496097,254.12568214291431,1,True,-0.2102302247779413
CMH-SJC,23,187.125,243.61927158460705,1,True,-0.2638298015620588
CMH-SJC,24,239.875,245.19210373727898,1,True,-0.021924045860347796
CMH-SMF,1,207.16250648498536,204.83532212286974,1,True,0.01129719115655714
CMH-SMF,2,203.02836782036098,217.35968515147334,1,True,-0.06820780436914209
CMH-SMF,3,189.16499938964844,204.47626628969383,1,True,-0.07783226463518922
CMH-SMF,4,199.64084195419096,182.83652022652004,1,True,0.0879275404677351
CMH-SMF,5,141.81746249728732,184.84555177538806,1,True,-0.2649798658265752
CMH-SMF,6,159.41764517391428,213.94035170705695,1,True,-0.2941697881464602
CMH-SMF,7,208.10884945408827,226.7356862797079,1,True,-0.08572370394161677
CMH-SMF,8,185.06944444444446,217.32625270534206,1,True,-0.16066856313318034
CMH-SMF,9,154.63871282762096,207.32070880466037,1,True,-0.29317540101241324
CMH-SMF,10,181.53603507377005,215.79833206176758,1,True,-0.1728901493516073
CMH-SMF,11,185.6782590119735,207.0457596913642,1,True,-0.10892444450554972
CMH-SMF,12,179.29495875955485,194.87317686386777,1,True,-0.08331670793750234
CMH-SMF,13,153.7142927987235,191.65899913580347,1,True,-0.22062210906542212
CMH-SMF,14,180.76744682844296,220.8264832286167,1,True,-0.20016586834968564
CMH-SMF,15,221.31745813763328,233.74923789537425,1,True,-0.054650774868670204
CMH-SMF,16,203.75714242117746,231.29652192597496,1,True,-0.12677172572105455
CMH-SMF,17,200.25773148684158,203.7589593446216,1,True,-0.01733252902186777
CMH-SMF,18,193.2910467119359,195.632573965824,1,True,-0.012041210258135315
CMH-SMF,19,207.16666539510092,203.48923861210594,1,True,0.01791049417338808
CMH-SMF,20,188.26785687037878,217.27407554343895,1,True,-0.14329385814347617
CMH-SMF,21,176.37254333496094,225.51324467943203,1,True,-0.2457804105088348
CMH-SMF,22,202.70115661621097,257.4642123548851,1,True,-0.23914796980787578
CMH-SMF,23,211.06863403320312,241.7324718742793,1,True,-0.13564826616888226
CMH-SMF,24,199.63414001464844,230.42828566714587,1,True,-0.14345329753006908
CMH-SNA,1,258.3478257552437,231.38507198504547,1,True,0.1102235378635541
CMH-SNA,2,226.2499994677166,250.04821889654633,1,True,-0.10001319462292546
CMH-SNA,3,249.3651717110966,236.55803271702356,1,True,0.05272481588443245
CMH-SNA,4,216.5517217701879,222.65897412422376,1,True,-0.027811918383537027
CMH-SNA,5,255.86000061035156,244.28571071872463,1,True,0.04629193643469964
CMH-SNA,6,207.66483298500816,249.15337582453628,1,True,-0.18214327384898166
CMH-SNA,7,182.5759100789175,246.30568228626703,1,True,-0.29940734327112395
CMH-SNA,8,171.31216769748264,210.84078449938505,1,True,-0.20761583849172638
CMH-SNA,9,187.07574971516928,211.18181769792423,1,True,-0.12120584415756852
CMH-SNA,10,180.42104985725365,232.33679230941803,1,True,-0.252894724796195
CMH-SNA,11,174.94949155865294,208.85497478208492,1,True,-0.1771427979401965
CMH-SNA,12,176.64814532244648,223.9015149492206,1,True,-0.23704641518388225
CMH-SNA,13,164.44067081085032,225.08830734653517,1,True,-0.31394296091436136
CMH-SNA,14,188.40200690648064,240.4361723500786,1,True,-0.24387664423301203
CMH-SNA,15,185.71738873357359,233.44607633702896,1,True,-0.22872501116077704
CMH-SNA,16,200.6060615308357,222.0141710289094,1,True,-0.10139812122408642
CMH-SNA,17,168.84971230567535,196.01631932825475,1,True,-0.14918887465873532
CMH-SNA,18,188.867649751551,193.4457450446382,1,True,-0.0239505818935708
CMH-SNA,19,215.24561733669705,214.0762425145359,1,True,0.005447557291478944
CMH-SNA,20,205.52427110394228,222.61894958249985,1,True,-0.07989742909728914
CMH-SNA,21,217.92307692307693,218.59812912985544,1,True,-0.003092874918973365
CMH-SNA,22,192.6590881347656,233.2797363886224,1,True,-0.19131607450835197
CMH-SNA,23,190.22000122070312,226.45295282147907,1,True,-0.1743559060635702
CMH-SNA,24,243.55435180664065,220.90171775877383,1,True,0.09762224174112433
COS-PHL,1,175.95348695267077,216.78824139763327,1,True,-0.2087013495664385
COS-PHL,2,159.7837819279851,227.165283203125,1,True,-0.3518563339989349
COS-PHL,3,191.02409142183973,222.91877723345297,1,True,-0.1544079242692824
COS-PHL,4,246.125,213.64753948274205,1,True,0.14151189151529575
COS-PHL,5,173.6233772178749,195.53846237685653,1,True,-0.11886864402197705
COS-PHL,6,200.73437523841858,184.31192471565456,1,True,0.08535295253337516
COS-PHL,7,225.0491780765721,202.2835839874116,1,True,0.10664835354363333
COS-PHL,8,191.76922607421878,199.84810319731508,1,True,-0.0412648924011112
COS-PHL,9,199.2291717529297,242.27692307692308,1,True,-0.19562560319662925
COS-PHL,10,191.68235778808594,210.95705231274565,1,True,-0.0958149537179862
COS-PHL,11,198.63095238095238,238.47263423483167,1,True,-0.18280597024921974
COS-PHL,12,191.34108680902528,222.30769573866263,1,True,-0.15000480885584722
COS-PHL,13,154.33333284111433,220.87755631427376,1,True,-0.35849374192314176
COS-PHL,14,160.33332851476837,238.5652201776919,1,True,-0.39738778142536724
COS-PHL,15,185.28169186014526,255.81745753212581,1,True,-0.32258680790625327
COS-PHL,16,176.07142475673132,252.2888943142361,1,True,-0.35968510170280865
COS-PHL,17,206.0,157.35210773306832,1,True,0.26939015017937695
COS-PHL,18,164.19354937153477,154.7883276278085,1,True,0.05898735566346769
COS-PHL,19,197.9107208251953,162.63590275691107,1,True,0.1963020471799819
COS-PHL,20,190.0,180.63398523268356,1,True,0.0505512692981922
COS-PHL,21,220.25,203.07142841572664,1,True,0.08120548354728285
COS-PHL,22,205.9600067138672,173.8199969482422,1,True,0.16966174432354464
COS-PHL,23,181.6499938964844,179.3215505107974,1,True,0.012901159203076773
COS-PHL,24,183.36111450195312,187.19047025650266,1,True,-0.020669144272886797
COS-RDU,1,140.7631627133018,177.58823190327564,1,True,-0.23238878552019582
COS-RDU,2,174.64485767400154,173.23293111410484,1,True,0.00811741570364255
COS-RDU,3,167.78350421079656,182.33051325911183,1,True,-0.08314656410001131
COS-RDU,4,183.65333048502603,189.44135783631125,1,True,-0.031029612243326454
COS-RDU,5,193.98437595367432,193.672218492296,1,True,0.0016104848121756277
COS-RDU,6,226.50561832042223,202.59430827619343,1,True,0.11156425154694283
COS-RDU,7,200.75510577766264,210.6877485433586,1,True,-0.04829138665526056
COS-RDU,8,166.51724558863145,196.35111762152778,1,True,-0.1648055918285527
COS-RDU,9,152.50602464790805,176.37073505680735,1,True,-0.14538412761603325
COS-RDU,10,159.33734755918204,191.288534654459,1,True,-0.18275930340784807
COS-RDU,11,184.31775800758433,202.36507670084634,1,True,-0.09341216273488673
COS-RDU,12,157.27778328789606,192.32733384825343,1,True,-0.20118522194010247
COS-RDU,13,173.54205764342692,229.68595646629646,1,True,-0.28029299206006986
COS-RDU,14,226.07216431922518,235.42221815321182,1,True,-0.040526315599922924
COS-RDU,15,207.5277745988634,252.97202839884724,1,True,-0.19801373872532402
COS-RDU,16,196.44000244140625,223.55307501254805,1,True,-0.12929180435422882
COS-RDU,17,226.68182442405006,210.50349661020132,1,True,0.07404511576592032
COS-RDU,18,188.51514642888853,186.52800445556642,1,True,0.01059697031789053
COS-RDU,19,177.2807079114412,180.33185563889225,1,True,-0.017064399172039835
COS-RDU,20,204.4255358107547,182.9304395592731,1,True,0.11109781222466975
COS-RDU,21,168.03333791097006,182.52206117966597,1,True,-0.08270864923010812
COS-RDU,22,175.11111450195312,201.61651011346618,1,True,-0.1409467158025155
COS-RDU,23,186.8372039794922,197.04185904569405,1,True,-0.053178517895724475
COS-RDU,24,203.36111450195312,193.07217147669837,1,True,0.05191922338470345
DCA-GEG,1,264.1238159179687,228.5730373082536,1,True,0.14456219551821192
DCA-GEG,2,271.6159322987432,251.185481779037,1,True,0.07819741739960673
DCA-GEG,3,297.53689923382444,279.8688459552702,1,True,0.061217162202862774
DCA-GEG,4,246.85555775960287,263.65217059591544,1,True,-0.06582731963624955
DCA-GEG,5,254.3309783935547,268.17021276595744,1,True,-0.05298541785881117
DCA-GEG,6,294.7079731088824,292.1465485671471,1,True,0.008729389355041306
DCA-GEG,7,344.03521900445645,273.87786818642655,1,True,0.22806176248762977
DCA-GEG,8,273.1171261899106,288.97701149425285,1,True,-0.0564464031069658
DCA-GEG,9,224.93129747696509,288.25961861243616,1,True,-0.24806651655568324
DCA-GEG,10,294.0828294020433,270.8520668526373,1,True,0.08228866725841488
DCA-GEG,11,257.11149803367823,319.73076782226565,1,True,-0.217969455803396
DCA-GEG,12,235.66168470999492,320.78571810041154,1,True,-0.30837611820363175
DCA-GEG,13,258.15503875968994,314.96550934890223,1,True,-0.19890280883685385
DCA-GEG,14,271.0436598598697,338.986211737271,1,True,-0.2236795188144569
DCA-GEG,15,255.54355507029888,317.1119930419922,1,True,-0.21586213678035548
DCA-GEG,16,213.07784924535693,313.75509939388354,1,True,-0.38695515501288824
DCA-GEG,17,222.11111077202693,337.90361519319464,1,True,-0.41958293702871163
DCA-GEG,18,215.79274176563,307.43749351501464,1,True,-0.3539533752830559
DCA-GEG,19,268.3904782249814,252.14569859788907,1,True,0.06243583893097693
DCA-GEG,20,251.67808888056507,282.14414070747995,1,True,-0.11426723178114706
DCA-GEG,21,220.86792913472877,287.27082920074463,1,True,-0.262860509393092
DCA-GEG,22,261.424072265625,262.13793145541484,1,True,-0.0027269344493348058
DCA-GEG,23,256.8999938964844,284.2727251919833,1,True,-0.10124719698243112
DCA-GEG,24,287.34783935546875,246.97142857142856,1,True,0.1514208095797267
DCA-GPT,1,200.0727274576823,161.87654189121577,1,True,0.21184698013129566
DCA-GPT,2,205.41666702997117,147.73529748355642,1,True,0.32961829654014885
DCA-GPT,3,204.04348224142322,149.89157067724022,1,True,0.3084209488199239
DCA-GPT,4,215.31731304755579,187.73134328358208,1,True,0.13710089902239986
DCA-GPT,5,195.86348920549665,174.46512018248092,1,True,0.11569309560581864
DCA-GPT,6,208.93650512695314,187.3913043478261,1,True,0.10883143541829998
DCA-GPT,7,201.24293138751875,171.82758541764883,1,True,0.15802122843987032
DCA-GPT,8,200.17500305175776,158.63333333333333,1,True,0.23259653974519168
DCA-GPT,9,201.90269775390624,133.3333307902018,1,True,0.4149336476952632
DCA-GPT,10,201.72896839747918,107.55555661519368,1,True,0.6289175360623984
DCA-GPT,11,186.58741461480415,107.62500190734863,1,True,0.5502468598744183
DCA-GPT,12,213.8013713261853,133.09756097560975,1,True,0.4739650121491863
DCA-GPT,13,216.55943885216342,177.56451908234627,1,True,0.1985310234562796
DCA-GPT,14,200.0292390522204,184.69565814474353,1,True,0.07975417180308586
DCA-GPT,15,224.65853956269055,170.04224814831372,1,True,0.2785347228424522
DCA-GPT,16,211.01492218473064,176.97029385708348,1,True,0.17594696505741858
DCA-GPT,17,202.80555725097656,195.10000762939453,1,True,0.03873538722569947
DCA-GPT,18,186.86170017972907,169.77778116861978,1,True,0.09587835964298996
DCA-GPT,19,196.66666934364721,160.1999984741211,1,True,0.2050872367339993
DCA-GPT,20,196.91667073567712,169.89999389648438,1,True,0.14757065530880276
DCA-GPT,21,163.6666717529297,175.99999830457898,1,True,-0.07265211520170389
DCA-GPT,22,206.8848419189453,172.99999820484834,1,True,0.1788707351090819
DCA-GPT,23,193.40206909179688,177.31250286102295,1,True,0.08685755276721974
DCA-GPT,24,170.022216796875,188.2,1,True,-0.10157611159938362
DCA-HNL,1,401.85491658739477,412.06809140469164,1,True,-0.025097486627577048
DCA-HNL,2,365.8922382223195,429.641344738409,1,True,-0.16061191968250554
DCA-HNL,3,373.11606706891735,424.4062550226847,1,True,-0.12880160213250047
DCA-HNL,4,389.0860119891423,409.6732803580514,1,True,-0.05155953515842171
DCA-HNL,5,383.82082443237306,422.8221202997061,1,True,-0.0967757305632091
DCA-HNL,6,375.5388997395833,408.46168360216865,1,True,-0.08403605175774054
DCA-HNL,7,379.6494839068541,476.72935408845956,1,True,-0.2277005217461907
DCA-HNL,8,374.3478285511088,465.4232438070732,1,True,-0.21776180526543687
DCA-HNL,9,442.4322059760659,500.2624692741654,1,True,-0.12284565336161268
DCA-HNL,10,490.2896551724138,520.5706625976562,1,True,-0.059929288454593
DCA-HNL,11,436.84209803531047,496.2023790147569,1,True,-0.12741206764109947
DCA-HNL,12,465.2658281929885,497.89800046095206,1,True,-0.0677863219174073
DCA-HNL,13,460.65540952940245,460.891351805558,1,True,-0.0005120571005399199
DCA-HNL,14,515.5669382651021,497.4639379787631,1,True,0.035744078675274515
DCA-HNL,15,467.3282872980291,582.8540148766212,1,True,-0.2209047703348972
DCA-HNL,16,411.4242364132043,501.89761912027996,1,True,-0.1987712653928977
DCA-HNL,17,371.9591747465588,464.4087125532854,1,True,-0.2219809075833341
DCA-HNL,18,329.8915693903544,486.41648012141593,1,True,-0.3883011890444594
DCA-HNL,19,413.1063849266539,545.5739731647559,1,True,-0.27813325183594184
DCA-HNL,20,665.7954406738281,473.5476530131269,1,True,0.3407299297204416
DCA-HNL,21,536.2100219726562,460.13573689149416,1,True,0.1530043902087712
DCA-HNL,22,461.3021545410156,441.4045231021951,1,True,0.044091520194995404
DCA-HNL,23,447.5135192871094,469.32114870104766,1,True,-0.047580538182370624
DCA-HNL,24,472.2543029785156,467.21830249887654,1,True,0.010721012378053452
DCA-LIT,1,171.1656983841297,177.4,1,True,-0.03577498614834873
DCA-LIT,2,195.21271677180434,172.31915348134143,1,True,0.12474151833812819
DCA-LIT,3,182.83285267414897,162.47618611653647,1,True,0.11804091804091943
DCA-LIT,4,248.65320497249513,273.1904805501302,1,True,-0.09411010826582
DCA-LIT,5,274.36842568223324,243.25714285714287,1,True,0.1203527375766491
DCA-LIT,6,219.18676563019451,259.06382978723406,1,True,-0.1671503009148987
DCA-LIT,7,218.15610404036164,291.44116973876953,1,True,-0.2896272862339888
DCA-LIT,8,160.66826981764572,214.7,1,True,-0.2898999014338983
DCA-LIT,9,176.7045388655229,189.99999861283735,1,True,-0.07254499901881672
DCA-LIT,10,167.95023062865658,148.64285714285714,1,True,0.12212119247729536
DCA-LIT,11,167.4690440586635,209.76923311673679,1,True,-0.2252095139796637
DCA-LIT,12,172.14359887025998,197.91666793823242,1,True,-0.13951706745544268
DCA-LIT,13,237.45555623372397,274.6000061035156,1,True,-0.1453350412448966
DCA-LIT,14,219.99494795365766,214.26087089206862,1,True,0.026410286764781077
DCA-LIT,15,246.10967860068044,283.04545177112925,1,True,-0.13983020717050643
DCA-LIT,16,212.7333338419596,191.88635947487572,1,True,0.10313610850295696
DCA-LIT,17,200.81528516635774,217.6296262387876,1,True,-0.0804091494417527
DCA-LIT,18,188.29937847749687,205.85714372907364,1,True,-0.08914931622584099
DCA-LIT,19,173.52336491379782,198.51724506246632,1,True,-0.1345637148316312
DCA-LIT,20,184.60752277989542,196.97142769949778,1,True,-0.06482660813520802
DCA-LIT,21,173.5657858597605,208.2340451504322,1,True,-0.18210596744750873
DCA-LIT,22,205.5431095649456,164.615383206881,1,True,0.22204404884258633
DCA-LIT,23,196.88194274902344,192.5483863584457,1,True,0.022256793866060498
DCA-LIT,24,173.28842163085938,173.90769371619592,1,True,-0.0035672792100722717
DCA-PDX,1,231.38888804117838,223.3966555841788,1,True,0.03515087704556308
DCA-PDX,2,256.3905377811229,216.1934892540599,1,True,0.1705280299426537
DCA-PDX,3,240.51703740642535,226.79121546591483,1,True,0.05876109005355534
DCA-PDX,4,219.2772591849354,207.11741103817093,1,True,0.05705111721033784
DCA-PDX,5,240.68594379267418,204.77658629787723,1,True,0.16157338396611287
DCA-PDX,6,263.90687101027544,244.93527323734156,1,True,0.07460229481451108
DCA-PDX,7,251.44897336375956,248.31854007564294,1,True,0.012527721973409456
DCA-PDX,8,238.40839945086995,234.05318603515624,1,True,0.018436786886868894
DCA-PDX,9,282.55413215782994,228.31234602844086,1,True,0.21315552032212182
DCA-PDX,10,290.38709874306954,251.27716365673487,1,True,0.14465828856187102
DCA-PDX,11,271.1803338723104,278.57159518212393,1,True,-0.026891062375185903
DCA-PDX,12,291.5224454918686,262.99136123877093,1,True,0.10299581816088743
DCA-PDX,13,303.7448164315059,256.27654723321155,1,True,0.1699308052175832
DCA-PDX,14,299.5767899340737,285.78864887354155,1,True,0.047118230782571935
DCA-PDX,15,314.0707024468316,298.9682031563001,1,True,0.04928090381318473
DCA-PDX,16,274.6473455014436,266.52705954159006,1,True,0.030012119526142023
DCA-PDX,17,236.82906002468533,233.90856805145307,1,True,0.01240831100113482
DCA-PDX,18,277.7157287597656,265.04263255392857,1,True,0.04670734149418099
DCA-PDX,19,391.04820196312596,269.96961451019416,1,True,0.3705214172509752
DCA-PDX,20,364.5384544959435,271.2111536272245,1,True,0.2957343630224587
DCA-PDX,21,325.047607421875,258.40262028592747,1,True,0.22945274369450086
DCA-PDX,22,305.85260009765625,257.5093957683384,1,True,0.17204707901203076
DCA-PDX,23,288.6070556640625,260.9009897321083,1,True,0.1009251082753595
DCA-PDX,24,290.4347839355469,252.84533013757118,1,True,0.13860109671880938
DCA-SNA,1,293.65853807402823,224.67595366089225,1,True,0.2677584990684627
DCA-SNA,2,251.8859643768846,229.62557955271637,1,True,0.09252639533675833
DCA-SNA,3,292.025637113131,236.21176576053395,1,True,0.21211288152086194
DCA-SNA,4,241.64814023618345,223.3958092629542,1,True,0.07853757459171362
DCA-SNA,5,287.54761977422805,223.81654527707207,1,True,0.2505617585217266
DCA-SNA,6,248.7243254790435,228.9744014890175,1,True,0.08273494314195418
DCA-SNA,7,261.6356004617982,248.6775437071452,1,True,0.05079564568752204
DCA-SNA,8,290.6595747927402,262.5686267457422,1,True,0.10164025320906767
DCA-SNA,9,188.28251689004256,227.121880422999,1,True,-0.18754320730831964
DCA-SNA,10,211.91627381790516,257.9137111871237,1,True,-0.19643381437321672
DCA-SNA,11,197.6168565421269,238.70522029364287,1,True,-0.1888993147272826
DCA-SNA,12,239.69229983719143,253.47324336951888,1,True,-0.05590225186494191
DCA-SNA,13,307.3718007405599,248.72648883613087,1,True,0.21170423782544034
DCA-SNA,14,241.6355125213338,278.30986163619235,1,True,-0.14130465900435762
DCA-SNA,15,200.10156726837158,276.93970073255883,1,True,-0.32497472161938123
DCA-SNA,16,166.000001453218,229.6193457176937,1,True,-0.3244351221373316
DCA-SNA,17,226.0246883439429,223.90243997548006,1,True,0.00943381260789078
DCA-SNA,18,167.22442370122022,204.1935818269291,1,True,-0.19973170966764897
DCA-SNA,19,187.21628180350967,197.34246851897967,1,True,-0.05267610260746025
DCA-SNA,20,158.75458149333576,190.48765435238434,1,True,-0.182227888760651
DCA-SNA,21,187.85713542958416,189.520001499721,1,True,-0.008812811745574578
DCA-SNA,22,202.8148193359375,217.49202651612495,1,True,-0.06986884746489253
DCA-SNA,23,212.6836700439453,210.5232913686622,1,True,0.010209649831749879
DCA-SNA,24,261.8351135253906,219.98673460780782,1,True,0.17414772065848627
DEN-ORF,1,211.45901739401896,154.83181630914862,1,True,0.3116917367738745
DEN-ORF,2,192.85989903251905,162.3767350638012,1,True,0.17204485308575457
DEN-ORF,3,200.44000396728518,190.2005744212678,1,True,0.052435799686888274
DEN-ORF,4,192.2285651382135,176.90333948525355,1,True,0.08308162863873214
DEN-ORF,5,206.23333168029785,170.53214160374233,1,True,0.1900844130914514
DEN-ORF,6,239.89629414876302,181.65414760423744,1,True,0.2781021308927416
DEN-ORF,7,147.66242446413466,184.46067686616703,1,True,-0.2225075545171844
DEN-ORF,8,150.97985921770135,210.6870742590249,1,True,-0.3332275270152856
DEN-ORF,9,179.68868255615234,193.36013043271768,1,True,-0.07332859880186593
DEN-ORF,10,179.4311614105667,198.90679623501973,1,True,-0.10304472189966951
DEN-ORF,11,172.21925533519072,189.26755748225693,1,True,-0.09439325668618714
DEN-ORF,12,170.26244620068582,205.5261763328033,1,True,-0.18823235677797623
DEN-ORF,13,193.46428789411272,201.20809336756005,1,True,-0.03924672615142111
DEN-ORF,14,193.87547498019237,223.24164857839864,1,True,-0.14103873924969257
DEN-ORF,15,220.32602383126286,237.83432902261882,1,True,-0.07646595885153129
DEN-ORF,16,189.3155507405599,224.8239166665315,1,True,-0.17190229972863236
DEN-ORF,17,150.81818320534447,167.7355903237553,1,True,-0.10631384586318582
DEN-ORF,18,158.06039950991638,177.84677305529195,1,True,-0.11794511867938429
DEN-ORF,19,161.8098574356294,181.07798204801134,1,True,-0.11250585217415754
DEN-ORF,20,203.21854749262727,214.75733467610678,1,True,-0.05522672619874491
DEN-ORF,21,169.24192810058594,185.13954020655433,1,True,-0.08978059365820812
DEN-ORF,22,185.03138732910156,187.45585068344334,1,True,-0.013017882737189623
DEN-ORF,23,194.1294708251953,193.1746062021407,1,True,0.004930836592425436
DEN-ORF,24,184.640625,210.8790374673823,1,True,-0.13287331866257546
DEN-RDU,1,162.0956790358932,135.67931973278183,1,True,0.17789261395372957
DEN-RDU,2,160.80843387374782,140.02024980877417,1,True,0.13842675119207026
DEN-RDU,3,168.11499147636945,150.1676219359107,1,True,0.11289606857856871
DEN-RDU,4,186.26298067167207,155.97770009427458,1,True,0.17744650079469704
DEN-RDU,5,159.91983534414558,172.29035021930957,1,True,-0.07450847569602814
DEN-RDU,6,202.72774485642998,179.93211880770596,1,True,0.11928425851283375
DEN-RDU,7,180.45423490879898,183.57743518964378,1,True,-0.017159369203106678
DEN-RDU,8,153.30612338319116,171.38082655984593,1,True,-0.11145140732371317
DEN-RDU,9,149.8024954201912,152.41428907939365,1,True,-0.017284669930687002
DEN-RDU,10,174.35157824064555,166.61479480001972,1,True,0.04538929510918077
DEN-RDU,11,170.44329444649293,171.09219564895284,1,True,-0.0037999095384524395
DEN-RDU,12,178.04191479711474,187.41031762325403,1,True,-0.05128142601618979
DEN-RDU,13,157.37165330693045,198.72443098349515,1,True,-0.23330886970283515
DEN-RDU,14,195.67346957459742,200.7632449825868,1,True,-0.025679029749253957
DEN-RDU,15,177.7981421429178,193.77496670828634,1,True,-0.08604864647626265
DEN-RDU,16,160.8121361365685,209.09511955864994,1,True,-0.2625524385527447
DEN-RDU,17,122.76278439435092,162.9062255929746,1,True,-0.2829208210422882
DEN-RDU,18,135.46975186616757,164.9239043970375,1,True,-0.19673580010991198
DEN-RDU,19,152.45346559889225,167.8033082453329,1,True,-0.09593310337812877
DEN-RDU,20,167.9011270587364,181.93220716142386,1,True,-0.0802588528222552
DEN-RDU,21,153.92795439474446,176.24741680539887,1,True,-0.13540412081957331
DEN-RDU,22,173.71304311337678,182.85463488012329,1,True,-0.05128673194998257
DEN-RDU,23,173.2305145263672,192.51802883052986,1,True,-0.1055666441263785
DEN-RDU,24,165.65032958984375,198.5736416920577,1,True,-0.18128090379910589
DTW-SAV,1,184.59259033203125,108.01951111584175,1,True,0.5358393129292836
DTW-SAV,2,229.11863708496097,140.73093787223235,1,True,0.4873901099537541
DTW-SAV,3,189.87037037037038,146.76870561457005,1,True,0.2574836616633158
DTW-SAV,4,198.42372131347656,171.15384243696164,1,True,0.1478419353534619
DTW-SAV,5,199.5483856201172,158.80689444706357,1,True,0.22836777757578375
DTW-SAV,6,242.5909118652344,166.5128228603265,1,True,0.3763042137806645
DTW-SAV,7,193.01333618164065,162.9687518119812,1,True,0.16920081015064525
DTW-SAV,8,211.2784881591797,146.24223479276858,1,True,0.36791272306823064
DTW-SAV,9,178.4761962890625,173.51538637601413,1,True,0.028188960466968283
DTW-SAV,10,190.96969604492188,161.9850765626822,1,True,0.16461054500258232
DTW-SAV,11,166.6148681640625,143.6187066277154,1,True,0.14852305330783278
DTW-SAV,12,172.03509521484375,143.32999801635742,1,True,0.18254884785105663
DTW-SAV,13,205.90565490722656,167.65555504692927,1,True,0.20550647084513418
DTW-SAV,14,183.36170959472656,166.45389897772606,1,True,0.09674236912421996
DTW-SAV,15,173.5370330810547,168.9108909380318,1,True,0.027019720453372642
DTW-SAV,16,172.4525604248047,213.1075255691364,1,True,-0.2116746665932805
DTW-SAV,17,271.1538391113281,196.2833335876465,1,True,0.32312713689733386
DTW-SAV,18,256.1836853027344,210.69999725341796,1,True,0.19545940012381813
DTW-SAV,19,229.33621215820312,182.0857142857143,1,True,0.2307115683769858
DTW-SAV,20,222.73553466796875,191.01449142677194,1,True,0.15363582796713438
DTW-SAV,21,265.4591979980469,181.7333308919271,1,True,0.3789207512950723
DTW-SAV,22,218.13934326171875,201.99999943485966,1,True,0.07686635326509172
DTW-SAV,23,240.35780334472656,201.33333333333334,1,True,0.17716675113548774
DTW-SAV,24,266.9339599609375,171.62820610633264,1,True,0.44167074204074286
DTW-SLC,1,206.29310252748687,186.1705075452954,1,True,0.10263502430604898
DTW-SLC,2,220.59155337911255,173.76190839494978,1,True,0.23862679715921775
DTW-SLC,3,202.61110814412436,173.47058817919563,1,True,0.1552803538330929
DTW-SLC,4,198.26056273554408,182.9087453051665,1,True,0.08059477003747872
DTW-SLC,5,208.7441181949785,181.40122159192615,1,True,0.1403979151198076
DTW-SLC,6,234.56067469130002,196.19187244942518,1,True,0.17862117365789132
DTW-SLC,7,235.23308121530633,216.40555213645652,1,True,0.08342265409360206
DTW-SLC,8,210.32115456205128,194.3754614223778,1,True,0.07884401314819467
DTW-SLC,9,301.4768422444661,190.24174627887047,1,True,0.46039759249445034
DTW-SLC,10,291.8784966156862,192.06064598180342,1,True,0.41852642154935893
DTW-SLC,11,302.0000116468052,207.82471040747632,1,True,0.37373206996838526
DTW-SLC,12,246.0442517710998,198.21556742319802,1,True,0.21615624217975693
DTW-SLC,13,246.59429969651848,206.89882442888276,1,True,0.17551457197419396
DTW-SLC,14,275.76024676763524,208.1502467564174,1,True,0.28127165795768505
DTW-SLC,15,261.1900874366445,227.42437215212013,1,True,0.13843069356943705
DTW-SLC,16,195.75397503565227,176.35857389658224,1,True,0.10433936722336146
DTW-SLC,17,133.7629611545139,164.6970438685667,1,True,-0.2080384015314607
DTW-SLC,18,150.3023216779842,133.8413649103249,1,True,0.11599348889761352
DTW-SLC,19,170.04877676614902,149.60582183541604,1,True,0.1280813372544829
DTW-SLC,20,237.39999389648438,183.48046481609344,1,True,0.2576382534061237
DTW-SLC,21,288.29412841796875,198.04040404040404,1,True,0.37551016752708755
DTW-SLC,22,308.359375,193.89486698066693,1,True,0.4639498153472372
DTW-SLC,23,306.1739196777344,203.81414517489347,1,True,0.4069447799352188
DTW-SLC,24,356.53570556640625,188.5831395803117,1,True,0.6368954222738576
EWR-GEG,1,220.37255320829505,238.91011458836246,1,True,-0.08076785380240192
EWR-GEG,2,244.11538872352014,270.2738140651158,1,True,-0.10179455317327424
EWR-GEG,3,235.77948561448318,278.74258664574955,1,True,-0.16739174219962116
EWR-GEG,4,247.65060645413686,245.5797156734743,1,True,0.00839730591072918
EWR-GEG,5,307.3999918619792,265.39603945288326,1,True,0.1469266057796501
EWR-GEG,6,309.7692413330078,265.6991103180742,1,True,0.1534631331771772
EWR-GEG,7,325.6090115425282,308.18018595377606,1,True,0.05501267922613895
EWR-GEG,8,299.9324349068307,285.5071356637137,1,True,0.0492902099619128
EWR-GEG,9,310.3636446866122,260.13540744781494,1,True,0.1765423640492756
EWR-GEG,10,306.6282137357272,286.63636419122867,1,True,0.0674215948383301
EWR-GEG,11,311.9196409497942,331.8985533783401,1,True,-0.06208376653285619
EWR-GEG,12,303.62500762939453,277.0416670905219,1,True,0.0916254948655828
EWR-GEG,13,224.92523478570385,291.205484886692,1,True,-0.2582610944650856
EWR-GEG,14,317.33606757492316,298.9411865234375,1,True,0.05971450894158892
EWR-GEG,15,335.22122516463287,289.20618179163984,1,True,0.14765082195419854
EWR-GEG,16,283.6000006103516,269.3759455860109,1,True,0.05145682566218124
EWR-GEG,17,405.3333435058594,278.9764766917509,1,True,0.3735823336206563
EWR-GEG,18,235.19608052571616,235.67200317382813,1,True,-0.0020214698199030323
EWR-GEG,19,274.7407413058811,249.4509739595301,1,True,0.09656549537491621
EWR-GEG,20,256.81480662027997,229.4526327032792,1,True,0.11265861358352147
EWR-GEG,21,404.55555555555554,239.47422035453246,1,True,0.5243432992200621
EWR-GEG,22,282.0980529785156,276.7395849227905,1,True,0.019177778741501506
EWR-GEG,23,308.741943359375,270.6990300150751,1,True,0.13149817985215595
EWR-GEG,24,237.3409118652344,286.9883628667787,1,True,-0.1899441131845485
EWR-SMF,1,186.9,245.12445178302616,1,True,-0.2711923335732518
EWR-SMF,2,236.93799052866854,250.23159902373706,1,True,-0.05458842155557253
EWR-SMF,3,230.8110587124451,259.9725094918059,1,True,-0.11897644451689882
EWR-SMF,4,216.0125853340581,246.8284775486941,1,True,-0.13335700110269322
EWR-SMF,5,231.73786126294183,266.0101088706893,1,True,-0.1379274868436351
EWR-SMF,6,247.22749061042103,278.7210438465411,1,True,-0.1199025114297978
EWR-SMF,7,226.68254307338165,274.74418802356405,1,True,-0.19228988934964342
EWR-SMF,8,228.49764821227168,251.8948237398431,1,True,-0.09748571628456926
EWR-SMF,9,224.47126454320448,242.77428053808336,1,True,-0.07838442357388509
EWR-SMF,10,270.7192961040296,267.93459536737913,1,True,0.010339572736072
EWR-SMF,11,280.0621758495588,280.57992990486684,1,True,-0.001847004344424974
EWR-SMF,12,265.4418718204942,280.5908265840023,1,True,-0.05550159680632305
EWR-SMF,13,337.99998609325553,313.6017402382784,1,True,0.07492201664874365
EWR-SMF,14,306.21153376652643,329.23159690956015,1,True,-0.07248529514636015
EWR-SMF,15,275.7333321126302,336.04528860416053,1,True,-0.19781172773362599
EWR-SMF,16,236.66999572753906,299.5412060709998,1,True,-0.2355852432439285
EWR-SMF,17,263.2539609878782,290.11110858971574,1,True,-0.09714478528321813
EWR-SMF,18,221.20513047438396,272.78538160504036,1,True,-0.209594874836176
EWR-SMF,19,232.87151051100406,277.49498903201913,1,True,-0.17531603105814675
EWR-SMF,20,194.17319126235705,235.25044984559756,1,True,-0.19190019139087955
EWR-SMF,21,252.0,231.11607142857142,1,True,0.0865090294705162
EWR-SMF,22,291.24627685546875,269.9470313443976,1,True,0.07594346192275392
EWR-SMF,23,251.4107208251953,277.56401697588507,1,True,-0.0989636586476923
EWR-SMF,24,258.02667236328125,279.7128311747689,1,True,-0.08070051310024695
FLL-LIT,1,157.00366473634602,188.54053847854203,1,True,-0.18304389466235715
FLL-LIT,2,115.93516236112599,169.45000343322755,1,True,-0.37952682863848963
FLL-LIT,3,137.66165723298727,166.7333309173584,1,True,-0.19159679979260336
FLL-LIT,4,182.08500198364257,310.6,1,True,-0.5340322888026625
FLL-LIT,5,180.48360680752114,202.4594623462574,1,True,-0.11489972792481051
FLL-LIT,6,170.58952544766223,211.5249984741211,1,True,-0.21508295273805533
FLL-LIT,7,170.66225155457758,217.33333333333334,1,True,-0.24174580701917137
FLL-LIT,8,191.94630892964818,183.16666949236836,1,True,0.046819191327023724
FLL-LIT,9,179.00000386298458,180.31428506033762,1,True,-0.00731552904643884
FLL-LIT,10,144.66396773488898,197.3636358087713,1,True,-0.31063430522071567
FLL-LIT,11,157.7539267015707,176.21621044262037,1,True,-0.11067531647313089
FLL-LIT,12,160.4126969594804,196.81333333333333,1,True,-0.20450588259961044
FLL-LIT,13,213.9224090576172,202.73214040483748,1,True,0.05372777244560911
FLL-LIT,14,169.04698027540374,204.34328836469507,1,True,-0.18962469956119143
FLL-LIT,15,158.16410358135516,208.13888549804688,1,True,-0.2745724513314709
FLL-LIT,16,156.8918901048265,201.8076876126803,1,True,-0.25175823230310534
FLL-LIT,17,151.9649104068154,217.91666221618652,1,True,-0.36046306467919376
FLL-LIT,18,189.9772713401101,181.26595842077376,1,True,0.046939104160801826
FLL-LIT,19,155.56896656957167,185.8378405871692,1,True,-0.17778532044028683
FLL-LIT,20,152.1020448645767,206.30951999482653,1,True,-0.30482592198974867
FLL-LIT,21,159.4,218.45881778492648,1,True,-0.3151807534586579
FLL-LIT,22,207.30096435546875,198.78947015059623,1,True,0.041925345640629885
FLL-LIT,23,179.05987548828125,181.34374976158142,1,True,-0.012674150233492831
FLL-LIT,24,198.8972015380859,212.97777642144098,1,True,-0.06839970814840157
FLL-MEM,1,184.01508089765233,156.44754839276933,1,True,0.16229691588689032
FLL-MEM,2,183.94156131496678,161.12281384384423,1,True,0.13245121252197745
FLL-MEM,3,191.0648124129684,165.792790180928,1,True,0.14187394577254597
FLL-MEM,4,178.37300957573785,167.8245630096971,1,True,0.06095775110802837
FLL-MEM,5,198.53233679017023,167.30968027422506,1,True,0.17110552451400274
FLL-MEM,6,201.53845932137253,175.0584427474381,1,True,0.1408603515642266
FLL-MEM,7,179.22500228881836,151.50000505323533,1,True,0.16805635420546583
FLL-MEM,8,191.79844547242158,158.91617314687034,1,True,0.18806820719416972
FLL-MEM,9,189.1869164582725,161.55191440269596,1,True,0.15790895989663678
FLL-MEM,10,187.17391304347825,165.50296580297706,1,True,0.12304908601644993
FLL-MEM,11,210.37499866485595,147.43678748470614,1,True,0.35549212166815636
FLL-MEM,12,223.48611111111111,157.67361153496637,1,True,0.3488221227988628
FLL-MEM,13,269.9750091552734,160.74467507220328,1,True,0.5185121589841577
FLL-MEM,14,247.03390037407308,173.33216345727027,1,True,0.3543158020886876
FLL-MEM,15,221.78048706054688,159.1428509997083,1,True,0.3318858628350023
FLL-MEM,16,220.5257700497342,177.23428370884486,1,True,0.2185420649198173
FLL-MEM,17,225.62178841615335,188.83333253860476,1,True,0.17799530722787882
FLL-MEM,18,204.94309637798523,117.52966276265805,1,True,0.5560416111941366
FLL-MEM,19,216.8510618818567,116.03488682591637,1,True,0.6253198727292029
FLL-MEM,20,226.6610107421875,183.0226059391,1,True,0.21384588164861373
FLL-MEM,21,229.75,223.31250490461073,1,True,0.028419603489175493
FLL-MEM,22,216.0628204345703,179.52201900842056,1,True,0.1852713317692496
FLL-MEM,23,214.01290893554688,162.8991935483871,1,True,0.27290477032860494
FLL-MEM,24,220.05172729492188,166.13432691583586,1,True,0.2810659833625664
GEG-IAD,1,230.5952351888021,274.04385054738896,1,True,-0.17262418712372796
GEG-IAD,2,258.1111117892795,220.98581560283688,1,True,0.1552916413962624
GEG-IAD,3,281.47222222222223,245.38532250080632,1,True,0.1372040450142773
GEG-IAD,4,283.0612213757573,288.97691110464245,1,True,-0.02068358835242634
GEG-IAD,5,330.0,253.35576835045447,1,True,0.26429795449129045
GEG-IAD,6,318.57574462890625,281.85271459771684,1,True,0.12247561763225878
GEG-IAD,7,345.18519422743054,310.46875381469727,1,True,0.10599780339756659
GEG-IAD,8,237.62499809265137,283.81168930251874,1,True,-0.17761715961775426
GEG-IAD,9,203.9746783292746,243.67716619536637,1,True,-0.17784839957132093
GEG-IAD,10,251.33846341646634,251.01427648635138,1,True,0.0012906746569409933
GEG-IAD,11,202.7142835344587,266.6709463005392,1,True,-0.27421797014653126
GEG-IAD,12,210.54400134277344,230.99494664355962,1,True,-0.09270117049518145
GEG-IAD,13,314.9180377897669,267.76230608830684,1,True,0.16221273808978598
GEG-IAD,14,257.1046447753906,307.321101827359,1,True,-0.17840995513504154
GEG-IAD,15,245.53509708873014,299.93391519286035,1,True,-0.2001222690185207
GEG-IAD,16,205.8571434020996,258.92307408650714,1,True,-0.22934855674248844
GEG-IAD,17,221.83333333333334,237.03030950372866,1,True,-0.06626167199246247
GEG-IAD,18,194.25373521491662,258.52940937117035,1,True,-0.28584423883628585
GEG-IAD,19,197.96428898402624,256.82610022503394,1,True,-0.26031254728007625
GEG-IAD,20,185.31506452168503,248.718315661793,1,True,-0.29426356570282763
GEG-IAD,21,196.8000030517578,239.00943741708429,1,True,-0.19431503812763395
GEG-IAD,22,191.8115997314453,272.611105855306,1,True,-0.35153262002750196
GEG-IAD,23,215.84722900390625,263.7940002572383,1,True,-0.2005976121778268
GEG-IAD,24,207.1315765380859,237.48077333890475,1,True,-0.1367324390507969
GEG-PHL,1,199.38383098563762,219.93406040065895,1,True,-0.09809601007108171
GEG-PHL,2,211.36363875964457,228.30120610616294,1,True,-0.07708577995076649
GEG-PHL,3,234.85430857677332,269.6374931335449,1,True,-0.1381130804711015
GEG-PHL,4,247.5916666666667,238.1328080892563,1,True,0.03895234858940988
GEG-PHL,5,215.86486651446367,239.47272408225317,1,True,-0.1037869295286864
GEG-PHL,6,295.67857360839844,247.1572027747808,1,True,0.17924838167445767
GEG-PHL,7,273.3106007431493,247.20740949842664,1,True,0.1003811812851989
GEG-PHL,8,215.66279318166335,221.60000601103812,1,True,-0.027157936845042308
GEG-PHL,9,210.49999478968178,216.93693432507214,1,True,-0.030121057700350562
GEG-PHL,10,271.4625932343152,225.78571567838154,1,True,0.18423796297077288
GEG-PHL,11,239.41596664300485,260.1821707200634,1,True,-0.08317955697078094
GEG-PHL,12,202.20886539507512,244.97500762939453,1,True,-0.19185504535637143
GEG-PHL,13,213.75641162578876,259.6630454685377,1,True,-0.19454770826423395
GEG-PHL,14,213.15811568040115,272.0335588903235,1,True,-0.24389121949982684
GEG-PHL,15,234.24567875317635,260.6164974471898,1,True,-0.1066794945269578
GEG-PHL,16,207.52765970433012,216.59638921898528,1,True,-0.04277103358844947
GEG-PHL,17,209.3793143787603,229.2548989688649,1,True,-0.09068697210104748
GEG-PHL,18,193.77894311202203,228.11904671078636,1,True,-0.16314958650518996
GEG-PHL,19,223.04424954304653,246.39893876745344,1,True,-0.0995817444798659
GEG-PHL,20,207.59155402385016,257.97435486622345,1,True,-0.2172877136665159
GEG-PHL,21,204.1666679382324,249.25641090849527,1,True,-0.19954546932869466
GEG-PHL,22,237.50735473632812,255.62499551212088,1,True,-0.07351291893449652
GEG-PHL,23,265.62091064453125,275.682690180265,1,True,-0.03718038673638979
GEG-PHL,24,231.58119201660156,249.12345895649474,1,True,-0.07301805919752091
GEG-PIT,1,273.7037048339844,246.41860039289608,1,True,0.10501443464971949
GEG-PIT,2,250.8541717529297,251.71739196777344,1,True,-0.0034352164986701794
GEG-PIT,3,275.558837890625,281.6808439214179,1,True,-0.021973497419486065
GEG-PIT,4,215.5,283.93182719837534,1,True,-0.2757732547258289
GEG-PIT,5,244.9333343505859,261.9444334242079,1,True,-0.06714632627445827
GEG-PIT,6,378.2727355957031,229.10416730244955,1,True,0.5014386790090244
GEG-PIT,7,316.7959289550781,245.28925619834712,1,True,0.25581965765253933
GEG-PIT,8,235.1081085205078,257.78312719873634,1,True,-0.09207319455547669
GEG-PIT,9,226.19444274902344,213.46031746031747,1,True,0.05794404681868848
GEG-PIT,10,270.6458333333333,262.30303230670967,1,True,0.031310630829263886
GEG-PIT,11,230.77273316816851,300.59999084472656,1,True,-0.2643470597266049
GEG-PIT,12,220.67442286291788,259.5921028538754,1,True,-0.16242314835080762
GEG-PIT,13,206.77777777777777,263.8214362008231,1,True,-0.243627816966284
GEG-PIT,14,239.3623181771541,276.8999940490723,1,True,-0.14567802904857974
GEG-PIT,15,238.10344582042475,292.9098394425189,1,True,-0.207159620905343
GEG-PIT,16,284.79998779296875,254.61110729641385,1,True,0.11204982504553929
GEG-PIT,18,292.37499237060547,243.59258995527102,1,True,0.18254008233954178
GEG-PIT,19,371.26530923648755,271.19802826229886,1,True,0.3140676406467682
GEG-PIT,20,258.8333384195964,283.14736874229027,1,True,-0.08978312614036899
GEG-PIT,21,183.50000190734863,331.17142508370534,1,True,-0.590421463978962
GEG-PIT,22,228.6041717529297,263.27184999336316,1,True,-0.1411951481620335
GEG-PIT,23,242.40350341796875,276.87411989865603,1,True,-0.13295925496360805
GEG-PIT,24,244.11111450195312,267.728072317023,1,True,-0.0923483009270063
GEG-RDU,1,243.637680053711,223.4705810546875,1,True,0.08640242689827815
GEG-RDU,2,254.61333801269532,249.1666717529297,1,True,0.021624035850835277
GEG-RDU,3,267.2716064453125,227.6282012156951,1,True,0.16055179245416706
GEG-RDU,4,257.9705866645364,257.55999328613285,1,True,0.0015928966435314607
GEG-RDU,5,231.15516662597656,246.8545498934659,1,True,-0.06571009433325958
GEG-RDU,6,290.2386408719149,235.2040754045759,1,True,0.2102499408678744
GEG-RDU,7,294.7878709272905,196.81528545792696,1,True,0.4039903644624463
GEG-RDU,8,223.95530947893025,210.29268515982278,1,True,0.06294622147397089
GEG-RDU,9,215.38970677992876,200.8333304723104,1,True,0.06997361459252538
GEG-RDU,10,253.04268953276843,236.8536586606406,1,True,0.06611573141094329
GEG-RDU,11,263.6220514492726,246.58677635508135,1,True,0.06680248866815752
GEG-RDU,12,216.6831047165562,249.22619265601747,1,True,-0.13992494908999475
GEG-RDU,13,236.45614222476357,209.84809894803203,1,True,0.11937881495712865
GEG-RDU,14,301.13966531593707,265.974360539363,1,True,0.12417424631779639
GEG-RDU,15,293.34966123354184,275.652633827611,1,True,0.062223780590646705
GEG-RDU,16,286.81651544133456,316.7500082651774,1,True,-0.0992701530066098
GEG-RDU,17,219.99065334997445,241.6666717529297,1,True,-0.09397432655615567
GEG-RDU,18,282.40623712539673,246.59459459459458,1,True,0.1356009207532276
GEG-RDU,19,286.5982814691006,223.85416094462076,1,True,0.24708674649915174
GEG-RDU,20,251.58441162109375,227.48935910488692,1,True,0.1006751017842138
GEG-RDU,21,217.6371612548828,225.53192138671875,1,True,-0.035632428953604744
GEG-RDU,22,282.2073059082031,258.8666697184245,1,True,0.08632878778004471
GEG-RDU,23,348.2716064453125,296.8194419013129,1,True,0.1598586394446091
GEG-RDU,24,197.875,268.9038514357347,1,True,-0.3067183679005412
GPT-LGA,1,186.87301369318885,155.88505834820626,1,True,0.18131038480714334
GPT-LGA,2,170.8962281425044,148.22368421052633,1,True,0.1423340067450436
GPT-LGA,3,173.92981974283853,164.289158832596,1,True,0.05702384415260475
GPT-LGA,4,209.22472150138256,170.7422674120087,1,True,0.20325368541677058
GPT-LGA,5,181.4270796775818,166.01934863675027,1,True,0.08874946849707843
GPT-LGA,6,187.50334976503515,157.16190752301898,1,True,0.17652017858903957
GPT-LGA,7,197.85714435577393,146.5909016349099,1,True,0.29989955213150843
GPT-LGA,8,186.52136986887353,139.64789076254402,1,True,0.28942162773102353
GPT-LGA,9,193.11110658998842,122.15625,1,True,0.4579647420838615
GPT-LGA,10,193.23913109820822,120.49397277832034,1,True,0.4723287099431941
GPT-LGA,11,150.92308145040994,129.44828287760416,1,True,0.15348887130574784
GPT-LGA,12,199.29824481094093,142.39285278320312,1,True,0.3362126138219157
GPT-LGA,13,205.55931944766286,155.11688232421875,1,True,0.28155573913974585
GPT-LGA,14,203.76851654052734,186.73239565567232,1,True,0.08730807405277297
GPT-LGA,15,201.15554809570312,171.3709746330015,1,True,0.16024783093919215
GPT-LGA,16,169.09091186523438,160.3285675048828,1,True,0.053211253822077254
GPT-LGA,17,135.3230743408203,225.62500190734863,1,True,-0.5112092748439139
GPT-LGA,18,130.34523555210657,138.16666666666666,1,True,-0.05827409738786482
GPT-LGA,19,156.22222851950025,242.0,1,True,-0.4376581908125514
GPT-LGA,20,184.89583015441895,189.16666666666666,1,True,-0.022835874444724347
GPT-LGA,21,255.0,161.7142828078497,1,True,0.45543245342327143
GPT-LGA,22,172.03822326660156,159.9736882259971,1,True,0.07270732729544171
GPT-LGA,23,158.74026489257812,180.74999618530273,1,True,-0.12984552755292889
GPT-LGA,24,153.2083282470703,163.68750095367432,1,True,-0.06616051033913806
GPT-MCI,1,158.23077359042324,141.4,1,True,0.11246180628145197
GPT-MCI,2,172.9473629332425,178.78125,1,True,-0.03317570376912915
GPT-MCI,3,189.46666971842444,177.36842346191406,1,True,0.06598406589847272
GPT-MCI,4,185.64515653220556,201.48780562237997,1,True,-0.0818917705117066
GPT-MCI,5,145.47878408721,177.1034480127795,1,True,-0.19670375175178023
GPT-MCI,6,157.77674134720203,184.50000047683716,1,True,-0.15646846175373774
GPT-MCI,7,167.0599969482422,173.76785169328963,1,True,-0.0393672116653212
GPT-MCI,8,172.99999830457898,162.06976566758266,1,True,0.06526468990031908
GPT-MCI,9,181.70768949068508,170.03703590675636,1,True,0.0663830226156179
GPT-MCI,10,196.8787869540128,184.99999816894533,1,True,0.062232429536138945
GPT-MCI,11,176.1224477339764,166.60000427246095,1,True,0.05558372351664165
GPT-MCI,12,195.4393978696881,154.0952402750651,1,True,0.2376794914478193
GPT-MCI,13,215.57143075125558,176.33333333333334,1,True,0.20091617663420092
GPT-MCI,14,186.5576917208158,221.84211008172286,1,True,-0.17322538275617294
GPT-MCI,15,180.1999969482422,236.16666539510092,1,True,-0.2704704368395925
GPT-MCI,16,160.89999389648438,178.72972931733003,1,True,-0.10509175665830384
GPT-MCI,17,188.18182095614347,163.13207518379645,1,True,0.14284847829321823
GPT-MCI,18,170.793103974441,192.15789855153938,1,True,-0.11786451665860564
GPT-MCI,19,154.23809814453125,168.83333384195964,1,True,-0.09041453774148955
GPT-MCI,20,130.8333282470703,136.91666730244955,1,True,-0.045448263214385776
GPT-MCI,21,159.1250057220459,185.20312333106995,1,True,-0.15176309387146958
GPT-MCI,22,190.25,200.69354887931576,1,True,-0.05344011544133398
GPT-MCI,23,151.5,159.30303608287466,1,True,-0.05022265068561804
GPT-MCI,24,157.23809814453125,165.96226530255012,1,True,-0.05399923982054755
GPT-MCO,1,189.3888854980469,125.28888702392578,1,True,0.4131803293191805
GPT-MCO,2,183.51613149335307,140.98147583007812,1,True,0.26367406902048707
GPT-MCO,3,166.9999965122768,141.27450561523438,1,True,0.16728894547216644
GPT-MCO,4,199.1609184878996,148.06044006347656,1,True,0.2964925643649847
GPT-MCO,5,219.73584790499706,135.652587890625,1,True,0.4823290169765402
GPT-MCO,6,195.76470642089845,127.99010203144336,1,True,0.4249605275855526
GPT-MCO,7,188.5789465653269,126.38554382324222,1,True,0.40017962719467537
GPT-MCO,8,165.51786259242468,115.43362939885232,1,True,0.36038339250981277
GPT-MCO,9,220.43103053652007,127.51078796386722,1,True,0.5473838867760517
GPT-MCO,10,191.6491276255825,126.95238037109375,1,True,0.41185418146523656
GPT-MCO,11,184.86440600379038,126.83333587646484,1,True,0.3767487071414495
GPT-MCO,12,181.19999572753906,124.83158111572266,1,True,0.3726358922956834
GPT-MCO,13,205.6046529370685,168.46575927734375,1,True,0.19922264423567615
GPT-MCO,14,177.0517233486833,164.1875,1,True,0.07543284474839318
GPT-MCO,15,221.44444274902344,180.40425921501,1,True,0.20497151803126723
GPT-MCO,16,191.41818237304688,156.33871459960938,1,True,0.2024355702996763
GPT-MCO,17,181.60215759277344,143.16666412353516,1,True,0.23780891212132182
GPT-MCO,19,170.04000732421875,132.5,1,True,0.24945110113781688
GPT-MCO,20,206.88372660792152,170.0,1,True,0.19635849119040394
GPT-MCO,21,253.6666717529297,156.4999974568685,1,True,0.4829650955143805
GPT-MCO,22,168.17591857910156,164.7,1,True,0.0208849287562769
GPT-MCO,23,186.3000030517578,145.73913308848506,1,True,0.2455400301070192
GPT-MCO,24,169.63076782226562,177.07692190317007,1,True,-0.04296010424115693
GPT-STL,1,216.10959280353703,231.28571428571428,1,True,-0.06786815151842074
GPT-STL,2,216.45782470703125,283.0714220319475,1,True,-0.26830351705607836
GPT-STL,3,296.0833282470703,376.87499237060547,1,True,-0.24127261818307488
GPT-STL,4,270.3513563001478,243.83333587646484,1,True,0.10323749042414754
GPT-STL,5,214.7741955172631,275.14285932268416,1,True,-0.24770322840827053
GPT-STL,6,235.05194369229403,250.13043876316237,1,True,-0.06217601014048668
GPT-STL,7,271.1935474026588,213.74193843718498,1,True,0.23806337082824136
GPT-STL,8,217.87500508626297,200.13333740234376,1,True,0.0849376957623571
GPT-STL,9,238.5769277719351,267.2857237316313,1,True,-0.11362640592805207
GPT-STL,10,228.19354887931578,239.21052069413034,1,True,-0.04714983650694915
GPT-STL,11,175.31249618530273,163.68749737739563,1,True,0.06861096771168995
GPT-STL,12,190.81249618530273,180.06666819254556,1,True,0.05796408933886266
GPT-STL,13,203.6923088660607,218.57692014254056,1,True,-0.07052742449295302
GPT-STL,14,197.13792945598735,235.56521838644275,1,True,-0.17808417766992513
GPT-STL,15,200.3333282470703,247.55555725097656,1,True,-0.21165241008150648
GPT-STL,16,220.15789794921875,179.05660463728995,1,True,0.20664302399150358
GPT-STL,17,311.8999938964844,230.28260537852412,1,True,0.3033753303421305
GPT-STL,18,287.875,243.15384263258713,1,True,0.16883201786837798
GPT-STL,19,270.0,231.6999979654948,1,True,0.15297853634081804
GPT-STL,20,153.0,197.1111108689081,1,True,-0.25332966291210646
GPT-STL,21,136.0,191.73239135742188,1,True,-0.34344571904252863
GPT-STL,22,217.5,188.7916660308838,1,True,0.141554739577189
GPT-STL,23,217.6666717529297,163.4074076899776,1,True,0.2867183478772306
GPT-STL,24,178.9705810546875,238.85294117647058,1,True,-0.2886266129824975
HNL-LGA,1,314.3057889071378,335.57143624441966,1,True,-0.0654684964223593
HNL-LGA,2,311.4977251285881,339.231109890408,1,True,-0.08528957994808017
HNL-LGA,3,328.3538926359895,384.46477798676824,1,True,-0.15776021232485604
HNL-LGA,4,339.9838680144279,372.25252263232915,1,True,-0.09067427878844114
HNL-LGA,5,288.69564454451853,389.71345689561633,1,True,-0.3000387430574456
HNL-LGA,6,338.0466609700521,413.1678261923623,1,True,-0.2006699330767061
HNL-LGA,7,347.5930741215165,404.73819991345056,1,True,-0.15220796977934103
HNL-LGA,8,373.3116978236608,390.4938987173685,1,True,-0.0449986231906907
HNL-LGA,9,341.2909151944247,374.531254529953,1,True,-0.09294001884613312
HNL-LGA,10,362.3193277310924,435.6257418805396,1,True,-0.1842575407489777
HNL-LGA,11,407.0406464367378,428.3287139153398,1,True,-0.05097787511859586
HNL-LGA,12,418.3378419618349,496.5568183552135,1,True,-0.17140857427486722
HNL-LGA,13,405.66666739327565,455.2427190391763,1,True,-0.11529891904509793
HNL-LGA,14,430.5469970703125,444.92999404907226,1,True,-0.032860466565520774
HNL-LGA,15,404.51163287495456,503.6772997122837,1,True,-0.21925528991943644
HNL-LGA,16,415.05882352941177,442.0612319634886,1,True,-0.06302815270640494
HNL-LGA,17,346.7894694010417,432.3239458110971,1,True,-0.22045730239492034
HNL-LGA,18,357.79070867494096,356.7803512308639,1,True,0.0028278730390169926
HNL-LGA,19,492.3599853515625,363.8404902358728,1,True,0.30249456853524403
HNL-LGA,20,487.0740661621094,487.3846125676082,1,True,-0.000637372159108196
HNL-LGA,21,588.7000122070312,469.26667643229166,1,True,0.2267455234534701
HNL-LGA,22,502.30908203125,409.46720911244876,1,True,0.20435880682350582
HNL-LGA,23,453.7875061035156,408.78723884744846,1,True,0.10443421796677566
HNL-LGA,24,547.3599853515625,440.17213264840547,1,True,0.21794083349335036
HNL-PHL,1,373.37592562338466,367.00475245884485,1,True,0.017210958155002842
HNL-PHL,2,340.77032395217947,374.78435690174933,1,True,-0.09514209874616508
HNL-PHL,3,332.3194742903542,371.9134637669963,1,True,-0.11256442474113193
HNL-PHL,4,346.1840944170453,375.22766801550034,1,True,-0.08056225810824458
HNL-PHL,5,332.13773715995745,371.8324976015331,1,True,-0.1128937237590506
HNL-PHL,6,358.87647076775045,385.1883132736404,1,True,-0.07075410338512711
HNL-PHL,7,324.09661747292046,362.33425401719234,1,True,-0.11152546601984081
HNL-PHL,8,344.34132577130896,372.99079585909624,1,True,-0.0799203518365168
HNL-PHL,9,325.26342674993697,343.4300133405413,1,True,-0.05434794730748749
HNL-PHL,10,344.7387307656778,383.66616774768363,1,True,-0.10698599165114775
HNL-PHL,11,319.4745186804049,380.85061217517386,1,True,-0.17572968731118443
HNL-PHL,12,328.26973828736527,407.56391568291457,1,True,-0.2163621254349204
HNL-PHL,13,348.3150018310547,419.6268624181686,1,True,-0.18625864555842586
HNL-PHL,14,393.88398456046605,444.52468944598377,1,True,-0.12094918721472414
HNL-PHL,15,382.6329649735926,484.3834691451768,1,True,-0.23580067093511659
HNL-PHL,16,384.0749188953587,454.908623359222,1,True,-0.16925893615247922
HNL-PHL,17,437.8230799748348,433.67520845853363,1,True,0.009519015451353141
HNL-PHL,18,451.58163016183033,408.0534022062728,1,True,0.1013581006161477
HNL-PHL,19,440.8749983651297,445.63469783138464,1,True,-0.010738168398256143
HNL-PHL,20,430.70967840379285,458.3902856919372,1,True,-0.06228671026232213
HNL-PHL,21,396.9053955078125,457.5561074425752,1,True,-0.1422015625941322
HNL-PHL,22,389.515625,460.96566097930776,1,True,-0.16841957206904112
HNL-PHL,23,397.29052734375,461.26325578071277,1,True,-0.149301113803471
HNL-PHL,24,465.2756042480469,451.31550687902114,1,True,0.030463260609074005
HNL-SDF,1,281.000011867947,317.6666666666667,1,True,-0.1226479034176613
HNL-SDF,2,339.1249933242798,314.3571515764509,1,True,0.07583898636118303
HNL-SDF,3,334.9791564941406,362.25,1,True,-0.07826627073190906
HNL-SDF,4,322.7800024414062,461.1538391113282,1,True,-0.35676071055720104
HNL-SDF,5,337.56817626953125,366.0,1,True,-0.0808658397272195
HNL-SDF,6,387.1818274295691,447.5454462224787,1,True,-0.1448836673532723
HNL-SDF,7,395.79487414237786,414.50000762939453,1,True,-0.046176910522627956
HNL-SDF,8,377.6290263514365,409.5,1,True,-0.08102460134207323
HNL-SDF,9,337.8367353166853,380.0,1,True,-0.11760850554219981
HNL-SDF,10,390.430244268373,372.375,1,True,0.04734791045457509
HNL-SDF,11,423.52778455946174,438.22222900390625,1,True,-0.03410703493358369
HNL-SDF,12,460.74999237060547,514.8888888888889,1,True,-0.11109554766481278
HNL-SDF,13,461.10001373291016,470.4,1,True,-0.01996842758882522
HNL-SDF,14,425.0952308291481,418.5238095238095,1,True,0.01557943552186547
HNL-SDF,15,483.29412841796875,467.6666564941406,1,True,0.032869660155935065
HNL-SDF,16,443.1666564941406,493.8125,1,True,-0.10820999142216436
HNL-SDF,17,486.5384521484375,404.27584944100215,1,True,0.185218496226228
HNL-SDF,18,769.0,396.85186202437797,1,True,0.6615279019692393
HNL-SDF,21,488.0,380.8571472167969,1,True,0.24789104272285378
HNL-SDF,22,420.3846130371094,453.0,1,True,-0.07472208791811852
HNL-SDF,23,524.3333129882812,373.5,1,True,0.3392095710155436
HNL-SDF,24,307.1666564941406,499.6666564941406,1,True,-0.4865507337513808
IAD-MEM,1,214.85293938131895,134.90598766620343,1,True,0.4653756430232203
IAD-MEM,2,210.24038784320538,133.87762104381216,1,True,0.45132547319060734
IAD-MEM,3,245.47058464499082,174.83490386099186,1,True,0.3393349997822357
IAD-MEM,4,216.13433405178696,174.80487978555323,1,True,0.2122297520553058
IAD-MEM,5,255.89230698805588,168.14117270076977,1,True,0.419952739910328
IAD-MEM,6,292.1204749417592,193.8867892859117,1,True,0.40989187425150764
IAD-MEM,7,190.5076904296875,171.80644925025203,1,True,0.10332401532465418
IAD-MEM,8,227.22034131066275,169.42045922712848,1,True,0.2935366636723815
IAD-MEM,9,285.9166721767849,187.93220744159936,1,True,0.419619113258511
IAD-MEM,10,316.8793092924973,159.359218634448,1,True,0.6873600829211579
IAD-MEM,11,218.36841837565103,165.3791232266269,1,True,0.27794307419579667
IAD-MEM,12,285.66666759144175,169.37579394297995,1,True,0.5227057540577142
IAD-MEM,13,229.13513266073687,194.02097549971998,1,True,0.16634565411826063
IAD-MEM,14,265.03448065396014,191.58119377723108,1,True,0.3245482260413617
IAD-MEM,15,228.8888914320204,195.47727217240768,1,True,0.15779257776347233
IAD-MEM,16,235.80644964402723,198.04,1,True,0.1745423094159131
IAD-MEM,17,216.98113610609522,217.4852990543141,1,True,-0.00232083831438068
IAD-MEM,18,209.7796589479608,202.43503221414858,1,True,0.03563873027363762
IAD-MEM,19,187.5,185.2243930723609,1,True,0.012210819817872753
IAD-MEM,20,228.3000030517578,186.45794720516025,1,True,0.20245483739920456
IAD-MEM,21,238.1351318359375,189.04081269348558,1,True,0.23087536144310583
IAD-MEM,22,284.70269775390625,204.22758883772227,1,True,0.33221046646952335
IAD-MEM,23,228.06593322753903,237.3473727577611,1,True,-0.0398900079002269
IAD-MEM,24,258.0384521484375,211.48251577524042,1,True,0.19896628581158016
IAD-SDF,1,125.94736641331723,143.99999551212088,1,True,-0.13394917560930697
IAD-SDF,2,134.41666497124567,132.65934049166165,1,True,0.013159923057179945
IAD-SDF,3,105.07407633463542,136.3793076263077,1,True,-0.26077443996325833
IAD-SDF,4,122.81944052378337,169.09876901132088,1,True,-0.31976766259131484
IAD-SDF,5,159.0576905470628,182.8024725266445,1,True,-0.13913921474413993
IAD-SDF,6,178.63157814427427,226.7808181553671,1,True,-0.23865853011038762
IAD-SDF,7,250.25641377766928,216.8627442004634,1,True,0.14322140913500903
IAD-SDF,8,148.76667073567708,132.50238986220657,1,True,0.11577842835922514
IAD-SDF,9,137.79545801336116,131.1076906644381,1,True,0.04975134568993145
IAD-SDF,10,135.5619857409769,138.49411483465457,1,True,-0.021398837495882894
IAD-SDF,11,132.9861094156901,133.56442045434122,1,True,-0.004339229386238763
IAD-SDF,12,134.16438606993793,140.5971199968736,1,True,-0.04683268569344978
IAD-SDF,13,170.500003390842,154.44737350731566,1,True,0.09888190284724452
IAD-SDF,14,154.89830689511058,143.3622498804209,1,True,0.07739417403010407
IAD-SDF,15,186.33333881084735,193.0851104952765,1,True,-0.03559386483753624
IAD-SDF,16,212.69230534480164,167.08333281314734,1,True,0.2413538586184627
IAD-SDF,17,189.7142791748047,157.25926130789298,1,True,0.1876233572249264
IAD-SDF,18,158.6153846153846,191.33333819354021,1,True,-0.18753482593786597
IAD-SDF,19,147.61111365424262,185.6296327379015,1,True,-0.22917226166387117
IAD-SDF,20,244.5,182.54347195832625,1,True,0.29222696174671814
IAD-SDF,21,146.88888549804688,192.64646218039772,1,True,-0.2711802869384776
IAD-SDF,22,181.0,193.99431428042325,1,True,-0.06933181953514911
IAD-SDF,23,184.0,186.68943682368499,1,True,-0.014510712996806951
IAD-SDF,24,206.9375,176.54930028781084,1,True,0.1588166561931983
IND-JAX,1,124.31494147640535,111.57798125474096,1,True,0.10809446635551012
IND-JAX,2,117.01695012956466,116.54545426802201,1,True,0.004037434905174386
IND-JAX,3,110.19125849822831,114.9054069519043,1,True,-0.04189167204052868
IND-JAX,4,131.90368606956417,118.27513234241088,1,True,0.10905846481863524
IND-JAX,5,126.54223181701161,124.46881413603693,1,True,0.01652090514842275
IND-JAX,6,132.19625966794024,130.62162391731331,1,True,0.011982857260560031
IND-JAX,7,106.1088405790783,112.36575086726698,1,True,-0.05729381820871016
IND-JAX,8,101.51020327198263,119.6297195396135,1,True,-0.16424198350493757
IND-JAX,9,113.27450726079006,117.20334519381728,1,True,-0.0340962787390513
IND-JAX,10,122.328174224948,118.11475086038448,1,True,0.0350507691025701
IND-JAX,11,113.3487702663328,110.47122362534778,1,True,0.025714460536343076
IND-JAX,12,125.91521571818136,108.72839339770407,1,True,0.14675582050448366
IND-JAX,13,142.80740356445312,115.34028893680481,1,True,0.2136101009792526
IND-JAX,14,129.37777387830945,122.49308390105884,1,True,0.05468203395464677
IND-JAX,15,102.46501125223747,112.81747215140071,1,True,-0.09624983536085807
IND-JAX,16,101.92988005623795,122.08266589355469,1,True,-0.18041327811187635
IND-JAX,17,104.23512864585639,106.14823384004481,1,True,-0.018187350045068662
IND-JAX,18,109.82716052522383,106.56111973703266,1,True,0.030189147324204413
IND-JAX,19,108.49999811457492,102.70604916128596,1,True,0.05487913912508002
IND-JAX,20,115.47565654511754,120.32503350534101,1,True,-0.04113695174168619
IND-JAX,21,125.54823457605697,122.95896610070511,1,True,0.020839333208657607
IND-JAX,22,152.4229703659177,139.798422529566,1,True,0.08645781011018361
IND-JAX,23,144.72222900390625,138.7220493340344,1,True,0.04234395705897498
IND-JAX,24,149.5896453857422,146.57608720530635,1,True,0.02035118758684007
IND-MSY,1,141.16172877422497,143.12772790071006,1,True,-0.013831188050176024
IND-MSY,2,145.81601612702076,146.84239522270533,1,True,-0.0070142067608749414
IND-MSY,3,144.23377059342025,135.38617762123667,1,True,0.0633041204223197
IND-MSY,4,219.79394059614702,168.48598244925526,1,True,0.2658379176633101
IND-MSY,5,179.1538478411161,172.6666664875729,1,True,0.036881969286647553
IND-MSY,6,172.4589357237885,178.90102321377387,1,True,-0.036673555614642694
IND-MSY,7,155.73199658203126,169.6474834414695,1,True,-0.08558609807685436
IND-MSY,8,163.61592123170212,149.7486469165699,1,True,0.08856353613656509
IND-MSY,9,174.84435482989954,166.49164652312285,1,True,0.04895104007019935
IND-MSY,10,170.3515365131886,160.4834022047114,1,True,0.059673639641299125
IND-MSY,11,147.37134122071902,153.1182094488662,1,True,-0.03825470163243416
IND-MSY,12,168.6015309300916,159.3795045974182,1,True,0.05624994612225276
IND-MSY,13,179.21120400264346,161.46666920979817,1,True,0.10426628216154743
IND-MSY,14,170.03788375854492,167.8280940665639,1,True,0.013081051940165622
IND-MSY,15,163.33870902112736,148.44531118869781,1,True,0.0956093986798674
IND-MSY,16,145.85796548594598,153.72463683344893,1,True,-0.05252962033787778
IND-MSY,17,142.07252310250553,144.35416445908723,1,True,-0.01593210212761864
IND-MSY,18,153.85714333398002,163.34913594147255,1,True,-0.059865317218300795
IND-MSY,19,140.2151444879661,153.0338472336989,1,True,-0.0874811313101489
IND-MSY,20,164.43231660934515,151.87047726585752,1,True,0.07947100202173019
IND-MSY,21,154.15882550407858,162.58122950254364,1,True,-0.05319434534056988
IND-MSY,22,177.09205627441406,174.1300952207695,1,True,0.016866995790344674
IND-MSY,23,154.62423706054688,161.6405540501467,1,True,-0.04437717131104435
IND-MSY,24,169.9316864013672,171.18972952025277,1,True,-0.007375959196878945
IND-VPS,1,155.35344643428408,142.0,1,True,0.08987576295652833
IND-VPS,4,202.0000020345052,132.5,1,True,0.42168506204673584
IND-VPS,5,188.86274449965532,289.0,1,True,-0.4254061564565088
IND-VPS,6,223.1707341263934,276.3333333333333,1,True,-0.21367076406234897
IND-VPS,7,187.04673310752227,278.3333435058594,1,True,-0.39746097743248043
IND-VPS,9,184.26922724797174,266.4,1,True,-0.36860105891391104
IND-VPS,10,189.92000549316407,254.2,1,True,-0.2915183989704282
IND-VPS,11,181.74510013355928,284.25,1,True,-0.44724897595561686
IND-VPS,12,188.86868609804097,351.79998779296875,1,True,-0.6220108065683316
IND-VPS,13,216.25555216471355,171.83333333333334,1,True,0.22993580544361336
IND-VPS,14,191.94736494097796,185.55555555555554,1,True,0.03386686543729933
IND-VPS,15,188.74999475479126,210.55555725097656,1,True,-0.10932618789249116
IND-VPS,16,178.0350885223924,325.0,1,True,-0.601844524934239
IND-VPS,17,154.57142421177454,148.90908813476562,1,True,0.03732030916268325
IND-VPS,18,151.71428026471818,192.65217391304347,1,True,-0.23888733844370602
IND-VPS,19,155.25,164.95238458542596,1,True,-0.06062013317012571
IND-VPS,20,160.6,187.49999782017298,1,True,-0.1548620322720602
IND-VPS,21,261.0,181.52777989705405,1,True,0.36311170804581483
IND-VPS,22,229.4166717529297,230.61905343191964,1,True,-0.005227352360298809
IND-VPS,23,287.0,193.83333418104382,1,True,0.39248352809561293
JAX-MEM,1,184.8205108642578,133.8531487738336,1,True,0.3226418482384954
JAX-MEM,2,186.46258544921875,137.35325925246528,1,True,0.3056744629440358
JAX-MEM,3,206.625,148.94000049591065,1,True,0.3273620125290888
JAX-MEM,4,202.2530059814453,162.74456057341203,1,True,0.2173375599757943
JAX-MEM,5,226.92958068847656,168.8248246464416,1,True,0.29577811533290266
JAX-MEM,6,240.41378784179688,176.6379341914736,1,True,0.30825948676837633
JAX-MEM,7,267.0,154.9425303141276,1,True,0.5441943824009163
JAX-MEM,8,226.25,142.04730307089315,1,True,0.46548046023343836
JAX-MEM,9,301.3721008300781,168.50000357922212,1,True,0.5814099456120259
JAX-MEM,10,237.64515686035156,158.98507531009503,1,True,0.40196829171625126
JAX-MEM,11,241.2599945068359,150.24359003702799,1,True,0.47361725684649514
JAX-MEM,12,272.5423583984375,151.08571384974888,1,True,0.5899467285306166
JAX-MEM,13,234.796875,166.50537831296202,1,True,0.3436931675873085
JAX-MEM,14,298.3928527832031,175.44846013649223,1,True,0.5310655909046424
JAX-MEM,15,244.4385986328125,177.71901028215393,1,True,0.3187604379608784
JAX-MEM,16,221.8554229736328,178.93477647200874,1,True,0.21500455966386856
JAX-MEM,17,218.0,151.79032036565965,1,True,0.36199496556779565
JAX-MEM,18,210.3010711669922,162.95496072855082,1,True,0.25506632813833185
JAX-MEM,19,202.83824157714844,130.9279327392578,1,True,0.4377617818132249
JAX-MEM,20,239.95833545260965,150.0795393857089,1,True,0.4692998898624472
JAX-MEM,21,243.2608642578125,220.90909460819128,1,True,0.09638310271800332
JAX-MEM,22,217.990478515625,168.69620098645174,1,True,0.25635191534833
JAX-MEM,23,235.5270233154297,152.64655448650493,1,True,0.4337005079624783
JAX-MEM,24,214.04464721679688,144.57547328157244,1,True,0.3923829474706233
JAX-MKE,1,157.9193043117908,142.11500045776367,1,True,0.10544757813670369
JAX-MKE,2,155.1286729924819,145.9547487837157,1,True,0.06095828704579187
JAX-MKE,3,159.67088098968634,143.1585910813924,1,True,0.10916165861864346
JAX-MKE,4,168.26707591181216,146.5092051219355,1,True,0.13846419459842974
JAX-MKE,5,182.94053889094172,168.1233806857815,1,True,0.08446305724795078
JAX-MKE,6,180.34512794967247,169.1933354695638,1,True,0.06383033464780219
JAX-MKE,7,155.5555534080223,144.03252057331363,1,True,0.07696381306828837
JAX-MKE,8,163.33478294040845,144.87156033297197,1,True,0.11995441847355437
JAX-MKE,9,166.7049981689453,149.91666793823242,1,True,0.10614617967998541
JAX-MKE,10,187.12214113191794,163.1904776436942,1,True,0.13684347171471511
JAX-MKE,11,166.45283153222042,161.94244198147342,1,True,0.027470999495363913
JAX-MKE,12,165.4972936681799,153.04687809944153,1,True,0.07821057495473482
JAX-MKE,13,154.33540638041052,154.56578826904297,1,True,-0.001491622145452176
JAX-MKE,14,130.19530928134918,150.44816599562017,1,True,-0.14458291077575325
JAX-MKE,15,142.19199743652345,128.65656234278822,1,True,0.10003169226944308
JAX-MKE,16,149.64705433565027,142.51130862689126,1,True,0.048858195068872234
JAX-MKE,17,134.7375854059314,130.69231112327802,1,True,0.030483284513928233
JAX-MKE,18,162.0263103685881,125.86633923974368,1,True,0.2525381875073043
JAX-MKE,19,126.93939347700639,116.64596477058366,1,True,0.08456635059138407
JAX-MKE,20,131.5038745199987,125.65044264666803,1,True,0.04553252837627486
JAX-MKE,21,148.04081352389588,139.78694129235964,1,True,0.057368587289886364
JAX-MKE,22,168.75878722224402,143.4352928386015,1,True,0.16258638830614913
JAX-MKE,23,145.21299743652344,143.3460187285004,1,True,0.012940193549857426
JAX-MKE,24,151.0935516357422,139.48366190093796,1,True,0.07995171681856217
JAX-SEA,1,229.16438147139877,231.66665887832642,1,True,-0.010859954216217105
JAX-SEA,2,213.8674120560015,197.0685574867483,1,True,0.0818045774330276
JAX-SEA,3,223.2025515907689,192.69674250476044,1,True,0.14696199151274403
JAX-SEA,4,221.81705238516759,193.32041233269743,1,True,0.1375039738926649
JAX-SEA,5,240.59836531467124,189.05867146809896,1,True,0.24107161138009925
JAX-SEA,6,275.7376986644307,198.07180840918357,1,True,0.33082041299471854
JAX-SEA,7,257.2174594697498,226.5037865783229,1,True,0.1271602103439271
JAX-SEA,8,206.4308868079468,209.90716621540585,1,True,-0.016699699537729984
JAX-SEA,9,168.75530744711781,187.09090743308056,1,True,-0.10314485393801309
JAX-SEA,10,220.88966390940064,211.9732647520123,1,True,0.04120316145911129
JAX-SEA,11,237.4526873326828,216.1296316076208,1,True,0.09409001839873987
JAX-SEA,12,218.88303034623726,206.12500091337822,1,True,0.06005469381101225
JAX-SEA,13,210.2376335667271,196.12844155687804,1,True,0.06946872069515564
JAX-SEA,14,220.22593099376203,221.0738446514423,1,True,-0.0038428059469541864
JAX-SEA,15,222.9746059070934,229.49033018502084,1,True,-0.0288030042230627
JAX-SEA,16,227.78189196912726,218.86974809149734,1,True,0.039911761631614695
JAX-SEA,17,196.2450704072651,152.74260630410097,1,True,0.25061004442410084
JAX-SEA,18,209.01848542029117,190.5764108955662,1,True,0.09236947383248495
JAX-SEA,19,233.3928530438346,203.80915120121807,1,True,0.1355390756879329
JAX-SEA,20,214.84313426298255,207.35477788081178,1,True,0.0354769247391733
JAX-SEA,21,191.20777282714843,181.15430556843472,1,True,0.05401146762032383
JAX-SEA,22,196.7796630859375,214.0277767040111,1,True,-0.08402116298069995
JAX-SEA,23,224.34112548828125,233.0059938902619,1,True,-0.0378964029948996
JAX-SEA,24,269.8694152832031,229.67281697420466,1,True,0.16128243363904993
JAX-SLC,1,200.8108052846548,178.07377274310002,1,True,0.12016527950553257
JAX-SLC,2,220.92229843139648,184.56999725341797,1,True,0.1797822684488306
JAX-SLC,3,223.34536349896308,204.37007417453555,1,True,0.08878684921666125
JAX-SLC,4,260.3465439447082,223.77987459770537,1,True,0.15135073887279749
JAX-SLC,5,250.89427568208805,190.06804986536153,1,True,0.2776494727513281
JAX-SLC,6,277.9021202574385,201.93529537425323,1,True,0.3193216401307417
JAX-SLC,7,252.77713084290804,215.91764921300552,1,True,0.1576111133977509
JAX-SLC,8,232.99729621701124,210.4791697184245,1,True,0.10164015726059716
JAX-SLC,9,229.05986104148985,243.17647071646041,1,True,-0.059804025390178595
JAX-SLC,10,275.4425656582447,217.64539164008823,1,True,0.23551203923487574
JAX-SLC,11,231.14482926993534,215.28483203616304,1,True,0.07108252907450208
JAX-SLC,12,263.61201171875,200.9183066784496,1,True,0.27157997856057214
JAX-SLC,13,266.46325391093,211.74410938815237,1,True,0.22985783565231355
JAX-SLC,14,283.84422877326085,235.07305810658355,1,True,0.18852924606122823
JAX-SLC,15,290.75,263.83516818874483,1,True,0.09713924616957659
JAX-SLC,16,270.2813797327347,242.74825142813728,1,True,0.10743865953245901
JAX-SLC,17,241.6480330918965,196.55975082685362,1,True,0.2065157982240695
JAX-SLC,18,218.84952197028596,180.07555352105035,1,True,0.1950078747474704
JAX-SLC,19,263.7448385304418,219.66326289274255,1,True,0.18288636450881235
JAX-SLC,20,261.16228966963916,257.24285605294364,1,True,0.015121409702774535
JAX-SLC,21,265.32830810546875,242.999994140625,1,True,0.08790653846803131
JAX-SLC,22,256.9913330078125,248.40522895763124,1,True,0.033980960229718526
JAX-SLC,23,264.83087158203125,236.62319260749263,1,True,0.11262243050588339
JAX-SLC,24,296.92266845703125,244.5615036908318,1,True,0.19400490321396457
JFK-MCI,1,177.25,142.39473684210526,1,True,0.2189581274958874
JFK-MCI,2,208.42222900390624,173.69564918849778,1,True,0.1822613441932157
JFK-MCI,3,191.04651198276252,159.25000029343826,1,True,0.18204162034033722
JFK-MCI,4,209.7249984741211,147.3404232593293,1,True,0.3530514275353065
JFK-MCI,5,157.91176560345818,160.20689655172413,1,True,-0.014429651853438585
JFK-MCI,6,189.98809850783576,151.59090822393244,1,True,0.22577593149388964
JFK-MCI,7,196.05405281685492,180.26531017069914,1,True,0.08396068979643978
JFK-MCI,8,143.28696063497793,183.58182067871093,1,True,-0.24781112015424256
JFK-MCI,9,160.840914812955,187.34285801478794,1,True,-0.1525246336950694
JFK-MCI,10,171.65714416503906,187.74359248234674,1,True,-0.08957802256449465
JFK-MCI,11,128.87500230889572,227.77048930183787,1,True,-0.5694955358443279
JFK-MCI,12,137.78313694230044,173.96249809265137,1,True,-0.23315877011358843
JFK-MCI,13,133.24742850077521,192.79661146260923,1,True,-0.3694280420664793
JFK-MCI,14,177.60344630274278,231.31428985595704,1,True,-0.2642241127152021
JFK-MCI,15,195.07299147557168,225.41665946112738,1,True,-0.14457670574254866
JFK-MCI,16,191.88709394393427,213.7692335079878,1,True,-0.10798993841088489
JFK-MCI,17,167.1315813566509,176.8095245361328,1,True,-0.05629160607114336
JFK-MCI,18,162.67499961853028,227.15384498009314,1,True,-0.33387317607910294
JFK-MCI,19,171.42646856868967,162.33333220305266,1,True,0.054502592511132875
JFK-MCI,20,180.20000457763672,174.21738865064538,1,True,0.033763491102464904
JFK-MCI,21,250.36363220214844,218.99999601944634,1,True,0.13384267822799867
JFK-MCI,22,271.5862121582031,235.91666666666666,1,True,0.14080099382242217
JFK-MCI,23,233.1666717529297,189.4687538146973,1,True,0.20752940384562457
JFK-MCI,24,172.56097412109375,181.37288239042638,1,True,-0.04980438864471637
JFK-SAT,1,246.94444698757596,240.04761977422808,1,True,0.028326080964090394
JFK-SAT,2,261.9142822265625,200.53714233398438,1,True,0.26701780501730354
JFK-SAT,3,297.5238124302455,222.02419034896357,1,True,0.2927079220930118
JFK-SAT,4,218.599994913737,192.80540672508445,1,True,0.12556212751185392
JFK-SAT,5,243.72726764100972,200.12843630729466,1,True,0.19709050259474026
JFK-SAT,6,310.09999389648436,243.08333059457632,1,True,0.24349049761101238
JFK-SAT,7,233.84375,204.1029462627336,1,True,0.13602865218081206
JFK-SAT,8,194.38461068960336,209.9128916670636,1,True,-0.07685391730463298
JFK-SAT,9,233.25,204.1421077527498,1,True,0.13329448176989
JFK-SAT,10,228.66666647828654,204.17372299452958,1,True,0.1132941234745628
JFK-SAT,11,181.07792267242036,212.18716561220546,1,True,-0.1585412912201969
JFK-SAT,12,173.19317904385653,213.70115562234344,1,True,-0.2101709566067882
JFK-SAT,13,216.1090850830078,229.63888330812807,1,True,-0.06072469875908926
JFK-SAT,14,197.56962295725376,209.80971931735513,1,True,-0.06010997795061357
JFK-SAT,15,192.85897005521338,219.83444112815604,1,True,-0.13091552603254097
JFK-SAT,16,162.87963485717773,191.219511264708,1,True,-0.16041055020522776
JFK-SAT,17,177.8392791748047,167.86153681828426,1,True,0.05774076245451276
JFK-SAT,18,154.58064565350932,167.73394495412845,1,True,-0.0816631246050008
JFK-SAT,19,173.39393962513316,173.61290519468247,1,True,-0.0012620246653938239
JFK-SAT,20,153.4674530029297,181.8809585571289,1,True,-0.16986388722427037
JFK-SAT,21,147.48333740234375,147.97826485011888,1,True,-0.0033502012235624434
JFK-SAT,22,163.9618377685547,169.0483907884167,1,True,-0.03055130574991516
JFK-SAT,23,211.95040893554688,197.0983636574667,1,True,0.0726494151618926
JFK-SAT,24,235.6810302734375,198.37254483092065,1,True,0.17233252183131764
LAS-LGA,1,157.5948622028818,167.68610326017435,1,True,-0.06206622207304591
LAS-LGA,2,159.3677734375,172.58292238697766,1,True,-0.07966325870994329
LAS-LGA,3,167.2214652754621,168.22182014094514,1,True,-0.005964393234405563
LAS-LGA,4,193.99168754466606,196.92910980638874,1,True,-0.015028504840942425
LAS-LGA,5,179.6366178324294,213.418818857478,1,True,-0.172320500248353
LAS-LGA,6,189.09609428679127,192.98766300340958,1,True,-0.020370943369627525
LAS-LGA,7,198.6000031115962,200.42037229949932,1,True,-0.009124254946274668
LAS-LGA,8,208.34007437863332,198.0827933362735,1,True,0.05048662610430199
LAS-LGA,9,274.83334189967104,200.6970912085639,1,True,0.31436812203436126
LAS-LGA,10,223.39084528533505,185.4505144564823,1,True,0.18613482873849208
LAS-LGA,11,221.52717250326404,215.42109100741408,1,True,0.027950581450205902
LAS-LGA,12,249.56409865159256,220.49187808841853,1,True,0.12385493047709151
LAS-LGA,13,228.29797640713778,222.35144479417482,1,True,0.026392474978873537
LAS-LGA,14,226.29277108196067,232.32217847772145,1,True,-0.02629550047902196
LAS-LGA,15,227.8609891472376,214.0909097899517,1,True,0.0623350093738555
LAS-LGA,16,226.58552812275133,228.12068865545865,1,True,-0.006752343860356724
LAS-LGA,17,180.293703519381,210.7895727459501,1,True,-0.15627314293639394
LAS-LGA,18,198.72688915348854,190.38662843926008,1,True,0.042874574678836375
LAS-LGA,19,189.57253704169872,197.64622439978257,1,True,-0.04170695460218443
LAS-LGA,20,216.57142421177454,199.62247831287806,1,True,0.0814924226821212
LAS-LGA,21,225.1764754841034,208.24869158455496,1,True,0.07815143213907394
LAS-LGA,22,243.84515380859375,221.91754366075926,1,True,0.09422752037556315
LAS-LGA,23,257.6979064941406,211.27380781907303,1,True,0.19863303419283262
LAS-LGA,24,257.9905700683594,219.20537782900686,1,True,0.16291394546664328
LGA-LIT,1,206.2228939561959,274.77777777777777,1,True,-0.2870050968498843
LGA-LIT,2,197.798165347598,284.0,1,True,-0.3617270943058122
LGA-LIT,3,182.45778096516926,256.53846153846155,1,True,-0.3407597918053682
LGA-LIT,4,210.75634184706635,314.25,1,True,-0.399486159240114
LGA-LIT,5,231.50685468003087,227.07142639160156,1,True,0.019344861241068934
LGA-LIT,6,265.5878819321141,183.18182373046875,1,True,0.3714665594330082
LGA-LIT,7,225.45418806949934,228.31818389892578,1,True,-0.012623218321287766
LGA-LIT,8,219.1773472677898,177.0,1,True,0.21373147440336737
LGA-LIT,9,191.76444261338975,149.91666666666666,1,True,0.2461881732661011
LGA-LIT,10,170.24462349184097,206.41666539510092,1,True,-0.1926604090875017
LGA-LIT,11,149.11716770889734,189.1666717529297,1,True,-0.23789613018672284
LGA-LIT,12,154.66727955201094,163.4999974568685,1,True,-0.055536748611931586
LGA-LIT,13,150.09314675527077,239.8000030517578,1,True,-0.4685491755822335
LGA-LIT,14,142.00261862446942,222.89999694824218,1,True,-0.4508777282520535
LGA-LIT,15,155.96521712593412,208.55555216471356,1,True,-0.29057242774436975
LGA-LIT,16,152.80622150988728,176.5,1,True,-0.14415028378208916
LGA-LIT,17,144.84120499115645,141.5,1,True,0.023338287243476863
LGA-LIT,18,150.85766763060633,147.41666475931802,1,True,0.023073762383519103
LGA-LIT,19,163.83605850720014,179.9107164655413,1,True,-0.09359442359701475
LGA-LIT,20,167.67741344821067,217.77777574327257,1,True,-0.2614331900560778
LGA-LIT,21,175.49515289010353,223.51612558672505,1,True,-0.24187213806238805
LGA-LIT,22,213.1801300048828,217.80357088361467,1,True,-0.021456116509020795
LGA-LIT,23,211.57408142089844,256.80701513457717,1,True,-0.19374968502221002
LGA-LIT,24,235.35031127929688,228.7307706001478,1,True,0.028529452797195987
LGA-PDX,1,192.11421668347973,198.6992357318228,1,True,-0.03370222949080226
LGA-PDX,2,218.02941759894875,192.53902642474912,1,True,0.12433112894556597
LGA-PDX,3,213.2326318497419,212.63973057049506,1,True,0.0027844101408129873
LGA-PDX,4,178.932482754227,202.53186908763843,1,True,-0.12388870900545257
LGA-PDX,5,172.16980757803287,211.4631278172502,1,True,-0.2055694035664617
LGA-PDX,6,210.3040414820237,224.81439865390215,1,True,-0.0667208666972483
LGA-PDX,7,209.45541428001064,229.48605899739886,1,True,-0.09133138549911468
LGA-PDX,8,178.6913624202273,210.15921088731406,1,True,-0.1622053051994774
LGA-PDX,9,183.6500003814697,209.32198477670656,1,True,-0.13084188913755934
LGA-PDX,10,216.75078337957555,238.88708572476511,1,True,-0.09724276576603064
LGA-PDX,11,250.28021567208427,272.67754559230553,1,True,-0.08570879254601405
LGA-PDX,12,245.01587818287038,258.93588484263296,1,True,-0.055257464829720604
LGA-PDX,13,267.81025766225963,264.9622587128005,1,True,0.010691340075509537
LGA-PDX,14,264.1597256130642,256.9231882067694,1,True,0.02777677980711335
LGA-PDX,15,250.40465144667513,284.45868783520416,1,True,-0.12750981818593932
LGA-PDX,16,234.36884895699924,271.96667226155597,1,True,-0.14878337840846445
LGA-PDX,17,213.4531238079071,267.6470575179646,1,True,-0.22625191506782993
LGA-PDX,18,258.02083630032007,248.1517205249304,1,True,0.039000007098242584
LGA-PDX,19,303.4886474609375,270.77611632845293,1,True,0.11405186397001188
LGA-PDX,20,295.1341504352849,289.7824792377019,1,True,0.018299430269937744
LGA-PDX,21,255.3947296142578,275.7847267786662,1,True,-0.0768102783623954
LGA-PDX,22,284.4752502441406,292.80090089665697,1,True,-0.028846603002521398
LGA-PDX,23,346.4210510253906,319.16476992404824,1,True,0.0819474561280078
LGA-PDX,24,299.0348815917969,278.7991141346643,1,True,0.0700687259694428
LGA-PHX,1,164.3365628147818,151.42756964018264,1,True,0.08180911475319252
LGA-PHX,2,166.84818547314936,158.50273844705154,1,True,0.05131245950331298
LGA-PHX,3,158.21428412559823,176.33616981019364,1,True,-0.1084418861183174
LGA-PHX,4,181.989531112591,192.4567077733677,1,True,-0.055922069688444154
LGA-PHX,5,153.81492823575556,195.3069118517335,1,True,-0.2388221131898085
LGA-PHX,6,179.602773131118,187.78080299268592,1,True,-0.044527744717742124
LGA-PHX,7,167.65785242506294,173.44489438793775,1,True,-0.03393462732043595
LGA-PHX,8,191.2092142818985,175.01350072104734,1,True,0.0885050733817927
LGA-PHX,9,175.12963641131367,164.48316132901894,1,True,0.06271827695055521
LGA-PHX,10,168.67759245992357,161.93269155453413,1,True,0.04080839128814073
LGA-PHX,11,143.78876241048178,174.1986610866554,1,True,-0.19185108343995516
LGA-PHX,12,159.7235268985524,209.43772109858648,1,True,-0.27098205746484005
LGA-PHX,13,245.96949002540717,232.15515128610997,1,True,0.05780160026120651
LGA-PHX,14,199.7722358567859,227.8959301122638,1,True,-0.1317111809919025
LGA-PHX,15,223.23333057221913,222.99097761173837,1,True,0.001086238377719262
LGA-PHX,16,230.03846556275755,225.61194062977017,1,True,0.019430089970390085
LGA-PHX,17,217.31055493088243,209.60061533000612,1,True,0.03612357098816332
LGA-PHX,18,185.52062044438628,195.14216259646966,1,True,-0.050562294605412283
LGA-PHX,19,187.7106648556472,186.14428446470285,1,True,0.0083796646777472
LGA-PHX,20,212.3349740916285,209.1682989490009,1,True,0.015025908102690444
LGA-PHX,21,251.6351318359375,204.8302600316696,1,True,0.20579851245487202
LGA-PHX,22,255.6923065185547,209.612946127473,1,True,0.19871207750851028
LGA-PHX,23,230.5894012451172,196.04558006810942,1,True,0.16229146157311458
LGA-PHX,24,243.74575805664065,209.20896479104331,1,True,0.15279212287970623
LGA-SAT,1,241.79372306789517,237.49936760796442,1,True,0.017920017886057238
LGA-SAT,2,220.54189816267132,223.1470138981657,1,True,-0.01174311821598728
LGA-SAT,3,257.47368837201424,221.17456527174565,1,True,0.15196525597562527
LGA-SAT,4,232.1120349678261,216.820869878363,1,True,0.06814863623813405
LGA-SAT,5,214.3263871934679,244.57786120165576,1,True,-0.1320336820159893
LGA-SAT,6,247.77550771285075,222.67225288945204,1,True,0.10682215299823916
LGA-SAT,7,179.51931350118613,233.87022951237725,1,True,-0.2644835885436523
LGA-SAT,8,166.59569070409893,192.6457576494164,1,True,-0.1452831865277382
LGA-SAT,9,187.72030838421935,183.76979446411133,1,True,0.021269276447382524
LGA-SAT,10,178.50136076144088,188.1517576516246,1,True,-0.052652634249021446
LGA-SAT,11,168.298653310434,203.82342036492435,1,True,-0.1915139331172897
LGA-SAT,12,167.41542284761496,193.27517531822468,1,True,-0.14363666678052933
LGA-SAT,13,219.92424912886187,219.13290967869733,1,True,0.003604725677200271
LGA-SAT,14,178.0538221148526,197.3683221241494,1,True,-0.10298576254143477
LGA-SAT,15,164.72329756357138,185.0851045099686,1,True,-0.11654866195285507
LGA-SAT,16,165.88068532943726,176.74272669675196,1,True,-0.06342638685260571
LGA-SAT,17,169.90625131130219,167.14167160318897,1,True,0.01640503632503254
LGA-SAT,18,148.51643292780773,156.93189190765568,1,True,-0.05511629015339903
LGA-SAT,19,142.71621745341534,164.88748754815063,1,True,-0.1444051824465422
LGA-SAT,20,157.3746187664776,171.57360161508967,1,True,-0.08638326856917988
LGA-SAT,21,150.4699263321726,160.15367358445337,1,True,-0.06237057500432197
LGA-SAT,22,165.5272216796875,165.32324659388422,1,True,0.001233035048799458
LGA-SAT,23,194.6077117919922,181.4234062738731,1,True,0.07015223727261777
LGA-SAT,24,252.3856201171875,196.18072542349498,1,True,0.25192185357598795
LGA-SEA,1,176.35484297557542,159.88032905976354,1,True,0.09807252659098875
LGA-SEA,2,209.72952615061115,192.9146346673733,1,True,0.0835709462237686
LGA-SEA,3,220.1400541417739,262.0410165190697,1,True,-0.17423708956999828
LGA-SEA,4,211.54107389369025,229.0449616411607,1,True,-0.07949914088816712
LGA-SEA,5,187.6754162897829,198.8061233053402,1,True,-0.05761613348431549
LGA-SEA,6,230.3333324982752,239.25957750019273,1,True,-0.03802152940647119
LGA-SEA,7,237.25659476081245,246.82122994502473,1,True,-0.03952207540127084
LGA-SEA,8,203.56547936939057,224.6844297518737,1,True,-0.09870916422622766
LGA-SEA,9,188.2731684987138,210.9549688800862,1,True,-0.11375076092788561
LGA-SEA,10,226.81226533034751,233.9048293910997,1,True,-0.03079167029296137
LGA-SEA,11,251.8588270299575,244.78378154995204,1,True,0.028493423731489997
LGA-SEA,12,236.34418824661608,241.11480819524425,1,True,-0.019984035278499235
LGA-SEA,13,246.5652208032075,269.1144175584038,1,True,-0.08751008732936327
LGA-SEA,14,250.80434616752294,259.12638191647,1,True,-0.03264276592748683
LGA-SEA,15,262.1368358946683,250.74466353196365,1,True,0.04443149724090567
LGA-SEA,16,223.74725920289427,239.27816632150237,1,True,-0.06710964326790414
LGA-SEA,17,195.43226042716734,192.9709304986998,1,True,0.012674267020870822
LGA-SEA,18,195.4230702718099,222.40082364042928,1,True,-0.12931446625173404
LGA-SEA,19,244.96819825728454,246.9256269801977,1,True,-0.007958786855239097
LGA-SEA,20,241.9375,227.106002532959,1,True,0.06326254834289635
LGA-SEA,21,257.5749908447266,204.0362967821734,1,True,0.23301300086684407
LGA-SEA,22,260.1711730957031,244.04875135421753,1,True,0.06397176648557501
LGA-SEA,23,323.5378112792969,253.2359339873153,1,True,0.2449943893817439
LGA-SEA,24,293.56121826171875,241.44291917887483,1,True,0.19545311197886406
LGA-SFO,1,244.60836658550306,192.73941967800624,1,True,0.2383193083290962
LGA-SFO,2,225.94378693710416,204.54051576717984,1,True,0.09952016099659744
LGA-SFO,3,220.3625274064187,230.79515606892699,1,True,-0.04625650486250432
LGA-SFO,4,291.5397469109571,228.2866297274385,1,True,0.24457436220162254
LGA-SFO,5,385.56348213316903,237.13416343843696,1,True,0.4860797828162795
LGA-SFO,6,409.4134108900358,280.78821932761593,1,True,0.3771247128061823
LGA-SFO,7,300.75203239627,251.546635178837,1,True,0.1786577120951991
LGA-SFO,8,308.0461594801683,257.1844749836873,1,True,0.1804560112946385
LGA-SFO,9,431.28455036442455,246.25679484018747,1,True,0.5603932089923065
LGA-SFO,10,287.8151340003775,238.00933589190498,1,True,0.190008478861877
LGA-SFO,11,300.1708974387429,241.76443705225427,1,True,0.2163881191076129
LGA-SFO,12,300.32824590551945,271.98195256971775,1,True,0.09914031627740005
LGA-SFO,13,282.41176265428044,273.37579041175275,1,True,0.03251878690782917
LGA-SFO,14,341.07894126490544,261.62339980804524,1,True,0.2652078854120097
LGA-SFO,15,239.7082319759074,263.6050937663374,1,True,-0.09502964261088032
LGA-SFO,16,222.59999715444204,252.46461618276743,1,True,-0.12589467890793848
LGA-SFO,17,263.2900003051758,238.65706678460407,1,True,0.09822843293500139
LGA-SFO,18,232.95911155048356,226.1735807214893,1,True,0.02956019050050518
LGA-SFO,19,262.25796736047624,231.59459416889166,1,True,0.12434022341167683
LGA-SFO,20,230.1057692307692,233.32534914688324,1,True,-0.01389475841005261
LGA-SFO,21,301.00962682870716,216.7083948604752,1,True,0.32858959971514956
LGA-SFO,22,258.1725769042969,248.75940635668667,1,True,0.03714207421273663
LGA-SFO,23,296.6121826171875,230.87892201817564,1,True,0.2505320770910133
LGA-SFO,24,312.201171875,253.3063792925318,1,True,0.2090480202555769
LGA-SLC,1,153.1566288729748,162.65766735510394,1,True,-0.06018667614357298
LGA-SLC,2,134.9377632959718,152.62683994765052,1,True,-0.1231823281902571
LGA-SLC,3,161.5417379970232,157.17595542349466,1,True,0.027397635908030793
LGA-SLC,4,179.79738636889488,170.35516188306832,1,True,0.05394514032736275
LGA-SLC,5,184.07938802564468,180.5855149294022,1,True,0.019162688716719778
LGA-SLC,6,204.63777552743446,176.4819249532309,1,True,0.14802300466439622
LGA-SLC,7,210.51139627761094,191.4963389885135,1,True,0.09467109985850275
LGA-SLC,8,214.6923081953447,212.17577363872755,1,True,0.011790826339331595
LGA-SLC,9,211.3890246536369,183.1948599808916,1,True,0.1431497596769562
LGA-SLC,10,208.0077476797178,185.05986943213216,1,True,0.11689593619059124
LGA-SLC,11,215.60176349741167,207.33396658278605,1,True,0.03910216016424162
LGA-SLC,12,209.4512143949183,199.46315741288035,1,True,0.048861300741159575
LGA-SLC,13,218.85281702347132,213.33641303268686,1,True,0.025529111819202477
LGA-SLC,14,242.13043610945996,206.0503083235063,1,True,0.16135621900385733
LGA-SLC,15,239.83108025628167,230.9228704330769,1,True,0.037851082732686336
LGA-SLC,16,229.33945262103995,222.93258135506275,1,True,0.02833383186140992
LGA-SLC,17,207.53431282791436,210.66048077246867,1,True,-0.014951052599919912
LGA-SLC,18,230.34951485939396,183.9291691462199,1,True,0.22504705207334474
LGA-SLC,19,259.15729582711555,176.3186427229542,1,True,0.3851423690217821
LGA-SLC,20,297.0303039550781,195.49315188682243,1,True,0.4183088170164204
LGA-SLC,21,303.7837829589844,202.96746376021048,1,True,0.40327051893561894
LGA-SLC,22,315.6851806640625,227.35772413548415,1,True,0.3282207989263872
LGA-SLC,23,261.60760498046875,238.6492857729654,1,True,0.0918506395196852
LGA-SLC,24,267.39654541015625,229.41621473157727,1,True,0.15319485997893878
LGA-SMF,1,157.5357164655413,177.0496938954229,1,True,-0.11677824587365304
LGA-SMF,2,174.8161755730124,210.69230428842397,1,True,-0.18666379910269093
LGA-SMF,3,183.74352853409366,228.68596358789205,1,True,-0.2188088057548958
LGA-SMF,4,198.2287237289104,204.9118094735939,1,True,-0.033158154540365636
LGA-SMF,5,149.37931508031386,199.63904961279394,1,True,-0.29002217424964627
LGA-SMF,6,181.25291336000197,223.86610138344392,1,True,-0.21115474412728386
LGA-SMF,7,180.665429040845,230.3620630581177,1,True,-0.24300539597785153
LGA-SMF,8,212.15862332048087,222.50957072149848,1,True,-0.04763589705745197
LGA-SMF,9,183.1614580154419,210.58634994279092,1,True,-0.13952773441797373
LGA-SMF,10,191.85344906510977,232.99321035716844,1,True,-0.19427751858573483
LGA-SMF,11,190.15693374967924,237.49014069205532,1,True,-0.22227641139650878
LGA-SMF,12,190.27801463020293,232.83871213851435,1,True,-0.20185975371628828
LGA-SMF,13,205.7967929126107,229.85800644447065,1,True,-0.11057251522758893
LGA-SMF,14,203.71782321741085,245.92697670153652,1,True,-0.18829883239866252
LGA-SMF,15,193.016763783034,256.05760716149183,1,True,-0.28262540302682915
LGA-SMF,16,178.42654643126573,236.32943669071904,1,True,-0.2810497378768799
LGA-SMF,17,159.92500648498535,201.40041835952854,1,True,-0.23059006165278273
LGA-SMF,18,182.28938730123343,214.95625579051483,1,True,-0.1648390815690357
LGA-SMF,19,207.9948729686248,215.54699537710485,1,True,-0.03566553155631702
LGA-SMF,20,183.8244229382231,214.6302764981421,1,True,-0.15493582476120427
LGA-SMF,21,186.65600341796875,219.75273382741983,1,True,-0.16323560823042804
LGA-SMF,22,203.2027587890625,232.31780905527611,1,True,-0.13390200854260126
LGA-SMF,23,209.394287109375,242.04290894507122,1,True,-0.14489600425547433
LGA-SMF,24,201.3230743408203,242.09090625713398,1,True,-0.18440234860252858
LGA-SNA,1,252.2272745768229,222.96866661450258,1,True,0.12329931116772119
LGA-SNA,2,277.340913772583,244.41882101619944,1,True,0.1263642516938397
LGA-SNA,3,228.20000152587892,252.03404833205204,1,True,-0.09934174669877827
LGA-SNA,4,233.36633814443456,228.29508582657897,1,True,0.021970457328390758
LGA-SNA,5,270.5633734044894,233.29047361101422,1,True,0.1482220083242085
LGA-SNA,6,262.63158175819797,231.91653909306226,1,True,0.12437465862775543
LGA-SNA,7,262.06493466860286,239.0413777318494,1,True,0.09195564976822634
LGA-SNA,8,256.48978533063615,235.81506027995857,1,True,0.08404098560999174
LGA-SNA,9,224.41052406712583,219.17154555292854,1,True,0.02362233502965161
LGA-SNA,10,183.49777737087675,197.5778821672712,1,True,-0.07393029169602894
LGA-SNA,11,173.06299368790755,198.80722884495464,1,True,-0.13868000237669165
LGA-SNA,12,174.06439139626244,206.51206709230308,1,True,-0.1709335507231513
LGA-SNA,13,181.7615925870984,191.22266621907553,1,True,-0.05074264323474598
LGA-SNA,14,169.40140974017936,185.55163642502487,1,True,-0.0910621026445444
LGA-SNA,15,189.0957587944282,189.14548787247958,1,True,-0.00026294899763623647
LGA-SNA,16,163.88635947487572,187.1706888627033,1,True,-0.13284771758999714
LGA-SNA,17,155.67787837982178,170.5382293327868,1,True,-0.09117050029044371
LGA-SNA,18,175.3783744193412,173.17412602762303,1,True,0.012648182265098562
LGA-SNA,19,189.55555499041523,192.25386343116827,1,True,-0.01413455632066185
LGA-SNA,20,232.77837953309756,197.1247109544305,1,True,0.1662502611469323
LGA-SNA,21,168.23645951595213,179.0766006101466,1,True,-0.06244316374522363
LGA-SNA,22,183.27194213867188,182.41825893101657,1,True,0.004668895999483169
LGA-SNA,23,196.9864196777344,194.14768511356073,1,True,0.014515657794572867
LGA-SNA,24,298.2909240722656,225.3866670180812,1,True,0.28025181823545786
LIT-MCO,1,184.4006216392754,177.54795022206764,1,True,0.03786996773273632
LIT-MCO,2,168.77076668725655,180.59626732109496,1,True,-0.06772258852674362
LIT-MCO,3,163.7624297589887,167.66666666666666,1,True,-0.02356110287193136
LIT-MCO,4,161.02675799621787,158.19792095820108,1,True,0.017723636519193953
LIT-MCO,5,182.34091020834566,190.27618647984096,1,True,-0.04259856177586041
LIT-MCO,6,187.64929213682058,200.34806958614791,1,True,-0.06548144850666038
LIT-MCO,7,171.35858605124733,184.54945792732659,1,True,-0.07415913687395914
LIT-MCO,8,200.16667061663688,204.83140217980673,1,True,-0.023036839782115237
LIT-MCO,9,222.76735042649872,220.7803022211248,1,True,0.008959855775064085
LIT-MCO,10,184.12714865772995,200.42055846597546,1,True,-0.08479140682989517
LIT-MCO,11,183.72726812441488,199.39823643507157,1,True,-0.08185159357832639
LIT-MCO,12,209.18840889308763,202.1388956705729,1,True,0.03428026039434684
LIT-MCO,13,236.38011356822233,175.40844629851864,1,True,0.2983239267574209
LIT-MCO,14,211.06028033317403,191.74611145968265,1,True,0.09597162063525921
LIT-MCO,15,215.30769230769232,199.78744130894756,1,True,0.07481412412657829
LIT-MCO,16,203.40562518629204,213.10323210685485,1,True,-0.046574567064246786
LIT-MCO,17,194.217389314071,193.93501358858515,1,True,0.0014549737329394574
LIT-MCO,18,195.62036429511176,164.5702106881649,1,True,0.17283857227883548
LIT-MCO,19,213.223534079159,186.17327095258355,1,True,0.13566326684868724
LIT-MCO,20,211.5972188313802,202.23128919536563,1,True,0.04527251796890308
LIT-MCO,21,240.3023223876953,221.1959478017446,1,True,0.08284885691035537
LIT-MCO,22,235.55462646484375,227.50261732171347,1,True,0.03478110303338333
LIT-MCO,23,227.2897186279297,235.9312104724702,1,True,-0.03731478426162127
LIT-MCO,24,231.17620849609375,225.13953630314316,1,True,0.026459855743395266
LIT-TPA,1,183.05970103705113,235.875,1,True,-0.25348966887527435
LIT-TPA,2,183.9573799508517,170.98230007475456,1,True,0.07314405726602491
LIT-TPA,3,172.90353825314637,189.9814878393103,1,True,-0.09419277834978068
LIT-TPA,4,208.34908841219814,201.785710471017,1,True,0.03200868752687569
LIT-TPA,5,230.9817034558552,233.82927275866996,1,True,-0.012252743906000063
LIT-TPA,6,217.54441112092027,209.74712871683056,1,True,0.03650036256658673
LIT-TPA,7,203.87589150286735,135.28057861328125,1,True,0.4101604519887676
LIT-TPA,8,185.15697257463322,162.46602356549604,1,True,0.13073507155125252
LIT-TPA,9,205.1033108924046,210.71831308284277,1,True,-0.027008424703330647
LIT-TPA,10,159.8536551870951,186.2500039206611,1,True,-0.1528311367092252
LIT-TPA,11,181.7061219507334,210.29245369389375,1,True,-0.14610853107224298
LIT-TPA,12,164.47291719181874,184.54545610601252,1,True,-0.11514988817424321
LIT-TPA,13,150.46341808996965,176.15000549316406,1,True,-0.15761595049863342
LIT-TPA,14,143.3070703589398,181.01514712246978,1,True,-0.23359104034695655
LIT-TPA,15,139.98805942820078,165.98246095891585,1,True,-0.17032499672710433
LIT-TPA,16,144.04893302334193,167.45217842433763,1,True,-0.15054475404257772
LIT-TPA,17,121.15104126930235,151.96551079585635,1,True,-0.22661555033891645
LIT-TPA,18,146.529416252585,173.62068860284214,1,True,-0.16964676727129913
LIT-TPA,19,131.7887350807727,162.32743875959278,1,True,-0.20841537359386297
LIT-TPA,20,166.1048337874874,174.56451219128024,1,True,-0.04967525282607266
LIT-TPA,21,164.94681094555145,180.2215130962903,1,True,-0.08856365857422599
LIT-TPA,22,169.11925877562356,204.27211309939017,1,True,-0.1888488534670527
LIT-TPA,23,179.3517303466797,187.70454094626683,1,True,-0.045520284066089545
LIT-TPA,24,212.4392547607422,228.6226474114184,1,True,-0.0734167289455181
MCI-MIA,1,152.07167324882022,152.42448042829832,1,True,-0.0023173188435903214
MCI-MIA,2,147.02209624401112,140.20000400543213,1,True,0.047512886897835394
MCI-MIA,3,135.13357395213433,145.32618760608491,1,True,-0.07271705967303355
MCI-MIA,4,144.9961079400801,153.38844487908182,1,True,-0.056266659094683646
MCI-MIA,5,174.55601552116426,163.20121839569836,1,True,0.06726178782101577
MCI-MIA,6,201.85714612688335,174.40833237965902,1,True,0.1461609620876274
MCI-MIA,7,184.07172635235364,166.89345903373516,1,True,0.09796985981286532
MCI-MIA,8,197.58649203143543,164.59291940874758,1,True,0.18270115245238205
MCI-MIA,9,214.4909764369042,179.56269630358534,1,True,0.1777432396184251
MCI-MIA,10,189.9317305231669,173.314915946834,1,True,0.09155443144701625
MCI-MIA,11,188.94898410719267,172.67061734312517,1,True,0.09009121956925537
MCI-MIA,12,216.82317296470083,182.08921183985794,1,True,0.17458540829752067
MCI-MIA,13,220.2307704735665,196.49216523364794,1,True,0.11405339434980277
MCI-MIA,14,186.6983094296213,181.0760835730511,1,True,0.03057670132129431
MCI-MIA,15,157.40860526792466,168.92388748265725,1,True,-0.07060323772839183
MCI-MIA,16,176.74510192871094,180.7769614574956,1,True,-0.02255542173929026
MCI-MIA,17,175.06091238883545,180.71169720926594,1,True,-0.03176894410625586
MCI-MIA,18,135.4538019011887,151.34254104305148,1,True,-0.11091511461315484
MCI-MIA,19,124.46184824748211,139.44352713760924,1,True,-0.11366046674875996
MCI-MIA,20,153.71368559512345,168.55521811736872,1,True,-0.09217171253199563
MCI-MIA,21,171.1277751240251,171.96263185005594,1,True,-0.004866696105980672
MCI-MIA,22,170.22409057617188,169.1940325836637,1,True,0.0060695707416460465
MCI-MIA,23,165.91354299759658,172.75345291629915,1,True,-0.04039862302183472
MCI-MIA,24,185.53347778320312,176.9444488949246,1,True,0.047399503727022285
MCI-MSY,1,119.71758084610555,128.10215419808256,1,True,-0.0676925492804612
MCI-MSY,2,130.42373049461236,128.887642617019,1,True,0.01184757788969737
MCI-MSY,3,136.54255375963575,125.89518385500813,1,True,0.08118662861063264
MCI-MSY,4,180.9952118065939,157.1683975773154,1,True,0.14115275024665852
MCI-MSY,5,139.91709864324855,151.61124616030668,1,True,-0.08026955890280174
MCI-MSY,6,168.96794612591083,161.77724574162409,1,True,0.04348866630983661
MCI-MSY,7,147.77323737729438,159.1835057807691,1,True,-0.07437874224497687
MCI-MSY,8,155.85752917874245,150.59582957201863,1,True,0.03434269256756828
MCI-MSY,9,165.25402361020397,153.15581599170983,1,True,0.07602801871563525
MCI-MSY,10,157.54545195206353,158.9566401554988,1,True,-0.008917461149343886
MCI-MSY,11,144.19642475673132,149.88517100503,1,True,-0.0386930433971413
MCI-MSY,12,141.99386596679688,162.07192750651987,1,True,-0.13225637439742677
MCI-MSY,13,153.70967692713583,175.05792003616864,1,True,-0.130051282398842
MCI-MSY,14,152.08759391394844,178.26035042486248,1,True,-0.15878849389540584
MCI-MSY,15,145.37013006829596,179.6652929447899,1,True,-0.211812525086855
MCI-MSY,16,131.68310203014966,172.25185593970028,1,True,-0.26855939053354305
MCI-MSY,17,114.46583993094308,157.66276218333144,1,True,-0.32018189808503905
MCI-MSY,18,147.645351498626,156.61142652847346,1,True,-0.0589546227847908
MCI-MSY,19,130.0820558205629,146.0251069625336,1,True,-0.11561312246753719
MCI-MSY,20,136.47761603967467,147.34195620833955,1,True,-0.07659550187727238
MCI-MSY,21,139.3274927864298,155.18884735704634,1,True,-0.10781552017690466
MCI-MSY,22,174.60365365191203,170.52342797851563,1,True,0.023645874245328713
MCI-MSY,23,149.7073211669922,150.17302926002083,1,True,-0.00310596187283263
MCI-MSY,24,118.22649383544922,153.99366995895966,1,True,-0.2643092734268375
MCI-ORF,1,161.53157958984374,140.91379284036572,1,True,0.13655235770066643
MCI-ORF,2,126.43735677940698,131.89285985161277,1,True,-0.042242943025836865
MCI-ORF,3,112.09888527610086,119.41111111111111,1,True,-0.06319086849558886
MCI-ORF,4,117.69529546257907,126.22507852143413,1,True,-0.0699676079338527
MCI-ORF,5,123.5535202259682,142.4840442576307,1,True,-0.14255559897033088
MCI-ORF,6,139.5926833986925,159.40152992846632,1,True,-0.1326975865850324
MCI-ORF,7,178.6835972070694,190.75192194399625,1,True,-0.06535711743540684
MCI-ORF,8,158.47699172526723,188.18749777475992,1,True,-0.17182937425374956
MCI-ORF,9,155.49152755737305,166.1313541218386,1,True,-0.06618752036901565
MCI-ORF,10,154.5595985564175,204.87870016605896,1,True,-0.2818383243748297
MCI-ORF,11,170.3223411923363,205.63582376508572,1,True,-0.18841399216967947
MCI-ORF,12,173.303188892121,202.22308220496544,1,True,-0.1543288578420352
MCI-ORF,13,162.92307927058295,170.07664261421147,1,True,-0.04297099125157011
MCI-ORF,14,157.81678719556967,202.69938191606954,1,True,-0.25028921871014376
MCI-ORF,15,163.20252913462966,221.7734124682101,1,True,-0.30666425652350515
MCI-ORF,16,159.2020212809245,176.6119443751093,1,True,-0.10378095125794573
MCI-ORF,17,106.92592564335575,158.44399813842773,1,True,-0.3932648958199785
MCI-ORF,18,136.49218809604645,172.30188369750977,1,True,-0.2329806932135181
MCI-ORF,19,153.5833262125651,175.7260953917984,1,True,-0.13468324508188712
MCI-ORF,20,164.96295674641928,184.77333745320638,1,True,-0.1134089268194165
MCI-ORF,21,161.2941131591797,177.19736925760904,1,True,-0.09403470364290634
MCI-ORF,22,196.83200073242188,192.75266635138343,1,True,0.02094273118843848
MCI-ORF,23,171.68243408203125,196.5620886110792,1,True,-0.13533189717665728
MCI-ORF,24,167.56060791015625,185.8440901233304,1,True,-0.10356297297564776
MCI-VPS,1,163.85185114542642,156.6999984741211,1,True,0.0446295332620803
MCI-VPS,2,143.3535012409186,176.7058823529412,1,True,-0.20917305237452766
MCI-VPS,3,164.39898589163116,132.0,1,True,0.21949439147429395
MCI-VPS,4,186.4718339946908,207.4999942779541,1,True,-0.10685110857320801
MCI-VPS,5,185.21893346662353,293.55556233723956,1,True,-0.46052838132007423
MCI-VPS,6,185.47641516631504,192.13636363636363,1,True,-0.035277615204774015
MCI-VPS,7,204.60465506620184,203.9333282470703,1,True,0.0032864871850435406
MCI-VPS,8,169.95050086597405,185.64285278320312,1,True,-0.08831745826711579
MCI-VPS,9,188.72221989101834,221.0,1,True,-0.1578865036059005
MCI-VPS,10,187.62779755870324,185.7,1,True,0.010327731856642153
MCI-VPS,11,168.0798182957609,207.83333587646484,1,True,-0.2122975132102809
MCI-VPS,12,171.77777485788604,250.0,1,True,-0.3752592830491741
MCI-VPS,13,182.70491953365138,141.33333333333334,1,True,0.2567512232975018
MCI-VPS,14,181.68499946594238,163.2,1,True,0.1072979728650294
MCI-VPS,15,171.09482969086747,212.0,1,True,-0.2143683122849831
MCI-VPS,16,201.73912844450578,204.5,1,True,-0.013592556057301586
MCI-VPS,17,297.0,200.24999872843424,1,True,0.3941655592041231
MCI-VPS,18,135.5,178.65079583062067,1,True,-0.2764613988311524
MCI-VPS,19,167.75,168.4520560486676,1,True,-0.00417639961739269
MCI-VPS,20,305.0,175.24000244140626,1,True,0.5541552997299277
MCI-VPS,21,249.60000610351557,192.34090874411842,1,True,0.2605902969996148
MCI-VPS,22,192.95652770996097,203.58461139385517,1,True,-0.053616780767642425
MCI-VPS,23,155.6666717529297,201.26315869783102,1,True,-0.2568962973202673
MEM-MIA,1,212.1158506812119,158.78069907740542,1,True,0.2896085917990936
MEM-MIA,2,185.1949714324759,145.1702114673371,1,True,0.24350224359112804
MEM-MIA,3,195.82540348597936,149.48837102845658,1,True,0.27000485965035637
MEM-MIA,4,230.44594945134344,164.9999984929591,1,True,0.3340708775531107
MEM-MIA,5,183.28696275793988,176.33333470271185,1,True,0.03867687619883764
MEM-MIA,6,227.5909063165838,179.1764731014476,1,True,0.23917854335630828
MEM-MIA,7,180.48387145996097,146.61403080455045,1,True,0.2078379260351202
MEM-MIA,8,205.99999686463238,172.2985099678609,1,True,0.17864765796687632
MEM-MIA,9,220.09230863131006,210.1688281963398,1,True,0.04613589151924291
MEM-MIA,10,211.88888488153015,188.5232538622479,1,True,0.11684064740768907
MEM-MIA,11,179.0140890202052,153.03093098119362,1,True,0.15682444811743146
MEM-MIA,12,176.22581235824092,160.20833460489908,1,True,0.09529113789920451
MEM-MIA,13,210.39999593098958,183.54545870694247,1,True,0.13654809333689233
MEM-MIA,14,227.01190539768763,213.26881326654902,1,True,0.06244905866295447
MEM-MIA,15,236.1999969482422,204.72580029887538,1,True,0.14300736655350033
MEM-MIA,16,240.61972196337203,200.22413740486934,1,True,0.183780344032348
MEM-MIA,17,199.3411735983456,169.26666437784831,1,True,0.16354242986169254
MEM-MIA,18,217.19564819335935,201.84337092020425,1,True,0.07330654677127857
MEM-MIA,19,209.03125,156.34693721849092,1,True,0.2904062678712327
MEM-MIA,20,207.14544913552024,206.87755413444674,1,True,0.0012941070247061148
MEM-MIA,21,247.59803771972656,244.851059284616,1,True,0.01115651117761729
MEM-MIA,22,200.4761962890625,205.29687333106995,1,True,-0.023761576204473833
MEM-MIA,23,220.14158630371097,203.01369842111248,1,True,0.08099745678305492
MEM-MIA,24,230.8125,227.36363220214844,1,True,0.01505505283675923
MEM-ORF,1,254.2152548477789,168.9111090766059,1,True,0.4088087734067676
MEM-ORF,2,245.0464265005929,178.48648710508604,1,True,0.31693479265182933
MEM-ORF,3,255.48421590704666,217.55737504802767,1,True,0.16069802139796963
MEM-ORF,4,246.8593073705932,233.41379362961342,1,True,0.056005751777550294
MEM-ORF,5,286.19541562836747,218.5238080705915,1,True,0.2697798789028134
MEM-ORF,6,286.71978742997726,248.41463284376192,1,True,0.14340613168786032
MEM-ORF,7,280.4462862881747,298.15385163136017,1,True,-0.06122742002865866
MEM-ORF,8,282.13513541006824,258.4047655378069,1,True,0.08785894551638762
MEM-ORF,9,312.4237339860302,311.1063797321725,1,True,0.004225477438700054
MEM-ORF,10,331.5806363013483,322.067799713652,1,True,0.029108945310361456
MEM-ORF,11,282.23076365544244,320.5869578485904,1,True,-0.12742851176141556
MEM-ORF,12,261.7228831095868,301.5208396911621,1,True,-0.14155288786682263
MEM-ORF,13,348.1562557220459,313.9411782657399,1,True,0.10344575169902726
MEM-ORF,14,403.17856325422014,354.6666688464937,1,True,0.12820116143196802
MEM-ORF,15,287.4794541450396,312.15000610351564,1,True,-0.08233246722050058
MEM-ORF,16,330.3478207795516,260.72973302892734,1,True,0.23666173657227318
MEM-ORF,17,352.0833435058594,246.02174244756284,1,True,0.35844800293573975
MEM-ORF,18,259.474360539363,271.1868158696772,1,True,-0.04415004642662268
MEM-ORF,19,247.7599943033854,266.2205850937787,1,True,-0.07186471972693909
MEM-ORF,20,188.53488904376366,247.3809600103469,1,True,-0.2716464191238117
MEM-ORF,21,193.8374938964844,288.3260736880095,1,True,-0.3970718922836678
MEM-ORF,22,184.1910858154297,270.66102212162343,1,True,-0.3848934684485261
MEM-ORF,23,184.9469757080078,256.25000457763673,1,True,-0.32608438211552393
MEM-ORF,24,177.56724548339844,215.82539634099084,1,True,-0.19512034555515978
MIA-MKE,1,161.89339054740876,142.75935796237886,1,True,0.1257776342696868
MIA-MKE,2,162.06575304841343,139.008853338461,1,True,0.15346451171422526
MIA-MKE,3,143.42086193715926,138.97183356486576,1,True,0.031512121944341054
MIA-MKE,4,161.40571140834263,147.54023251588316,1,True,0.08982024047213777
MIA-MKE,5,169.35306228326291,136.46153515368908,1,True,0.21594288050266108
MIA-MKE,6,174.63392611912317,148.07476792380075,1,True,0.1649745973262675
MIA-MKE,7,157.0705071473733,130.65060149043438,1,True,0.18416819886181557
MIA-MKE,8,167.50435505742612,143.6249978542328,1,True,0.15380363004110897
MIA-MKE,9,187.7590697637879,141.34745542881853,1,True,0.28393851508173196
MIA-MKE,10,178.90350823653372,163.69306824939085,1,True,0.08885346111492964
MIA-MKE,11,168.79200659179688,132.0879115848751,1,True,0.24519952896260833
MIA-MKE,12,168.8757003525556,153.11765090557708,1,True,0.09795635737594477
MIA-MKE,13,199.188361001477,169.02803396064544,1,True,0.164186332145821
MIA-MKE,14,174.52147014594516,178.46835636187203,1,True,-0.022363538061379806
MIA-MKE,15,197.80645616592903,198.97014356015333,1,True,-0.005865722583335398
MIA-MKE,16,196.49804029277726,208.4246623418103,1,True,-0.058925186054037404
MIA-MKE,17,211.71776679168596,183.16378836796204,1,True,0.14487332804600417
MIA-MKE,18,192.62176466235226,152.8367328254544,1,True,0.23135825154314738
MIA-MKE,19,121.11872292435876,100.78160656457659,1,True,0.18381538131716813
MIA-MKE,20,122.91466451009114,133.56521788887355,1,True,-0.08309955194190888
MIA-MKE,21,129.0181341813636,142.79723709739298,1,True,-0.10147273212957941
MIA-MKE,22,154.3663645334788,145.31067650063525,1,True,0.06045472068286273
MIA-MKE,23,149.84837341308594,152.89999809265137,1,True,-0.02016016152430211
MIA-MKE,24,172.73617553710938,145.11904616582962,1,True,0.1742110199931206
MKE-PBI,1,136.70799028380844,125.55633969374107,1,True,0.08509261355753495
MKE-PBI,2,141.8391200886916,136.98958508173624,1,True,0.03478855656112323
MKE-PBI,3,133.3296661376953,145.94317973743784,1,True,-0.09039261198328319
MKE-PBI,4,146.2625411339248,140.74074431996286,1,True,0.038483728637142
MKE-PBI,5,167.99999683461292,150.05881824368745,1,True,0.11293662170042307
MKE-PBI,6,159.4261333292181,149.22017984652737,1,True,0.0661577687443673
MKE-PBI,7,142.22115296583908,132.06818372553045,1,True,0.07406492874124204
MKE-PBI,8,154.29487111018256,147.50000653948103,1,True,0.04503729897470521
MKE-PBI,9,178.60155987739563,142.6403540895696,1,True,0.22483094636820855
MKE-PBI,10,167.4532369709701,143.75324873490766,1,True,0.15260585070653754
MKE-PBI,11,145.18182155064173,142.62887227166559,1,True,0.01774094078668398
MKE-PBI,12,166.36296160662616,147.3376603560014,1,True,0.12144495520194987
MKE-PBI,13,179.16154033954328,146.19318372553045,1,True,0.20335893558160567
MKE-PBI,14,159.08064516129033,155.65854005891134,1,True,0.021746513459858896
MKE-PBI,15,176.8076887864333,142.81290440713207,1,True,0.21352722504963317
MKE-PBI,16,152.82352959127988,145.51427946544828,1,True,0.049009631896915984
MKE-PBI,17,147.17307985745944,148.45794478086668,1,True,-0.008692409838376491
MKE-PBI,18,144.04917795150007,131.0000022681984,1,True,0.09495741430996141
MKE-PBI,19,130.11476143592043,111.36923076923077,1,True,0.1555657569130462
MKE-PBI,20,147.13991687915944,129.03704113430447,1,True,0.13128444587336308
MKE-PBI,21,145.03791527047542,126.69613023620943,1,True,0.13520364873194968
MKE-PBI,22,167.4495391845703,146.1744201127873,1,True,0.1358814802993562
MKE-PBI,23,143.6234130859375,154.8367335520634,1,True,-0.0751765427552673
MKE-PBI,24,171.78846740722656,151.26203796060327,1,True,0.12725019571713503
MKE-VPS,1,147.44099009259148,156.0,1,True,-0.05642797868675409
MKE-VPS,4,186.6249997615814,217.83333206176758,1,True,-0.1546289839770072
MKE-VPS,5,177.03960924809522,219.33332994249133,1,True,-0.21421913859617447
MKE-VPS,6,194.39999389648438,195.21428898402624,1,True,-0.004180012432650315
MKE-VPS,7,185.04082162039623,246.13333740234376,1,True,-0.28529695290765833
MKE-VPS,8,154.500000782502,149.5,1,True,0.03289770857179697
MKE-VPS,9,175.50381982235507,147.85714285714286,1,True,0.171414251394447
MKE-VPS,10,178.39415969291744,238.12499237060547,1,True,-0.28880023137879984
MKE-VPS,11,156.64341629383176,182.1,1,True,-0.15058399834603886
MKE-VPS,12,171.34426404609056,196.1000015258789,1,True,-0.13494996829699257
MKE-VPS,13,182.58558654785156,245.1,1,True,-0.2944472600568693
MKE-VPS,14,165.96808770362367,197.55555725097656,1,True,-0.17422432019334444
MKE-VPS,15,171.2000038840554,231.8333282470703,1,True,-0.3031862143611983
MKE-VPS,16,134.7068976040544,203.7647031896255,1,True,-0.41386462314889805
MKE-VPS,17,128.0,186.5833371480306,1,True,-0.3768477233361427
MKE-VPS,18,146.82051438551682,185.93750381469724,1,True,-0.23619976606825244
MKE-VPS,19,123.0,167.78947890432258,1,True,-0.3105257364823295
MKE-VPS,21,146.33333333333334,173.1458387374878,1,True,-0.1682471134496497
MKE-VPS,22,182.24999872843424,160.65454822887074,1,True,0.12612296733530215
MKE-VPS,23,139.0,136.0833339691162,1,True,0.021206485276215048
MKE-VPS,24,135.0,179.9999968210856,1,True,-0.28768205479114517
MSP-PBI,1,185.39688822824203,156.1784363927451,1,True,0.1714996922801637
MSP-PBI,2,189.47938474674814,168.76271289890096,1,True,0.11578656837633616
MSP-PBI,3,180.92526179955098,161.29203823393425,1,True,0.1148674038321813
MSP-PBI,4,199.57915676514614,170.58878369197666,1,True,0.15695504674112115
MSP-PBI,5,204.65233308525498,170.63865232066948,1,True,0.18176442690185368
MSP-PBI,6,217.66120493737725,210.7200015258789,1,True,0.03240950288595901
MSP-PBI,7,201.8979545126156,163.01744150560955,1,True,0.2139051958926217
MSP-PBI,8,198.6612276038345,168.21691226959229,1,True,0.16634670913453053
MSP-PBI,9,205.88317699967143,172.0265961504997,1,True,0.1796598123414812
MSP-PBI,10,193.22925094182312,170.5565229996391,1,True,0.12481055772904348
MSP-PBI,11,184.72935996799293,153.2227249839089,1,True,0.1869992531655127
MSP-PBI,12,191.54330684631827,184.35095823728122,1,True,0.03827260587466519
MSP-PBI,13,195.26736195882162,186.90909229625356,1,True,0.04374734525232693
MSP-PBI,14,215.05419200277095,203.12962680392795,1,True,0.05704572125754126
MSP-PBI,15,195.53543186938668,185.64646318223743,1,True,0.05189747074380602
MSP-PBI,16,182.82165776797413,169.0551493588616,1,True,0.0782861406880162
MSP-PBI,17,160.3547170770993,149.06162593211113,1,True,0.0730285257901695
MSP-PBI,18,167.53880961518308,142.09774304153328,1,True,0.16469987153378707
MSP-PBI,19,162.8393608887271,135.62857260022844,1,True,0.18284413314585368
MSP-PBI,20,168.59204819810938,145.43060031225673,1,True,0.1477828817187925
MSP-PBI,21,161.52093785854396,153.90258585814217,1,True,0.048314937541472425
MSP-PBI,22,182.29751586914065,169.03125365575156,1,True,0.07555642428319498
MSP-PBI,23,172.98121643066406,176.17054411422376,1,True,-0.018269513451353525
MSP-PBI,24,167.23663330078125,150.7454550448331,1,True,0.10381708914439702
ORF-SAT,1,197.53367614746094,165.24708414855814,1,True,0.17846724846049078
ORF-SAT,2,189.76712313090286,186.04061762737814,1,True,0.019832628469640845
ORF-SAT,3,166.82966349675104,174.05219678142126,1,True,-0.04238192290873943
ORF-SAT,4,162.25348716558412,182.71499919891357,1,True,-0.11876770953647142
ORF-SAT,5,178.12060286172073,175.59500754680377,1,True,0.01428061505963818
ORF-SAT,6,207.65640806540463,192.95578119706136,1,True,0.0734237798492261
ORF-SAT,7,207.62415462212275,210.54398165808783,1,True,-0.013965074023292168
ORF-SAT,8,198.7133897442684,200.94117564781038,1,True,-0.011148672735116882
ORF-SAT,9,185.56250138716265,200.97931069560434,1,True,-0.07981021089913742
ORF-SAT,10,203.63128312606386,219.9374964155,1,True,-0.0770324759790153
ORF-SAT,11,196.98904527638055,209.0200026550293,1,True,-0.05928183441091939
ORF-SAT,12,196.9653934359963,199.00000150863733,1,True,-0.010276786836580065
ORF-SAT,13,204.67906969647078,193.4053361409505,1,True,0.05665506491227479
ORF-SAT,14,167.45877873683915,209.7801836799173,1,True,-0.22532301423186052
ORF-SAT,15,146.11639719160777,208.8974410706436,1,True,-0.35743987382642217
ORF-SAT,16,162.20269878490552,183.60117543687568,1,True,-0.12391910016006413
ORF-SAT,17,156.8518524169922,159.09091130009404,1,True,-0.014174063320648855
ORF-SAT,18,163.53509414405153,174.36610987196408,1,True,-0.06412955807519172
ORF-SAT,19,168.4728240966797,181.89809075940693,1,True,-0.07667213390913385
ORF-SAT,20,185.5,195.13214492797852,1,True,-0.05062211330146038
ORF-SAT,21,192.78033447265625,168.35926123725042,1,True,0.13545122145270927
ORF-SAT,22,192.62527465820312,184.89578981251515,1,True,0.040954351453735605
ORF-SAT,23,192.563720703125,192.29357577682634,1,True,0.0014038708536254774
ORF-SAT,24,193.88571166992188,196.98427610577278,1,True,-0.01585503846715053
ORF-SDF,1,119.7764705882353,114.13960309585615,1,True,0.04820497285923686
ORF-SDF,2,103.48850517711422,113.98136499061349,1,True,-0.09657442459101873
ORF-SDF,3,97.66371553134076,112.7757466750505,1,True,-0.1438712007098344
ORF-SDF,4,107.53378398998363,114.45980874211841,1,True,-0.062418678151693996
ORF-SDF,5,120.95652085456295,122.84262297583408,1,True,-0.015472898886277342
ORF-SDF,6,137.83673983204122,134.51741327693807,1,True,0.024376282707224917
ORF-SDF,7,128.06722996815913,130.72776004760414,1,True,-0.02056163308029113
ORF-SDF,8,123.78461321317232,128.09477443321077,1,True,-0.03422735012753808
ORF-SDF,9,108.8260846345321,123.62080690524722,1,True,-0.12746781734730828
ORF-SDF,10,131.9999978508748,134.9183637657944,1,True,-0.02186797637478577
ORF-SDF,11,128.6111117892795,131.65952270344178,1,True,-0.023426002915267752
ORF-SDF,12,119.89041064536735,134.8843009255149,1,True,-0.11783929989855135
ORF-SDF,13,116.35294274722828,136.11206554544384,1,True,-0.15685037616225017
ORF-SDF,14,118.63461582477277,141.3491173919136,1,True,-0.1751845256495006
ORF-SDF,15,115.11236117930895,142.76508287702288,1,True,-0.21529179724820313
ORF-SDF,16,128.45613566616126,135.55333223978678,1,True,-0.05377766937055739
ORF-SDF,17,122.92857142857143,134.0261812459736,1,True,-0.08643169670260775
ORF-SDF,18,123.15384674072266,142.30939247595012,1,True,-0.14456914736719373
ORF-SDF,19,183.94444613986545,158.48351687476747,1,True,0.14898319543953686
ORF-SDF,20,118.04347726573114,163.6715664583094,1,True,-0.32680876829681793
ORF-SDF,21,159.6666717529297,159.75974045790636,1,True,-0.0005827239329780909
ORF-SDF,22,171.60000610351562,182.64608883955842,1,True,-0.06238411697383661
ORF-SDF,23,177.15383911132812,185.6822425628377,1,True,-0.047018336855846776
ORF-SDF,24,191.76190185546875,194.09375123977662,1,True,-0.012086788175542651
ORF-SEA,1,183.16727063295653,195.31451711347026,1,True,-0.06421138496904799
ORF-SEA,2,198.8608093261719,208.58781394821767,1,True,-0.047754993214563335
ORF-SEA,3,208.21358385535217,203.82650418568807,1,True,0.021295236002870865
ORF-SEA,4,187.7644956284675,187.01734359829413,1,True,0.003987135670820763
ORF-SEA,5,195.11604715288703,185.06369193496218,1,True,0.0528944486015801
ORF-SEA,6,240.0704239106514,221.00238976672043,1,True,0.0827587983766449
ORF-SEA,7,239.3563841150162,235.51223932383013,1,True,0.0161907044435754
ORF-SEA,8,212.03089193279823,215.6558686538264,1,True,-0.01695195579311015
ORF-SEA,9,193.58041637927502,185.97605238132135,1,True,0.040075099874161246
ORF-SEA,10,229.16422493227066,264.31302175759606,1,True,-0.14269520327376828
ORF-SEA,11,307.46328287070753,267.92142813546315,1,True,0.13766191589208887
ORF-SEA,12,243.2918523698406,255.53398339725234,1,True,-0.04909364699497054
ORF-SEA,13,260.71591533314097,223.87019260113055,1,True,0.15236498096942075
ORF-SEA,14,257.79392500181456,279.54838239334816,1,True,-0.08101485553404686
ORF-SEA,15,271.5386998793658,310.0924870485515,1,True,-0.1327659280928577
ORF-SEA,16,273.67532626065343,265.749999219721,1,True,0.029386448850345914
ORF-SEA,17,204.9999957685711,211.1818232680812,1,True,-0.02970952555950479
ORF-SEA,18,255.97036223234954,239.58309627049405,1,True,0.06616135128423739
ORF-SEA,19,305.191188139074,280.65000004487877,1,True,0.08383008503080003
ORF-SEA,20,298.8609360448572,246.95238058907645,1,True,0.1907828414556274
ORF-SEA,21,271.9128267728365,242.5161323137181,1,True,0.11441329195254468
ORF-SEA,22,242.86561584472656,244.18131068070278,1,True,-0.0054027567559638
ORF-SEA,23,288.66943359375,284.53259069915146,1,True,0.014434403737776158
ORF-SEA,24,312.6587219238281,265.25061250487096,1,True,0.16443716373789297
PDX-PHL,1,194.6285698300316,201.81777619538485,1,True,-0.03627222014336606
PDX-PHL,2,189.95193912978533,217.11811917202849,1,True,-0.13367044521517268
PDX-PHL,3,224.33621849951805,216.34876135203464,1,True,0.03625416051146768
PDX-PHL,4,190.80414671817067,209.4397989908854,1,True,-0.09318885031378077
PDX-PHL,5,173.77560968166443,210.96270676080692,1,True,-0.19391650521054427
PDX-PHL,6,221.27792239498783,238.63366153662486,1,True,-0.07551010023830695
PDX-PHL,7,183.84233241565283,238.45710548700072,1,True,-0.26011094172134186
PDX-PHL,8,171.97209458462027,222.39124360329436,1,True,-0.2571059664500721
PDX-PHL,9,150.541982956515,218.14197530864197,1,True,-0.3709041118836387
PDX-PHL,10,196.07904406154856,208.1198096767439,1,True,-0.059596057972746586
PDX-PHL,11,209.99999315272908,235.9112664880887,1,True,-0.11634824675518374
PDX-PHL,12,170.19470266764014,236.91645467251163,1,True,-0.33076447556488375
PDX-PHL,13,178.67461863619127,241.48229663139952,1,True,-0.30122978582711113
PDX-PHL,14,198.7090953788372,246.19167380795955,1,True,-0.21426847142622485
PDX-PHL,15,222.1437248816857,275.9939550609147,1,True,-0.21705438175389258
PDX-PHL,16,214.05228638493156,245.5909040624445,1,True,-0.13744684593083178
PDX-PHL,17,180.08403149773093,221.0545961615076,1,True,-0.2049861288552144
PDX-PHL,18,185.64406107239805,209.6568325952934,1,True,-0.12164087337421758
PDX-PHL,19,208.49330182923413,260.4225313037672,1,True,-0.22239851713183167
PDX-PHL,20,204.1855417274567,253.58040097490627,1,True,-0.21665183759965068
PDX-PHL,21,237.71118665344017,253.70109410054621,1,True,-0.06510034384575203
PDX-PHL,22,215.11463928222656,269.22248214971825,1,True,-0.22436701696775607
PDX-PHL,23,228.86219787597656,288.7575105495207,1,True,-0.2324672056325161
PDX-PHL,24,204.9934844970703,283.8981003487945,1,True,-0.32563717649556345
PDX-PIT,1,234.28169379435795,252.18078096034162,1,True,-0.07362200409538655
PDX-PIT,2,194.78788578974735,228.76275973849826,1,True,-0.16077428154051443
PDX-PIT,3,198.9826789624763,216.1893206105649,1,True,-0.08293672755757164
PDX-PIT,4,200.77907083200853,213.5267874399821,1,True,-0.06155713944007335
PDX-PIT,5,193.69411962172563,207.40170914087543,1,True,-0.06837732477815184
PDX-PIT,6,249.100005868765,242.29047546386718,1,True,0.027717127635480843
PDX-PIT,7,247.26011269630035,238.52450987871956,1,True,0.035968798523898116
PDX-PIT,8,196.6063841150162,248.11728234938633,1,True,-0.23269786728086927
PDX-PIT,9,190.94166247049967,193.15695395704876,1,True,-0.011535142047099711
PDX-PIT,10,239.85795870694247,235.8725917155926,1,True,0.016755115781445618
PDX-PIT,11,194.65909308891793,272.51136016845703,1,True,-0.336430513887799
PDX-PIT,12,180.41765055936926,257.6956485665363,1,True,-0.35650478777952443
PDX-PIT,13,177.5778935878121,217.55095672607422,1,True,-0.20302375711755793
PDX-PIT,14,221.775733498966,256.49655474081806,1,True,-0.14544857090826646
PDX-PIT,15,230.38021183013916,268.1860780685079,1,True,-0.1519500217531906
PDX-PIT,16,215.39999961853027,250.33077056102263,1,True,-0.15028636265299244
PDX-PIT,17,208.90000183105468,209.98880807677313,1,True,-0.005198557096996126
PDX-PIT,18,189.6868642171224,201.49999737138506,1,True,-0.06041473883170134
PDX-PIT,19,256.4479152361552,230.6373639997545,1,True,0.10607896028645758
PDX-PIT,20,233.99999830457898,248.42596803862472,1,True,-0.05982377770125513
PDX-PIT,21,223.1999969482422,232.1979170905219,1,True,-0.03952188206409524
PDX-PIT,22,256.0538330078125,244.72120016922736,1,True,0.0452681034741067
PDX-PIT,23,242.01234436035156,268.2091520022723,1,True,-0.1027783594528131
PDX-PIT,24,265.20001220703125,258.4285721456198,1,True,0.02586496522660564
PDX-RDU,1,190.8327181224043,206.4669844429448,1,True,-0.07874329504406852
PDX-RDU,2,210.2691289655137,206.3121560818487,1,True,0.01899793407929007
PDX-RDU,3,211.44901892937187,189.5602913127226,1,True,0.10927679029712944
PDX-RDU,4,176.67184981559086,178.11948874417473,1,True,-0.0081605541341645
PDX-RDU,5,169.02744479295683,180.3743681021072,1,True,-0.06497341687948488
PDX-RDU,6,230.03646389643356,193.30580002052196,1,True,0.17396444399380417
PDX-RDU,7,236.46031174432665,220.8386543688302,1,True,0.06834801465784768
PDX-RDU,8,234.63385556438777,219.54043545995708,1,True,0.06648980590809472
PDX-RDU,9,203.60384427584134,202.5673088660607,1,True,0.005103945230621854
PDX-RDU,10,228.82271544226649,222.73949677283022,1,True,0.026944622652559147
PDX-RDU,11,232.54255916514296,242.11326860841424,1,True,-0.04033241030692469
PDX-RDU,12,193.025205083254,216.6454153782818,1,True,-0.11544120987744222
PDX-RDU,13,189.40797527289828,212.5858299400891,1,True,-0.11544252445808034
PDX-RDU,14,200.58867198023302,223.8485816209474,1,True,-0.10971344512797376
PDX-RDU,15,215.4099534744335,225.60421903907152,1,True,-0.04623924794947687
PDX-RDU,16,203.72143125988188,215.26849726541855,1,True,-0.05513254587072858
PDX-RDU,17,192.79787542464885,181.02794642478042,1,True,0.0629909430497726
PDX-RDU,18,216.8776242449567,185.82124668269293,1,True,0.1545480786143969
PDX-RDU,19,238.16838582356772,214.89917190298848,1,True,0.10280897673450617
PDX-RDU,20,259.09523010253906,234.20281489115644,1,True,0.10100820764603036
PDX-RDU,21,240.48648463068787,232.5791138757633,1,True,0.033433449123351444
PDX-RDU,22,244.552001953125,253.51695257930433,1,True,-0.03600272165024698
PDX-RDU,23,258.71551513671875,277.77777718694927,1,True,-0.07109237052932826
PDX-RDU,24,282.6319580078125,262.83061199577486,1,True,0.07263578568886686
PDX-SDF,1,212.51898541027987,191.39473724365234,1,True,0.10469334495465343
PDX-SDF,2,224.999998031124,186.96808413241772,1,True,0.1851624642542573
PDX-SDF,3,217.52795078443444,190.0884337133291,1,True,0.13483794715276165
PDX-SDF,4,204.503810271052,186.48760696285026,1,True,0.09222182116697208
PDX-SDF,5,181.50704719650912,195.8699984741211,1,True,-0.07615668559627586
PDX-SDF,6,253.9666778564453,218.46629059180785,1,True,0.15057134270477412
PDX-SDF,7,228.7454553777521,225.09183587833323,1,True,0.016101358367926366
PDX-SDF,8,209.3671885728836,227.56172604031033,1,True,-0.08333193126887561
PDX-SDF,9,183.5940532117787,197.1052604273746,1,True,-0.07101081518400765
PDX-SDF,10,253.4253692626953,239.4759017760495,1,True,0.05661658545666448
PDX-SDF,11,218.35651762589166,246.2598873504811,1,True,-0.12025830199408016
PDX-SDF,12,198.97000259399414,220.64044943820224,1,True,-0.10338037838982217
PDX-SDF,13,270.7358427227668,204.6701014410589,1,True,0.279744173777873
PDX-SDF,14,189.36296680591724,244.47556057400175,1,True,-0.25544971454050813
PDX-SDF,15,197.95744729549327,267.07142849876766,1,True,-0.29946405014131106
PDX-SDF,16,215.53488017237459,240.4458587063346,1,True,-0.10937219108363294
PDX-SDF,17,210.8,168.66422722809506,1,True,0.22299989922697794
PDX-SDF,18,219.00000610351563,214.76441823519193,1,True,0.019530059447466996
PDX-SDF,19,230.3333282470703,245.34041960695956,1,True,-0.06311920089374645
PDX-SDF,20,186.54546009410512,236.95151108250474,1,True,-0.23918056237769836
PDX-SDF,21,269.3333435058594,241.17742021622195,1,True,0.11041696151193836
PDX-SDF,22,247.95237731933588,235.37674418604652,1,True,0.05204930359399995
PDX-SDF,23,255.8235321044922,249.34447588968436,1,True,0.025652501362188218
PDX-SDF,24,225.26666259765625,235.15720710587814,1,True,-0.042969389344866826
PHL-SEA,1,203.28803817085597,208.99226122621872,1,True,-0.027673343063810307
PHL-SEA,2,223.71962124833436,199.38052858335783,1,True,0.11517837425373756
PHL-SEA,3,208.748043179512,195.1704143271937,1,True,0.0672548931517074
PHL-SEA,4,203.04062795639035,202.23472685164833,1,True,0.003977059830685192
PHL-SEA,5,160.93103616648708,204.3546782745712,1,True,-0.23888117676299636
PHL-SEA,6,218.09959660868245,213.51029601631777,1,True,0.021266767228729222
PHL-SEA,7,202.48780269157595,213.3819882055247,1,True,-0.052404280284432225
PHL-SEA,8,178.07743108161142,208.18783471068244,1,True,-0.15622226190845723
PHL-SEA,9,160.78761250993847,247.1111058881206,1,True,-0.4297537397503941
PHL-SEA,10,168.2567534575591,239.75524931687576,1,True,-0.3541275013446272
PHL-SEA,11,200.07622242516354,249.48578932133805,1,True,-0.22070355087250526
PHL-SEA,12,189.40116790726802,240.7287534001559,1,True,-0.23980344798505815
PHL-SEA,13,187.308868365935,246.37990922465335,1,True,-0.27411573431160186
PHL-SEA,14,218.92394505831368,259.8645018443064,1,True,-0.17143596175759246
PHL-SEA,15,222.35135406631608,246.94848144566188,1,True,-0.10492093099471855
PHL-SEA,16,168.8938266141915,227.41356814804897,1,True,-0.29749997336655376
PHL-SEA,17,160.80926630087706,196.42149566797818,1,True,-0.20004385700884608
PHL-SEA,18,175.15752964803616,206.183826141798,1,True,-0.16308239235347433
PHL-SEA,19,206.11363474527994,224.52058158269742,1,True,-0.08553973873114717
PHL-SEA,20,175.7142849797788,227.50067524762366,1,True,-0.25829391137699353
PHL-SEA,21,196.86744086686957,220.05625733108627,1,True,-0.11135261555820364
PHL-SEA,22,203.37147521972656,228.11649493974508,1,True,-0.1148222072302536
PHL-SEA,23,218.6528778076172,252.91108303878931,1,True,-0.14555253703371207
PHL-SEA,24,207.36294555664065,245.46511607629517,1,True,-0.16868422566194408
PHL-SJC,1,200.49074144716616,187.2355208820358,1,True,0.06840077401451872
PHL-SJC,2,162.6388905843099,196.39090260511875,1,True,-0.18857472609950054
PHL-SJC,3,181.53495106798536,202.13573384070534,1,True,-0.10749121841676246
PHL-SJC,4,177.26337134592816,188.3764013569007,1,True,-0.06080549576255567
PHL-SJC,5,180.49090881347655,200.98832442012147,1,True,-0.10756640908970017
PHL-SJC,6,227.88235063312436,215.91135638264296,1,True,0.05396155344753062
PHL-SJC,7,179.28296703296704,209.50257916051905,1,True,-0.1557706712440714
PHL-SJC,8,167.52514333032363,206.77208571977408,1,True,-0.21048370207608968
PHL-SJC,9,191.65184699164496,194.4469783091705,1,True,-0.014479091704438396
PHL-SJC,10,173.36393187475986,209.20641535206846,1,True,-0.18792836046498707
PHL-SJC,11,172.80713878813245,215.57625605025382,1,True,-0.22113853538514405
PHL-SJC,12,185.48500244140624,214.54030546415166,1,True,-0.14552359557152617
PHL-SJC,13,171.61453874067826,202.5091800118414,1,True,-0.165534310849913
PHL-SJC,14,159.4442472744832,217.66642270325025,1,True,-0.3112694055449641
PHL-SJC,15,169.23641569718072,224.50953306730327,1,True,-0.28262152302062393
PHL-SJC,16,157.98268054780505,210.34594458956502,1,True,-0.2862681202720987
PHL-SJC,17,137.21739618526482,167.8810116424961,1,True,-0.201688962825731
PHL-SJC,18,141.3424654398879,189.64756222000716,1,True,-0.2939816355147462
PHL-SJC,19,170.3695592465608,204.32670266147755,1,True,-0.18175024095406211
PHL-SJC,20,155.0000030517578,205.4768759472249,1,True,-0.28190836519252116
PHL-SJC,21,171.20862716565028,198.37440150006674,1,True,-0.1472733070684109
PHL-SJC,22,186.61381853305227,230.0469411629398,1,True,-0.20924204013707381
PHL-SJC,23,213.01779174804688,239.25447087575458,1,True,-0.11615202564986049
PHL-SJC,24,172.11111450195312,232.99106690246433,1,True,-0.30285983057420207
PIT-SAT,1,253.1111137753441,210.38944100861502,1,True,0.18486828291289115
PIT-SAT,2,253.11340143262726,227.0659065574493,1,True,0.10859730271105139
PIT-SAT,3,222.4074076899776,211.59473836798418,1,True,0.04983803604108328
PIT-SAT,4,154.26666666666668,187.3798999038397,1,True,-0.1944553996834193
PIT-SAT,5,160.09558823529412,198.0245645623458,1,True,-0.2126200231292259
PIT-SAT,6,172.36719226837158,191.5790804259631,1,True,-0.10567363594244306
PIT-SAT,7,168.9120305379232,173.17647250046207,1,True,-0.024933096795387577
PIT-SAT,8,158.14567638006736,177.2122156075726,1,True,-0.11383136198294341
PIT-SAT,9,170.59821564810616,182.75454573197797,1,True,-0.06883279663657671
PIT-SAT,10,159.47928777389978,186.63158086587114,1,True,-0.15722246117154626
PIT-SAT,11,178.34928222364215,192.82704143404212,1,True,-0.07804974148329791
PIT-SAT,12,157.95726469643097,193.6944425135483,1,True,-0.20395735895942124
PIT-SAT,13,196.9999984741211,194.27526408870045,1,True,0.013927680542987986
PIT-SAT,14,159.7474237815621,181.1613715062223,1,True,-0.12579422278485808
PIT-SAT,15,146.43589782714844,178.94330010954866,1,True,-0.20048122129040102
PIT-SAT,16,135.16666175579203,175.38917842353743,1,True,-0.26049883292032927
PIT-SAT,17,113.78947047183388,120.37383079528809,1,True,-0.05625216624986784
PIT-SAT,18,128.15217479761097,146.82764617086679,1,True,-0.13604100047918077
PIT-SAT,19,129.90516531056372,157.33105094064277,1,True,-0.19154750344734328
PIT-SAT,20,147.14224374705347,168.67445885557962,1,True,-0.1365708148503888
PIT-SAT,21,148.78571101597376,157.4227368641069,1,True,-0.056427688639452356
PIT-SAT,22,168.72988891601562,170.80991626245589,1,True,-0.01225219155536017
PIT-SAT,23,165.90184020996094,172.04748807922203,1,True,-0.03637424277135626
PIT-SAT,24,163.2593994140625,172.1861334102287,1,True,-0.053235719370209544
PIT-SEA,1,258.24741418582875,211.5292312856821,1,True,0.19955489679156724
PIT-SEA,2,275.5895470007142,216.39323870567242,1,True,0.2418153082103469
PIT-SEA,3,211.57751819699308,192.83130906855018,1,True,0.09277568720670892
PIT-SEA,4,197.6537331196799,203.26721216420657,1,True,-0.028004752445949244
PIT-SEA,5,157.5193336444665,232.40700557739586,1,True,-0.38894196497415123
PIT-SEA,6,207.30516353123625,250.8085455478766,1,True,-0.1904979537080953
PIT-SEA,7,238.83798797436933,249.68749794207122,1,True,-0.04442468023215351
PIT-SEA,8,192.78448854643722,241.1867652032162,1,True,-0.22399866737158636
PIT-SEA,9,182.35017609854467,200.38171956872426,1,True,-0.09429526236149854
PIT-SEA,10,235.92268434504874,216.97542013001333,1,True,0.08372006680821187
PIT-SEA,11,208.32727097020006,230.7769518808509,1,True,-0.10234140647749435
PIT-SEA,12,178.86725204602806,226.93400221267765,1,True,-0.23801531402578568
PIT-SEA,13,151.62423983487216,224.2904649214311,1,True,-0.39153657644452
PIT-SEA,14,187.21428783183194,232.1228826652139,1,True,-0.21501301308387877
PIT-SEA,15,218.069066337459,244.52469733236538,1,True,-0.11450448472333363
PIT-SEA,16,176.14286004929315,224.94036274947888,1,True,-0.24453994201504248
PIT-SEA,17,185.26804328210574,171.96296397214212,1,True,0.07452453118248226
PIT-SEA,18,179.75591031772885,185.38895261161616,1,True,-0.03085618775296073
PIT-SEA,19,236.32820559770633,202.5685540379408,1,True,0.15414317286650014
PIT-SEA,20,182.275233417476,207.51956916016283,1,True,-0.12970782815918547
PIT-SEA,21,202.24210622687093,193.7126184980446,1,True,0.04308981256183131
PIT-SEA,22,191.55723571777344,229.92397017331467,1,True,-0.18256204481344795
PIT-SEA,23,211.274917602539,240.15473567507394,1,True,-0.12812323514162305
PIT-SEA,24,205.23387145996097,235.7056126545385,1,True,-0.13843345709430022
RDU-SEA,1,202.58295895700502,202.03465747006845,1,True,0.0027102221964447892
RDU-SEA,2,186.1095705835327,207.98728053745725,1,True,-0.11114133714220475
RDU-SEA,3,203.30520326471057,190.03700634120318,1,True,0.06748949091687706
RDU-SEA,4,191.10654466881599,179.98316839113247,1,True,0.05996776043118501
RDU-SEA,5,198.776645447397,172.88153536283053,1,True,0.13957521644350557
RDU-SEA,6,247.2056464453044,211.55237541804237,1,True,0.15574796119039558
RDU-SEA,7,239.01143726024753,223.550109169207,1,True,0.06687581440845225
RDU-SEA,8,209.08208022313292,206.06965172231494,1,True,0.014512676409168535
RDU-SEA,9,182.03416425492063,184.69542519475374,1,True,-0.014513732908955745
RDU-SEA,10,236.60876206220206,216.8618501068143,1,True,0.08714746873891599
RDU-SEA,11,230.86749435200156,224.2761331162475,1,True,0.028965898631922116
RDU-SEA,12,209.29807354853705,205.59403966607684,1,True,0.017855881940530338
RDU-SEA,13,200.76000467936194,199.93502858155853,1,True,0.004117731416637405
RDU-SEA,14,237.51278245968925,212.0920160833005,1,True,0.11320122427581936
RDU-SEA,15,230.7350986505976,226.25815284480126,1,True,0.019593676798193904
RDU-SEA,16,202.19880621935565,221.2507627683556,1,True,-0.09004532881340932
RDU-SEA,17,177.84759585195394,168.90671320788795,1,True,0.05158041079576314
RDU-SEA,18,199.05151096690784,183.19416622161862,1,True,0.08301703234423918
RDU-SEA,19,215.3518257192733,211.90617496640374,1,True,0.016129483585062943
RDU-SEA,20,203.74520985102745,201.35030790530377,1,True,0.011824025410319017
RDU-SEA,21,182.55498213902155,184.21678668468982,1,True,-0.009061852949447058
RDU-SEA,22,216.38596900076007,211.48426657515827,1,True,0.02291310060755425
RDU-SEA,23,232.44625854492188,242.7613093642286,1,True,-0.043419642344636245
RDU-SEA,24,209.0660400390625,223.8434801449983,1,True,-0.06829687516178407
ROC-SAN,1,203.46153259277344,194.0902290057419,1,True,0.04715380907973632
ROC-SAN,2,211.23214667184013,201.44607641182694,1,True,0.04743601515670992
ROC-SAN,3,209.72500438690184,212.99999927339098,1,True,-0.015494992648356742
ROC-SAN,4,183.11538050724909,213.88484913219105,1,True,-0.1553213332947747
ROC-SAN,5,216.0,218.16875228881835,1,True,-0.00999044871738608
ROC-SAN,6,213.1320757595998,233.93970056275023,1,True,-0.09315134471546216
ROC-SAN,7,206.5959586711845,241.150219307437,1,True,-0.15465506057057432
ROC-SAN,8,196.65217391304347,217.85083134266554,1,True,-0.10237401513171562
ROC-SAN,9,188.3939444802024,194.04065214327682,1,True,-0.02953246444081259
ROC-SAN,10,193.5106344020113,231.7944458855523,1,True,-0.1805185007046175
ROC-SAN,11,209.13861658077428,227.1470580541787,1,True,-0.0826003712172998
ROC-SAN,12,204.3369546973187,219.25543204597804,1,True,-0.07046703658923903
ROC-SAN,13,238.20512351011618,239.20689405243974,1,True,-0.004196676982330949
ROC-SAN,14,221.93220287258342,263.5703695791739,1,True,-0.17194844678978694
ROC-SAN,15,225.0533251953125,249.01351695017772,1,True,-0.10116980493959993
ROC-SAN,16,214.73333740234375,220.47090011677415,1,True,-0.026368746740146776
ROC-SAN,17,203.39474166067023,244.47872307960023,1,True,-0.18397965188776233
ROC-SAN,18,174.8269260113056,202.76296070240164,1,True,-0.1482411251769582
ROC-SAN,19,172.48351413601048,197.1909076343883,1,True,-0.13387067209660852
ROC-SAN,20,192.8076934814453,213.79577174656828,1,True,-0.10332793638919302
ROC-SAN,21,172.9799938964844,190.0459785899897,1,True,-0.09409008987004963
ROC-SAN,22,179.42591857910156,228.74603138272724,1,True,-0.24284994198413656
ROC-SAN,23,206.09756469726557,250.5833369524051,1,True,-0.1954418759384673
ROC-SAN,24,212.0909118652344,243.59055166169415,1,True,-0.13847373649760097
ROC-SAT,1,199.40740966796875,231.34090666337445,1,True,-0.14854239238412603
ROC-SAT,2,226.0,234.14893876745344,1,True,-0.035422404070476254
ROC-SAT,3,191.6842041015625,234.16215886296453,1,True,-0.2001646143435023
ROC-SAT,4,209.73333740234375,232.2368392944336,1,True,-0.10192080805493386
ROC-SAT,5,249.05882352941177,251.46808510638297,1,True,-0.009626975663587167
ROC-SAT,6,242.73529142491958,235.64616041917068,1,True,0.029640154220750503
ROC-SAT,7,196.99999809265137,237.13333435058593,1,True,-0.1854188560800205
ROC-SAT,8,250.9000040690104,245.7027035275021,1,True,0.020932186755500126
ROC-SAT,9,292.7407452618634,235.1363664106889,1,True,0.2191217604235014
ROC-SAT,10,221.41176111557905,262.499993218316,1,True,-0.1702269157631413
ROC-SAT,11,240.51999816894534,232.6562466621399,1,True,0.03324121058683094
ROC-SAT,12,276.24999237060547,292.9090916026722,1,True,-0.058556068092211255
ROC-SAT,13,316.2999954223633,313.18181402033025,1,True,0.009907218477532176
ROC-SAT,14,243.76364135742188,262.85714939662387,1,True,-0.07541165357090929
ROC-SAT,15,201.88888380262586,194.2179500873272,1,True,0.038736483347110884
ROC-SAT,16,207.09524536132812,224.48101748695856,1,True,-0.08061233902361664
ROC-SAT,17,147.39999389648438,147.11429029192243,1,True,0.0019401686744737745
ROC-SAT,18,158.69767938658248,141.26865512221607,1,True,0.11633757181505633
ROC-SAT,19,166.36000061035156,141.8811914425085,1,True,0.15916409113669783
ROC-SAT,20,155.14865112304688,149.83333055178323,1,True,0.034860150158936065
ROC-SAT,21,154.6229528208248,147.2019238105187,1,True,0.04918431541173085
ROC-SAT,22,174.02984619140625,157.89564912215522,1,True,0.09729244809987225
ROC-SAT,23,175.76596069335938,165.87096757786247,1,True,0.05794315897179203
ROC-SAT,24,173.2888946533203,173.79999593098958,1,True,-0.002945076382176559
SDF-SEA,1,207.2648963170336,190.5999965122768,1,True,0.08382069458835772
SDF-SEA,2,225.62140037002877,201.3891575254243,1,True,0.11361923161015586
SDF-SEA,3,230.68358204400363,173.6735247443704,1,True,0.2838697546252078
SDF-SEA,4,187.47287519588028,178.87443843550747,1,True,0.046950070875863226
SDF-SEA,5,196.52173631087592,196.80924881951657,1,True,-0.0014619369981883068
SDF-SEA,6,245.22313772154246,214.10542658114204,1,True,0.1357000209729069
SDF-SEA,7,244.9099520281028,239.26683748077235,1,True,0.023311196289935943
SDF-SEA,8,209.7918439592634,220.8039227653952,1,True,-0.05115926049954478
SDF-SEA,9,187.08743086017546,203.5839426082416,1,True,-0.08450236192318439
SDF-SEA,10,210.4858735510185,235.43968657853537,1,True,-0.11203623085922576
SDF-SEA,11,235.46188231327073,232.24429415724566,1,True,0.01375923209744645
SDF-SEA,12,205.61273971258424,212.9553863638839,1,True,-0.03508819483629644
SDF-SEA,13,229.44210397820723,201.62301357208736,1,True,0.12925104312212543
SDF-SEA,14,232.30729484558105,246.2295997386076,1,True,-0.058203390943086575
SDF-SEA,15,253.7171015488474,258.55500690460207,1,True,-0.018888591096793306
SDF-SEA,16,263.21332885742186,243.2211541395921,1,True,0.07899371093334562
SDF-SEA,17,205.99999886971932,177.90964085222726,1,True,0.14660037756294564
SDF-SEA,18,186.60563337299186,184.69970738714014,1,True,0.010266174579686371
SDF-SEA,19,231.810809161212,226.3353697148765,1,True,0.023903725112448093
SDF-SEA,20,280.47620282854353,245.15217139202613,1,True,0.1346097575031422
SDF-SEA,21,246.2307645357572,225.10637875820728,1,True,0.08969607848755157
SDF-SEA,22,236.51612854003903,237.46542451736775,1,True,-0.004005629503924801
SDF-SEA,23,247.36585998535156,257.06652573616276,1,True,-0.03846645117516001
SDF-SEA,24,299.1600036621094,217.40173899920688,1,True,0.3192315858332684
SDF-SFO,1,215.35164617182133,191.38888465033637,1,True,0.11796485223471809
SDF-SFO,2,207.48404028060588,183.61111145019532,1,True,0.12223442616598845
SDF-SFO,3,209.7839968261719,159.16536033810593,1,True,0.2761347508981311
SDF-SFO,4,193.2036994651512,164.17045107754794,1,True,0.16283984603808044
SDF-SFO,5,182.0254198494604,176.0625057220459,1,True,0.03330726868977418
SDF-SFO,6,204.6120710701778,205.88541475931802,1,True,-0.006203924833667607
SDF-SFO,7,227.71667035420737,218.8518524169922,1,True,0.03970715438629302
SDF-SFO,8,254.8207575959979,255.55384404109074,1,True,-0.002872740715934796
SDF-SFO,9,282.0400054931641,235.94915409411416,1,True,0.17843259126794297
SDF-SFO,10,269.98412649972096,265.3947460776881,1,True,0.01714484106701164
SDF-SFO,11,246.0472985344964,208.73333663940429,1,True,0.16446625185327246
SDF-SFO,12,205.54074288827402,216.80750829848884,1,True,-0.05336562482393248
SDF-SFO,13,185.65305655343192,202.04166574831362,1,True,-0.08459429766075122
SDF-SFO,14,229.12396744657153,238.30044138271177,1,True,-0.03926903667480364
SDF-SFO,15,215.45454426554892,256.9686082232693,1,True,-0.1762039746312416
SDF-SFO,16,184.46087646484375,246.07096971081148,1,True,-0.2881825997717664
SDF-SFO,17,211.5200067138672,201.44310947806537,1,True,0.04881258197814198
SDF-SFO,18,182.32000122070312,198.6340576393017,1,True,-0.08570083389258976
SDF-SFO,19,211.62068649818158,211.23564982342216,1,True,0.0018211233844711572
SDF-SFO,20,212.0000005868765,235.79325171361995,1,True,-0.10636909156651253
SDF-SFO,21,193.3333282470703,225.36841673600046,1,True,-0.1533206822654245
SDF-SFO,22,211.07142639160156,212.38267875117296,1,True,-0.006193146009167982
SDF-SFO,23,190.81817626953125,228.99999726239372,1,True,-0.18240097365557162
SDF-SFO,24,181.3157958984375,214.69543352465945,1,True,-0.1689801958451742
SDF-SJC,1,171.18918506519213,182.56976424816042,1,True,-0.06436307946490416
SDF-SJC,2,189.0547901310333,195.15740542941623,1,True,-0.03176957235602984
SDF-SJC,3,167.3152147376019,169.264149359937,1,True,-0.011580961951665358
SDF-SJC,4,157.3888871934679,173.84393169425127,1,True,-0.09943822127122104
SDF-SJC,5,146.00000132242837,166.6965494090113,1,True,-0.13256845937039685
SDF-SJC,6,170.02500114440917,216.11831874701812,1,True,-0.23988053789626473
SDF-SJC,7,199.3076934814453,205.50241568007908,1,True,-0.03060796001167887
SDF-SJC,8,206.74725039974675,206.06508893797383,1,True,0.003304950059328071
SDF-SJC,9,157.1999948354868,208.77857055664063,1,True,-0.28375537216583613
SDF-SJC,10,214.35,245.45454488336082,1,True,-0.13550158382301536
SDF-SJC,11,204.5454531582919,229.78645873069763,1,True,-0.11636022173581484
SDF-SJC,12,205.35294656192556,200.26316242126757,1,True,0.025097875541921333
SDF-SJC,13,181.71428843906946,184.84020988228394,1,True,-0.01705611164265708
SDF-SJC,14,201.06154151329628,236.29508541920146,1,True,-0.1614703480402513
SDF-SJC,15,204.6296341507523,235.13761201911015,1,True,-0.13896924334154725
SDF-SJC,16,337.8125,263.9513401340794,1,True,0.24672623934974247
SDF-SJC,17,142.5,188.619721533547,1,True,-0.2803909330701728
SDF-SJC,18,253.00000762939453,223.83538912549432,1,True,0.12247860715296
SDF-SJC,20,268.3333333333333,251.8181845925071,1,True,0.06352265135026425
SDF-SJC,21,199.0,245.9041113657494,1,True,-0.21163684402339467
SDF-SJC,22,262.3333435058594,257.731126821266,1,True,0.017699101118135552
SDF-SJC,23,194.5,288.3565882010053,1,True,-0.3937657046732621
SDF-SJC,24,440.0,257.40410603562447,1,True,0.5361274799131586
SDF-SLC,1,153.97344714139416,163.82978333818153,1,True,-0.06204781596417153
SDF-SLC,2,183.26562011241913,158.931576939633,1,True,0.14246280060534477
SDF-SLC,3,164.6190439860026,166.08333728187964,1,True,-0.00885571407049035
SDF-SLC,4,171.02726634632458,180.37640500872322,1,True,-0.05322281033067089
SDF-SLC,5,175.42168785003292,180.6118699861988,1,True,-0.029157643864524907
SDF-SLC,6,216.85964644582648,211.62544849742542,1,True,0.024432393955259535
SDF-SLC,7,188.21260323111466,205.99287990149227,1,True,-0.0902694124765322
SDF-SLC,8,175.51948012314833,212.4969708066998,1,True,-0.1911776986367606
SDF-SLC,9,170.5118151086522,205.48633938148373,1,True,-0.18657496554985364
SDF-SLC,10,203.03539809505497,220.80102531277404,1,True,-0.08388161932610583
SDF-SLC,11,230.09090754961727,205.15289104871513,1,True,0.11471896989406094
SDF-SLC,12,200.89655067180766,208.79918364227794,1,True,-0.038582843946898926
SDF-SLC,13,221.7951843997082,193.02702924367543,1,True,0.13892413623370992
SDF-SLC,14,205.6875,199.15016830496413,1,True,0.032298871959696385
SDF-SLC,15,195.24590389064105,207.24622544331766,1,True,-0.0596477715654693
SDF-SLC,16,179.31034430142105,197.65097728056065,1,True,-0.09738466258249545
SDF-SLC,17,186.52381388346353,197.50999710083008,1,True,-0.057230281976583086
SDF-SLC,18,160.000001173753,179.62376237623764,1,True,-0.11569063176384642
SDF-SLC,19,166.11999328613283,167.44089305743623,1,True,-0.007920033373464364
SDF-SLC,20,165.3333312988281,178.33677214527458,1,True,-0.07571011534825267
SDF-SLC,21,170.31818528608844,176.82262824288932,1,True,-0.03747876401623884
SDF-SLC,22,196.3125033378601,176.83651205369497,1,True,0.10448214927882571
SDF-SLC,23,194.3913116455078,208.78571286882672,1,True,-0.07143523086363857
SDF-SLC,24,198.8000030517578,187.01695070428363,1,True,0.061100051349381346
STL-VPS,1,230.47576810189804,238.44000244140622,1,True,-0.03397198722096206
STL-VPS,2,215.26720604529748,211.26190258207777,1,True,0.018781467049142186
STL-VPS,3,262.8114371163504,258.00001056377704,1,True,0.018477180026632567
STL-VPS,4,285.2981332340596,208.6,1,True,0.3131161724629896
STL-VPS,5,286.17646058667606,289.2000076293945,1,True,-0.010509901050674841
STL-VPS,6,249.88584237991404,296.51851738823785,1,True,-0.17110548664189462
STL-VPS,7,249.9570530616433,299.7777811686198,1,True,-0.18175235539105383
STL-VPS,8,272.68749872843426,248.41666539510092,1,True,0.09321900744935085
STL-VPS,9,284.333331072772,358.07693246694714,1,True,-0.23060060759993561
STL-VPS,10,249.75151478160512,388.0,1,True,-0.4405388569213917
STL-VPS,11,205.88660021909735,326.4545593261719,1,True,-0.4609652310753498
STL-VPS,12,209.20740356445313,324.5,1,True,-0.4389594146921416
STL-VPS,13,225.28099261827705,266.20001220703125,1,True,-0.1668994727040829
STL-VPS,14,222.1223057808636,290.18182373046875,1,True,-0.2672795477840424
STL-VPS,15,212.26842474686472,260.6315660978618,1,True,-0.20525615765581318
STL-VPS,16,261.63999959309893,270.566677347819,1,True,-0.033549053038172794
STL-VPS,17,182.3125,235.75861911115976,1,True,-0.2570862336039923
STL-VPS,18,188.07142421177454,232.68965727707436,1,True,-0.21288381602410134
STL-VPS,19,161.08333587646484,217.73171196914302,1,True,-0.3013417806331118
STL-VPS,20,242.0,259.2935763017847,1,True,-0.06902319285231862
STL-VPS,21,146.0,222.38158517134818,1,True,-0.4207881367513986
STL-VPS,22,173.5,223.75510266362403,1,True,-0.25437456270857073
STL-VPS,23,121.0,238.09090446703362,1,True,-0.6768620066919695
STL-VPS,24,108.66666412353516,147.02040847466915,1,True,-0.30228634100777274
